payload_bytes,lanes,repeat,pause_ms,send,wait,messages,wall_ns,messages_per_second,cpu_ns_per_message,cpu_cycles_available,cpu_cycles_per_message,prepare_receive_p99_ns,poll_calls,send_busy,wake_calls,queue_full,buffer_waits,receive_segments,sg_writes,sg_messages,sg_ranges,sg_max_messages,sg_max_ranges,app_full,peak_inflight_per_lane
64,1,1,0,copy,spin,65536,81923300,799967.775,3576.279,1,8913.737,251700,5634,1537,0,0,582883,65536,0,0,0,0,0,0,48
64,1,1,0,batch_sg,spin,65536,121574200,539061.742,5722.046,1,13195.092,467600,9730,5633,0,1,958463,65536,4609,65536,131072,16,32,0,88
64,1,1,0,zmq_copy,spin,65536,642189900,102050.811,30040.741,1,72257.438,1463600,388468,365163,0,16,5055693,65536,0,0,0,0,0,19178,128
64,1,1,0,zmq_owned,spin,65536,641149500,102216.410,30279.160,1,71831.103,1456600,410727,388292,0,1,5145647,65536,0,0,0,0,0,17922,128
64,1,1,0,copy,wake,65536,62675300,1045643.180,2861.023,1,6836.494,185000,6657,2560,4096,0,474985,65536,0,0,0,0,0,0,80
64,1,1,0,batch_sg,wake,65536,124775200,525232.578,5722.046,1,13577.552,339000,13293,9178,4096,0,940361,65536,4609,65536,131072,16,32,0,111
64,1,1,0,zmq_copy,wake,65536,643129200,101901.764,30279.160,1,72102.397,1526200,408412,386633,4096,2,5222089,65536,0,0,0,0,0,17650,128
64,1,1,0,zmq_owned,wake,65536,642464900,102007.129,29563.904,1,72030.871,1511800,394387,373429,4096,2,4935520,65536,0,0,0,0,0,16512,128
64,1,1,5,copy,spin,1024,479300900,2136.445,473022.461,1,1121003.609,154900,513051,0,0,1,0,1024,0,0,0,0,0,0,32
64,1,1,5,batch_sg,spin,1024,506583900,2021.383,503540.039,1,1173284.298,564700,573617,0,0,3,0,1024,97,1024,2048,16,32,0,32
64,1,1,5,zmq_copy,spin,1024,483873900,2116.254,457763.672,1,1137086.139,269300,330168,0,0,0,0,1024,0,0,0,0,0,0,32
64,1,1,5,zmq_owned,spin,1024,498013600,2056.169,488281.250,1,1171468.416,558900,348676,0,0,2,0,1024,0,0,0,0,0,0,32
64,1,1,5,copy,wake,1024,489694200,2091.101,0.000,1,21918.457,15207600,149,0,64,0,0,1024,0,0,0,0,0,0,48
64,1,1,5,batch_sg,wake,1024,504233100,2030.807,30517.578,1,26168.414,514800,212,0,64,2,0,1024,97,1024,2048,16,32,0,32
64,1,1,5,zmq_copy,wake,1024,493792500,2073.746,45776.367,1,31179.672,273100,1255,0,64,0,0,1024,0,0,0,0,0,0,32
64,1,1,5,zmq_owned,wake,1024,486181600,2106.209,0.000,1,38340.120,442400,1612,0,64,1,0,1024,0,0,0,0,0,0,32
64,8,1,0,copy,spin,524288,142471300,3679955.191,6049.871,1,14745.587,442400,45193,12296,0,149,5155874,524288,0,0,0,0,0,0,48
64,8,1,0,batch_sg,spin,524288,260714800,2010963.704,11414.289,1,27193.928,670200,77835,45051,0,0,9240999,524288,36872,524288,1048576,16,32,0,88
64,8,1,0,zmq_copy,spin,524288,646054200,811523.244,30487.776,1,73330.919,1492200,1200532,1111783,0,107,26073041,524288,0,0,0,0,0,55880,128
64,8,1,0,zmq_owned,spin,524288,646035800,811546.357,30696.392,1,73362.670,1460200,1238464,1147568,0,3,25736048,524288,0,0,0,0,0,57433,128
64,8,1,0,copy,wake,524288,123013700,4262029.351,5185.604,1,12629.421,430800,53260,20489,32768,128,4280846,524288,0,0,0,0,0,0,80
64,8,1,0,batch_sg,wake,524288,267172300,1962359.122,11533.499,1,27620.339,706300,106386,73548,32768,0,9392941,524288,36872,524288,1048576,16,32,0,111
64,8,1,0,zmq_copy,wake,524288,643658200,814544.117,30815.601,1,73370.218,1485000,1186195,1097170,32768,14,25548423,524288,0,0,0,0,0,56151,128
64,8,1,0,zmq_owned,wake,524288,644785200,813120.400,29504.299,1,73049.791,1500800,1141101,1054035,32768,30,25270631,524288,0,0,0,0,0,53914,128
64,8,1,5,copy,spin,8192,507533100,16140.819,484466.553,1,1180710.149,566600,2488890,0,0,3,0,8192,0,0,0,0,0,0,32
64,8,1,5,batch_sg,spin,8192,496967400,16483.979,488281.250,1,1161785.966,392600,2634607,0,0,2,0,8192,775,8192,16384,16,32,0,32
64,8,1,5,zmq_copy,spin,8192,469544900,17446.681,467300.415,1,1111040.849,353200,1464167,0,0,2,0,8192,0,0,0,0,0,0,32
64,8,1,5,zmq_owned,spin,8192,491408700,16670.442,488281.250,1,1166348.454,683500,1457242,0,0,2,0,8192,0,0,0,0,0,0,32
64,8,1,5,copy,wake,8192,506689600,16167.689,13351.440,1,23494.887,393700,1190,0,512,0,0,8192,0,0,0,0,0,0,32
64,8,1,5,batch_sg,wake,8192,493699800,16593.079,36239.624,1,30142.240,537700,1704,0,512,6,0,8192,773,8192,16384,16,32,0,32
64,8,1,5,zmq_copy,wake,8192,466961900,17543.187,9536.743,1,32551.999,302900,5835,0,512,0,0,8192,0,0,0,0,0,0,32
64,8,1,5,zmq_owned,wake,8192,498532900,16432.215,0.000,1,34259.083,374500,5912,0,512,3,0,8192,0,0,0,0,0,0,32
65536,1,1,0,copy,spin,1024,151841400,6743.879,396728.516,1,944577.245,47411500,1950,841,0,0,538881,2026,0,0,0,0,0,0,126
65536,1,1,0,sg,spin,1024,127440400,8035.129,350952.148,1,812266.824,18400700,1429,1023,0,0,602703,1333,0,0,0,0,0,0,3
65536,1,1,0,zmq_copy,spin,1024,133551400,7667.460,457763.672,1,975272.762,21060700,191,0,0,0,594438,1024,0,0,0,0,0,0,16
65536,1,1,0,zmq_owned,spin,1024,114099700,8974.607,366210.938,1,824273.154,23398100,215,0,0,0,407741,1024,0,0,0,0,0,0,64
65536,1,1,0,copy,wake,1024,202113800,5066.453,503540.039,1,1236194.226,57605800,1038,870,64,0,728263,2026,0,0,0,0,0,0,126
65536,1,1,0,sg,wake,1024,132308300,7739.499,381469.727,1,842489.434,18374900,1085,1083,64,0,564435,1245,0,0,0,0,0,0,3
65536,1,1,0,zmq_copy,wake,1024,125867900,8135.514,366210.938,1,899619.069,20892300,65,0,64,0,561120,1024,0,0,0,0,0,0,32
65536,1,1,0,zmq_owned,wake,1024,89121900,11489.881,228881.836,1,648652.777,25118600,161,16,64,0,360085,1024,0,0,0,0,0,0,111
65536,1,1,5,copy,spin,1024,485150700,2110.684,564575.195,1,1218378.145,9295500,290431,0,0,0,0,1991,0,0,0,0,0,0,32
65536,1,1,5,sg,spin,1024,517013900,1980.604,534057.617,1,1295850.788,3768100,524332,992,0,0,0,1232,0,0,0,0,0,0,3
65536,1,1,5,zmq_copy,spin,1024,510798900,2004.703,503540.039,1,1371452.069,3887600,291332,0,0,0,0,1024,0,0,0,0,0,0,32
65536,1,1,5,zmq_owned,spin,1024,523573100,1955.792,656127.930,1,1405803.489,3194500,317796,0,0,0,0,1024,0,0,0,0,0,0,32
65536,1,1,5,copy,wake,1024,502385900,2038.274,76293.945,1,314033.376,3755500,1145,0,64,0,0,1984,0,0,0,0,0,0,32
65536,1,1,5,sg,wake,1024,498656700,2053.517,244140.625,1,294193.943,3391100,1145,1012,64,0,0,1117,0,0,0,0,0,0,3
65536,1,1,5,zmq_copy,wake,1024,503692300,2032.987,350952.148,1,397873.111,3239300,450,0,64,4,0,1024,0,0,0,0,0,0,32
65536,1,1,5,zmq_owned,wake,1024,467923400,2188.392,274658.203,1,361755.628,3131100,2145,0,64,0,0,1024,0,0,0,0,0,0,32
65536,8,1,0,copy,spin,8192,381335900,21482.373,926971.436,1,2171443.496,103107800,23081,6767,0,0,11413756,16208,0,0,0,0,0,0,127
65536,8,1,0,sg,spin,8192,180743300,45323.948,484466.553,1,1131370.867,25554200,18601,8184,0,0,4863006,9418,0,0,0,0,0,0,3
65536,8,1,0,zmq_copy,spin,8192,170376900,48081.635,513076.782,1,1165748.883,24553300,1647,0,0,0,3933506,8192,0,0,0,0,0,0,32
65536,8,1,0,zmq_owned,spin,8192,149610500,54755.515,419616.699,1,981206.635,30960400,4225,298,0,0,2729920,8192,0,0,0,0,0,0,111
65536,8,1,0,copy,wake,8192,295841400,27690.513,717163.086,1,1686909.315,67547900,8360,7038,512,0,8462182,16211,0,0,0,0,0,1,128
65536,8,1,0,sg,wake,8192,169218900,48410.668,432968.140,1,1043519.892,23953900,8696,8678,512,0,4850576,9613,0,0,0,0,0,0,4
65536,8,1,0,zmq_copy,wake,8192,152152900,53840.577,478744.507,1,1115733.556,22031800,518,0,512,0,4015841,8192,0,0,0,0,0,0,32
65536,8,1,0,zmq_owned,wake,8192,147805300,55424.264,452041.626,1,1014184.864,29209500,3787,558,512,0,2680330,8192,0,0,0,0,0,0,115
65536,8,1,5,copy,spin,8192,494736700,16558.303,467300.415,1,1265590.448,28072400,1053356,0,0,0,0,15911,0,0,0,0,0,0,92
65536,8,1,5,sg,spin,8192,501944500,16320.529,558853.149,1,1340984.623,7312700,1642907,7936,0,1,0,8920,0,0,0,0,0,0,3
65536,8,1,5,zmq_copy,spin,8192,488104600,16783.288,600814.819,1,1534203.290,7259500,773834,0,0,1,0,8192,0,0,0,0,0,0,32
65536,8,1,5,zmq_owned,spin,8192,463477200,17675.087,640869.141,1,1441840.549,5180600,950846,0,0,0,0,8192,0,0,0,0,0,0,32
65536,8,1,5,copy,wake,8192,478751200,17111.184,329971.313,1,899712.969,28984900,118334,0,512,1,0,15925,0,0,0,0,0,0,87
65536,8,1,5,sg,wake,8192,484059100,16923.553,120162.964,1,510856.774,5262900,9157,8125,512,1,0,8815,0,0,0,0,0,0,3
65536,8,1,5,zmq_copy,wake,8192,494581600,16563.495,734329.224,1,716037.174,5647800,13650,0,512,0,0,8192,0,0,0,0,0,0,32
65536,8,1,5,zmq_owned,wake,8192,501950800,16320.325,619888.306,1,610912.230,4454500,19722,0,512,1,0,8192,0,0,0,0,0,0,32
65536,8,2,0,sg,wake,8192,174344300,46987.484,448226.929,1,1046434.990,23803400,8688,8670,512,0,4735786,9824,0,0,0,0,0,0,4
65536,8,2,0,zmq_copy,wake,8192,164844300,49695.379,465393.066,1,1156260.107,28037900,523,0,512,0,4122598,8192,0,0,0,0,0,0,48
65536,8,2,0,zmq_owned,wake,8192,159524300,51352.678,473022.461,1,1092698.955,37795900,4771,1182,512,0,3024517,8192,0,0,0,0,0,0,117
65536,8,2,0,copy,wake,8192,368260800,22245.105,829696.655,1,2039182.050,89391600,8348,7018,512,0,8904211,16209,0,0,0,0,0,2,128
65536,8,2,0,sg,spin,8192,201476600,40659.809,526428.223,1,1239167.871,27991900,14235,8184,0,0,4905984,10060,0,0,0,0,0,0,3
65536,8,2,0,zmq_copy,spin,8192,182210900,44958.891,392913.818,1,1010704.348,32089300,2006,0,0,0,2308588,8192,0,0,0,0,0,0,33
65536,8,2,0,zmq_owned,spin,8192,164138400,49909.101,431060.791,1,1012331.489,35722900,5035,1137,0,0,2586148,8192,0,0,0,0,0,0,126
65536,8,2,0,copy,spin,8192,304054300,26942.556,751495.361,1,1786510.612,74262200,13849,6727,0,0,8943562,16208,0,0,0,0,0,0,127
65536,8,2,5,sg,wake,8192,488521800,16768.955,89645.386,1,506549.688,5195000,9156,8122,512,0,0,8882,0,0,0,0,0,0,3
65536,8,2,5,zmq_copy,wake,8192,499842300,16389.169,356674.194,1,656724.406,5111700,1770,0,512,3,0,8192,0,0,0,0,0,0,32
65536,8,2,5,zmq_owned,wake,8192,498079500,16447.174,183105.469,1,606265.370,4314400,24436,0,512,0,0,8192,0,0,0,0,0,0,32
65536,8,2,5,copy,wake,8192,513857800,15942.154,461578.369,1,900698.399,28674500,80259,0,512,0,0,15890,0,0,0,0,0,0,87
65536,8,2,5,sg,spin,8192,501639600,16330.449,602722.168,1,1336918.701,7113800,1900176,7936,0,0,0,11143,0,0,0,0,0,0,3
65536,8,2,5,zmq_copy,spin,8192,497599200,16463.049,728607.178,1,1626766.125,7933600,683225,0,0,1,0,8192,0,0,0,0,0,0,32
65536,8,2,5,zmq_owned,spin,8192,508611900,16106.583,974655.151,1,1530948.057,5496900,953655,0,0,1,0,8192,0,0,0,0,0,0,32
65536,8,2,5,copy,spin,8192,497367700,16470.712,486373.901,1,1322501.897,24148300,1111103,0,0,0,0,15896,0,0,0,0,0,0,83
65536,1,2,0,sg,wake,1024,135071100,7581.192,381469.727,1,855363.256,19811100,1084,1082,64,0,535563,1285,0,0,0,0,0,0,5
65536,1,2,0,zmq_copy,wake,1024,110358600,9278.842,320434.570,1,813712.002,19752700,65,0,64,0,444971,1024,0,0,0,0,0,0,32
65536,1,2,0,zmq_owned,wake,1024,103814300,9863.766,289916.992,1,746889.872,17884400,86,0,64,0,434538,1024,0,0,0,0,0,0,32
65536,1,2,0,copy,wake,1024,144689400,7077.229,350952.148,1,862361.614,35549400,1058,872,64,0,558954,2026,0,0,0,0,0,0,126
65536,1,2,0,sg,spin,1024,136421200,7506.165,381469.727,1,868884.021,18146900,1322,1023,0,0,527408,1133,0,0,0,0,0,0,3
65536,1,2,0,zmq_copy,spin,1024,114418700,8949.586,335693.359,1,826139.097,19224500,332,0,0,0,491240,1024,0,0,0,0,0,0,31
65536,1,2,0,zmq_owned,spin,1024,99905900,10249.645,289916.992,1,723968.978,22879000,349,0,0,0,405428,1024,0,0,0,0,0,0,96
65536,1,2,0,copy,spin,1024,155806700,6572.246,396728.516,1,912989.200,40688600,1483,820,0,0,687956,2026,0,0,0,0,0,0,126
65536,1,2,5,sg,wake,1024,488318700,2096.991,0.000,1,388827.089,4308500,1145,1014,64,0,0,1102,0,0,0,0,0,0,3
65536,1,2,5,zmq_copy,wake,1024,487137300,2102.077,259399.414,1,442592.021,5736500,419,0,64,1,0,1024,0,0,0,0,0,0,32
65536,1,2,5,zmq_owned,wake,1024,498808300,2052.893,0.000,1,468326.358,4640800,2342,0,64,2,0,1024,0,0,0,0,0,0,32
65536,1,2,5,copy,wake,1024,506716600,2020.853,0.000,1,439242.769,5528800,1146,0,64,0,0,1984,0,0,0,0,0,0,32
65536,1,2,5,sg,spin,1024,493776600,2073.812,473022.461,1,1238490.512,5757700,302440,992,0,0,0,1433,0,0,0,0,0,0,3
65536,1,2,5,zmq_copy,spin,1024,503397100,2034.179,503540.039,1,1369664.957,3801700,230765,0,0,0,0,1024,0,0,0,0,0,0,32
65536,1,2,5,zmq_owned,spin,1024,494924100,2069.004,488281.250,1,1350512.189,4504200,224884,0,0,0,0,1024,0,0,0,0,0,0,32
65536,1,2,5,copy,spin,1024,501836900,2040.504,488281.250,1,1253394.247,7027000,392554,0,0,0,0,1993,0,0,0,0,0,0,32
64,8,2,0,batch_sg,wake,524288,258336900,2029473.916,11444.092,1,26945.297,649900,106396,73346,32768,0,9433196,524288,36881,524288,1048576,16,32,0,111
64,8,2,0,zmq_copy,wake,524288,644816200,813081.309,30815.601,1,72518.557,1512300,1101660,1018205,32768,166,24660519,524288,0,0,0,0,0,50507,128
64,8,2,0,zmq_owned,wake,524288,648870700,808000.731,29981.136,1,72937.805,1583700,1052443,961178,32768,34,22948951,524288,0,0,0,0,0,56827,128
64,8,2,0,copy,wake,524288,138541500,3784338.989,5781.651,1,14382.559,500500,53255,20485,32768,163,4455009,524288,0,0,0,0,0,0,80
64,8,2,0,batch_sg,spin,524288,258954500,2024633.671,10907.650,1,27053.930,656100,77913,45047,0,0,8869056,524288,36872,524288,1048576,16,32,0,88
64,8,2,0,zmq_copy,spin,524288,645158900,812649.411,30666.590,1,72355.993,1535100,1111471,1023189,0,163,24068266,524288,0,0,0,0,0,54038,128
64,8,2,0,zmq_owned,spin,524288,643084700,815270.523,30905.008,1,72937.875,1497400,1134865,1045193,0,15,24403171,524288,0,0,0,0,0,56360,128
64,8,2,0,copy,spin,524288,153280300,3420452.596,6586.313,1,15512.730,426200,45109,12296,0,101,5082468,524288,0,0,0,0,0,0,48
64,8,2,5,batch_sg,wake,8192,498303800,16439.770,0.000,1,31454.870,541400,1647,0,512,0,0,8192,771,8192,16384,16,32,0,32
64,8,2,5,zmq_copy,wake,8192,494839400,16554.866,0.000,1,39219.938,829800,6169,0,512,5,0,8192,0,0,0,0,0,0,32
64,8,2,5,zmq_owned,wake,8192,496221700,16508.750,0.000,1,43456.154,640900,6370,0,512,6,0,8192,0,0,0,0,0,0,32
64,8,2,5,copy,wake,8192,493538500,16598.502,0.000,1,25931.575,540000,1121,0,512,2,0,8192,0,0,0,0,0,0,32
64,8,2,5,batch_sg,spin,8192,495400800,16536.106,486373.901,1,1157077.241,303900,2978389,0,0,1,0,8192,785,8192,16384,16,32,0,32
64,8,2,5,zmq_copy,spin,8192,490739400,16693.178,495910.645,1,1158186.331,391000,1442372,0,0,3,0,8192,0,0,0,0,0,0,32
64,8,2,5,zmq_owned,spin,8192,506377700,16177.648,488281.250,1,1190591.780,393200,1372997,0,0,4,0,8192,0,0,0,0,0,0,32
64,8,2,5,copy,spin,8192,503157600,16281.181,488281.250,1,1175925.673,256600,2911796,0,0,7,0,8192,0,0,0,0,0,0,32
64,1,2,0,batch_sg,wake,65536,175048700,374387.242,7867.813,1,19121.135,479300,13304,9207,4096,0,942745,65536,4609,65536,131072,16,32,0,102
64,1,2,0,zmq_copy,wake,65536,641502000,102160.243,30755.997,1,72357.249,1478700,289772,273289,4096,0,3622632,65536,0,0,0,0,0,12369,128
64,1,2,0,zmq_owned,wake,65536,644078400,101751.588,30279.160,1,73248.884,1574000,224756,206945,4096,0,3059263,65536,0,0,0,0,0,13462,128
64,1,2,0,copy,wake,65536,131163800,499650.056,6437.302,1,14343.008,476700,6657,2560,4096,0,522566,65536,0,0,0,0,0,0,80
64,1,2,0,batch_sg,spin,65536,201718300,324888.719,9298.325,1,21857.196,591700,9730,5633,0,0,972402,65536,4609,65536,131072,16,32,0,88
64,1,2,0,zmq_copy,spin,65536,642940700,101931.640,30517.578,1,72489.472,1722200,279418,262952,0,6,3868594,65536,0,0,0,0,0,12349,128
64,1,2,0,zmq_owned,spin,65536,642054800,102072.284,30279.160,1,72284.207,1521400,320090,303994,0,1,4054743,65536,0,0,0,0,0,11770,128
64,1,2,0,copy,spin,65536,100462700,652341.615,4291.534,1,10951.055,282400,5634,1537,0,0,635278,65536,0,0,0,0,0,0,48
64,1,2,5,batch_sg,wake,1024,485214600,2110.406,0.000,1,26374.239,15616500,212,0,64,0,0,1024,97,1024,2048,16,32,0,47
64,1,2,5,zmq_copy,wake,1024,515714200,1985.596,0.000,1,33544.495,489900,1180,0,64,0,0,1024,0,0,0,0,0,0,32
64,1,2,5,zmq_owned,wake,1024,486692100,2104.000,0.000,1,33173.790,311200,1190,0,64,1,0,1024,0,0,0,0,0,0,32
64,1,2,5,copy,wake,1024,489606400,2091.476,45776.367,1,28925.236,554900,157,0,64,0,0,1024,0,0,0,0,0,0,32
64,1,2,5,batch_sg,spin,1024,482556100,2122.033,503540.039,1,1128513.935,403300,499371,0,0,0,0,1024,96,1024,2048,16,32,0,32
64,1,2,5,zmq_copy,spin,1024,516468700,1982.695,549316.406,1,1221615.133,348100,312964,0,0,3,0,1024,0,0,0,0,0,0,32
64,1,2,5,zmq_owned,spin,1024,520586900,1967.011,503540.039,1,1215829.234,993800,374887,0,0,2,0,1024,0,0,0,0,0,0,32
64,1,2,5,copy,spin,1024,486483700,2104.901,473022.461,1,1135718.350,372400,551805,0,0,0,0,1024,0,0,0,0,0,0,32
64,1,3,0,zmq_copy,spin,65536,641848000,102105.171,29563.904,1,72258.951,1502300,282369,267022,0,0,3760829,65536,0,0,0,0,0,11226,128
64,1,3,0,zmq_owned,spin,65536,641627100,102140.324,30040.741,1,72094.053,1471900,297040,282508,0,1,3921578,65536,0,0,0,0,0,10322,128
64,1,3,0,copy,spin,65536,79141000,828091.634,3576.279,1,8621.361,266100,5633,1537,0,1,459182,65536,0,0,0,0,0,0,48
64,1,3,0,batch_sg,spin,65536,180010400,364067.854,8583.069,1,19621.356,467200,9730,5629,0,0,1031910,65536,4609,65536,131072,16,32,0,88
64,1,3,0,zmq_copy,wake,65536,641770100,102117.565,30517.578,1,72587.298,1512900,249913,233690,4096,3,3433465,65536,0,0,0,0,0,12112,128
64,1,3,0,zmq_owned,wake,65536,641893000,102098.013,29802.322,1,72192.355,1511800,298015,282260,4096,1,3865339,65536,0,0,0,0,0,11521,128
64,1,3,0,copy,wake,65536,83083100,788800.610,3576.279,1,9011.717,344800,6656,2559,4096,5,525344,65536,0,0,0,0,0,0,80
64,1,3,0,batch_sg,wake,65536,174716200,375099.733,7867.813,1,19045.205,475700,13306,9208,4096,0,1044648,65536,4609,65536,131072,16,32,0,102
64,1,3,5,zmq_copy,spin,1024,484792100,2112.246,488281.250,1,1138564.299,1107300,337729,0,0,0,0,1024,0,0,0,0,0,0,32
64,1,3,5,zmq_owned,spin,1024,504367400,2030.266,488281.250,1,1188530.447,505500,379139,0,0,1,0,1024,0,0,0,0,0,0,32
64,1,3,5,copy,spin,1024,488125700,2097.820,473022.461,1,1142765.135,146900,629768,0,0,2,0,1024,0,0,0,0,0,0,32
64,1,3,5,batch_sg,spin,1024,496783400,2061.261,488281.250,1,1162607.369,168200,639685,0,0,0,0,1024,96,1024,2048,16,32,0,32
64,1,3,5,zmq_copy,wake,1024,477368000,2145.096,30517.578,1,35721.983,803600,1459,0,64,0,0,1024,0,0,0,0,0,0,32
64,1,3,5,zmq_owned,wake,1024,473399100,2163.080,45776.367,1,35202.055,540100,1509,0,64,3,0,1024,0,0,0,0,0,0,32
64,1,3,5,copy,wake,1024,478443300,2140.275,15258.789,1,20359.600,536700,149,0,64,2,0,1024,0,0,0,0,0,0,32
64,1,3,5,batch_sg,wake,1024,452837400,2261.297,0.000,1,22655.435,535400,208,0,64,3,0,1024,96,1024,2048,16,32,0,32
64,8,3,0,zmq_copy,spin,524288,644085200,814004.110,30457.973,1,73033.759,1488600,1208647,1118638,0,145,26463411,524288,0,0,0,0,0,56846,128
64,8,3,0,zmq_owned,spin,524288,645284200,812491.612,30368.567,1,73107.112,1535400,1140143,1051740,0,75,25347962,524288,0,0,0,0,0,54723,128
64,8,3,0,copy,spin,524288,145484200,3603745.286,6496.906,1,14786.247,418800,45111,12296,0,8,5063431,524288,0,0,0,0,0,0,48
64,8,3,0,batch_sg,spin,524288,238411700,2199086.706,10520.220,1,25216.090,583800,77881,45060,0,0,8905351,524288,36872,524288,1048576,16,32,0,88
64,8,3,0,zmq_copy,wake,524288,644165000,813903.270,29832.125,1,73165.917,1525500,1148460,1061529,32768,106,25634259,524288,0,0,0,0,0,54023,128
64,8,3,0,zmq_owned,wake,524288,644364200,813651.658,30577.183,1,73335.629,1528400,1066961,979659,32768,1503,24090517,524288,0,0,0,0,0,54163,128
64,8,3,0,copy,wake,524288,123629900,4240786.412,5036.592,1,12689.391,438300,53256,20485,32768,55,4327418,524288,0,0,0,0,0,0,80
64,8,3,0,batch_sg,wake,524288,252964800,2072572.943,11384.487,1,27008.411,668500,106452,73683,32768,1,9359427,524288,36872,524288,1048576,16,32,0,111
64,8,3,5,zmq_copy,spin,8192,464835800,17623.427,446319.580,1,1087362.948,736900,1426982,0,0,2,0,8192,0,0,0,0,0,0,32
64,8,3,5,zmq_owned,spin,8192,481182600,17024.722,471115.112,1,1138430.944,347400,1496643,0,0,5,0,8192,0,0,0,0,0,0,32
64,8,3,5,copy,spin,8192,469225400,17458.560,450134.277,1,1095605.263,620800,2876141,0,0,2,0,8192,0,0,0,0,0,0,32
64,8,3,5,batch_sg,spin,8192,473293100,17308.513,453948.975,1,1106090.667,667300,2824961,0,0,1,0,8192,779,8192,16384,16,32,0,32
64,8,3,5,zmq_copy,wake,8192,492465400,16634.671,0.000,1,35728.273,463500,6037,0,512,1,0,8192,0,0,0,0,0,0,32
64,8,3,5,zmq_owned,wake,8192,515700100,15885.201,32424.927,1,37778.846,508100,5873,0,512,5,0,8192,0,0,0,0,0,0,48
64,8,3,5,copy,wake,8192,494131400,16578.586,15258.789,1,24932.880,411500,1175,0,512,3,0,8192,0,0,0,0,0,0,32
64,8,3,5,batch_sg,wake,8192,496201900,16509.409,0.000,1,26112.487,413400,1749,0,512,3,0,8192,769,8192,16384,16,32,0,32
65536,1,3,0,zmq_copy,spin,1024,106188900,9643.192,320434.570,1,778443.543,19148700,286,0,0,0,520720,1024,0,0,0,0,0,0,32
65536,1,3,0,zmq_owned,spin,1024,82947200,12345.203,289916.992,1,596674.729,17421700,441,17,0,0,442548,1024,0,0,0,0,0,0,111
65536,1,3,0,copy,spin,1024,115918300,8833.808,305175.781,1,694195.192,33688100,1562,819,0,0,484483,2026,0,0,0,0,0,0,126
65536,1,3,0,sg,spin,1024,117502200,8714.730,335693.359,1,739195.706,17181600,1218,1023,0,0,509598,1227,0,0,0,0,0,0,3
65536,1,3,0,zmq_copy,wake,1024,105468000,9709.106,274658.203,1,760440.331,19279300,65,0,64,0,467048,1024,0,0,0,0,0,0,32
65536,1,3,0,zmq_owned,wake,1024,104799500,9771.039,320434.570,1,756255.862,25137300,196,64,64,0,441545,1024,0,0,0,0,0,0,111
65536,1,3,0,copy,wake,1024,122031300,8391.290,289916.992,1,734520.310,36693000,1060,873,64,0,492510,2026,0,0,0,0,0,0,126
65536,1,3,0,sg,wake,1024,126293000,8108.130,335693.359,1,803126.287,17061200,1086,1084,64,0,576902,1433,0,0,0,0,0,0,3
65536,1,3,5,zmq_copy,spin,1024,507798800,2016.547,534057.617,1,1368854.291,3464900,284306,0,0,2,0,1024,0,0,0,0,0,0,32
65536,1,3,5,zmq_owned,spin,1024,508654000,2013.156,503540.039,1,1371026.163,3112300,300069,0,0,0,0,1024,0,0,0,0,0,0,32
65536,1,3,5,copy,spin,1024,526121100,1946.320,640869.141,1,1306124.936,6176100,446405,0,0,0,0,1992,0,0,0,0,0,0,32
65536,1,3,5,sg,spin,1024,504594500,2029.352,518798.828,1,1273740.283,21137700,422778,992,0,1,0,1308,0,0,0,0,0,0,3
65536,1,3,5,zmq_copy,wake,1024,489477400,2092.027,152587.891,1,401989.052,3673700,195,0,64,0,0,1024,0,0,0,0,0,0,32
65536,1,3,5,zmq_owned,wake,1024,508561100,2013.524,15258.789,1,381545.941,2880800,12703,0,64,0,0,1024,0,0,0,0,0,0,32
65536,1,3,5,copy,wake,1024,470392400,2176.906,15258.789,1,343485.106,18008700,19248,0,64,1,0,1986,0,0,0,0,0,0,59
65536,1,3,5,sg,wake,1024,508048700,2015.555,274658.203,1,288387.712,3302700,1146,1016,64,1,0,1094,0,0,0,0,0,0,3
65536,8,3,0,zmq_copy,spin,8192,155583600,52653.364,486373.901,1,1123645.978,23510400,1546,0,0,0,4132587,8192,0,0,0,0,0,0,32
65536,8,3,0,zmq_owned,spin,8192,145463100,56316.688,453948.975,1,1020880.919,28969300,4126,213,0,0,2964000,8192,0,0,0,0,0,0,110
65536,8,3,0,copy,spin,8192,285419500,28701.613,690460.205,1,1683085.400,67589900,12806,6740,0,0,8632109,16209,0,0,0,0,0,0,127
65536,8,3,0,sg,spin,8192,173264900,47280.205,452041.626,1,1073083.026,24681700,14088,8184,0,0,4792227,9441,0,0,0,0,0,0,3
65536,8,3,0,zmq_copy,wake,8192,163923300,49974.592,501632.690,1,1168603.961,28103300,525,0,512,0,4303641,8192,0,0,0,0,0,0,49
65536,8,3,0,zmq_owned,wake,8192,145966900,56122.313,413894.653,1,950152.959,29131800,5052,1159,512,0,2356673,8192,0,0,0,0,0,0,119
65536,8,3,0,copy,wake,8192,362211700,22616.608,860214.233,1,2032421.143,91318700,8347,7040,512,0,9922453,16208,0,0,0,0,0,1,128
65536,8,3,0,sg,wake,8192,176266500,46475.082,459671.021,1,1077897.373,25031900,8696,8680,512,0,4766365,9421,0,0,0,0,0,0,4
65536,8,3,5,zmq_copy,spin,8192,491098700,16680.965,558853.149,1,1576450.924,7093400,730934,0,0,0,0,8192,0,0,0,0,0,0,32
65536,8,3,5,zmq_owned,spin,8192,496690500,16493.168,486373.901,1,1524002.467,5492700,1013504,0,0,1,0,8192,0,0,0,0,0,0,32
65536,8,3,5,copy,spin,8192,467612400,17518.783,526428.223,1,1238458.031,27844800,1063062,0,0,0,0,15926,0,0,0,0,0,0,91
65536,8,3,5,sg,spin,8192,492095700,16647.168,503540.039,1,1299276.687,5806200,2079600,7934,0,1,0,9915,0,0,0,0,0,0,3
65536,8,3,5,zmq_copy,wake,8192,485582500,16870.460,379562.378,1,684720.586,5264500,1458,0,512,0,0,8192,0,0,0,0,0,0,32
65536,8,3,5,zmq_owned,wake,8192,512180400,15994.364,494003.296,1,593271.788,4140800,24892,0,512,2,0,8192,0,0,0,0,0,0,32
65536,8,3,5,copy,wake,8192,505955900,16191.134,457763.672,1,891706.564,23233700,100165,0,512,0,0,15896,0,0,0,0,0,0,87
65536,8,3,5,sg,wake,8192,488672200,16763.794,99182.129,1,561773.943,5799900,18730,8137,512,1,0,9162,0,0,0,0,0,0,4
65536,8,4,0,zmq_owned,wake,8192,167499100,48907.725,459671.021,1,1071245.598,33067300,7070,4392,512,0,2407855,8192,0,0,0,0,0,0,127
65536,8,4,0,copy,wake,8192,319298500,25656.243,776290.894,1,1865007.877,82580100,8344,6996,512,0,9327193,16208,0,0,0,0,0,0,127
65536,8,4,0,sg,wake,8192,176392200,46441.963,432968.140,1,1068954.079,24480800,8701,8683,512,0,4895018,9842,0,0,0,0,0,0,5
65536,8,4,0,zmq_copy,wake,8192,162418500,50437.604,440597.534,1,1099086.951,28210000,521,0,512,0,3811795,8192,0,0,0,0,0,0,47
65536,8,4,0,zmq_owned,spin,8192,170147700,48146.405,375747.681,1,952244.262,43122400,4398,578,0,0,2013304,8192,0,0,0,0,0,0,114
65536,8,4,0,copy,spin,8192,352122800,23264.611,820159.912,1,1871951.980,86740300,13635,6768,0,0,8260116,16209,0,0,0,0,0,0,127
65536,8,4,0,sg,spin,8192,182033500,45002.706,450134.277,1,1110625.490,24823100,13822,8184,0,0,4939538,9412,0,0,0,0,0,0,3
65536,8,4,0,zmq_copy,spin,8192,165794600,49410.536,440597.534,1,1065008.476,25443400,1364,0,0,0,3326176,8192,0,0,0,0,0,0,32
65536,8,4,5,zmq_owned,wake,8192,537416000,15243.312,1907.349,1,590738.736,4155000,32513,0,512,1,0,8192,0,0,0,0,0,0,32
65536,8,4,5,copy,wake,8192,505826700,16195.270,242233.276,1,841312.221,26222300,131270,0,512,1,0,15907,0,0,0,0,0,0,87
65536,8,4,5,sg,wake,8192,526019000,15573.582,274658.203,1,474285.836,4887200,9182,8138,512,0,0,8727,0,0,0,0,0,0,4
65536,8,4,5,zmq_copy,wake,8192,494977500,16550.247,72479.248,1,751032.357,7969700,1644,0,512,1,0,8192,0,0,0,0,0,0,32
65536,8,4,5,zmq_owned,spin,8192,491856400,16655.268,562667.847,1,1509897.410,5530800,1062342,0,0,1,0,8192,0,0,0,0,0,0,32
65536,8,4,5,copy,spin,8192,497502900,16466.236,534057.617,1,1335363.795,21690900,1363259,0,0,2,0,15885,0,0,0,0,0,0,72
65536,8,4,5,sg,spin,8192,470499200,17411.294,478744.507,1,1250842.222,5648000,1882166,7935,0,1,0,8993,0,0,0,0,0,0,3
65536,8,4,5,zmq_copy,spin,8192,491796900,16657.283,524520.874,1,1481046.605,5447300,957274,0,0,0,0,8192,0,0,0,0,0,0,32
65536,1,4,0,zmq_owned,wake,1024,118188900,8664.096,335693.359,1,850412.102,25830600,91,13,64,0,438596,1024,0,0,0,0,0,0,111
65536,1,4,0,copy,wake,1024,139706600,7329.647,335693.359,1,817680.835,35228000,1057,870,64,0,538466,2026,0,0,0,0,0,0,126
65536,1,4,0,sg,wake,1024,135393800,7563.123,320434.570,1,849674.899,19757900,1086,1084,64,0,626766,1125,0,0,0,0,0,0,3
65536,1,4,0,zmq_copy,wake,1024,100932700,10145.374,366210.938,1,734204.321,19835300,65,0,64,0,389215,1024,0,0,0,0,0,0,32
65536,1,4,0,zmq_owned,spin,1024,101486700,10089.992,289916.992,1,743563.291,17986300,409,0,0,0,472847,1024,0,0,0,0,0,0,32
65536,1,4,0,copy,spin,1024,145605700,7032.692,350952.148,1,836692.777,38079600,1481,820,0,0,542795,2026,0,0,0,0,0,0,126
65536,1,4,0,sg,spin,1024,131868500,7765.312,350952.148,1,855378.928,17640700,1521,1023,0,0,623639,1034,0,0,0,0,0,0,3
65536,1,4,0,zmq_copy,spin,1024,126309200,8107.090,381469.727,1,897100.357,20863200,332,0,0,0,476702,1024,0,0,0,0,0,0,32
65536,1,4,5,zmq_owned,wake,1024,531649800,1926.080,76293.945,1,392176.812,3033500,13962,0,64,0,0,1024,0,0,0,0,0,0,32
65536,1,4,5,copy,wake,1024,493781500,2073.792,183105.469,1,327087.770,3908800,1139,0,64,2,0,1984,0,0,0,0,0,0,32
65536,1,4,5,sg,wake,1024,461680600,2217.984,335693.359,1,271394.418,2979700,1147,1019,64,0,0,1033,0,0,0,0,0,0,3
65536,1,4,5,zmq_copy,wake,1024,479456400,2135.752,30517.578,1,354757.507,2909400,230,0,64,0,0,1024,0,0,0,0,0,0,32
65536,1,4,5,zmq_owned,spin,1024,487801000,2099.217,488281.250,1,1312397.079,2816600,316524,0,0,0,0,1024,0,0,0,0,0,0,32
65536,1,4,5,copy,spin,1024,506291700,2022.549,503540.039,1,1271283.322,6286200,537506,0,0,0,0,1992,0,0,0,0,0,0,32
65536,1,4,5,sg,spin,1024,519099900,1972.645,549316.406,1,1298300.254,3332300,560275,992,0,0,0,1342,0,0,0,0,0,0,3
65536,1,4,5,zmq_copy,spin,1024,506756000,2020.696,625610.352,1,1367454.019,3253800,306819,0,0,0,0,1024,0,0,0,0,0,0,32
64,8,4,0,zmq_owned,wake,524288,644723700,813197.964,30368.567,1,73379.096,1509000,1121554,1032983,32768,25,25710845,524288,0,0,0,0,0,55453,128
64,8,4,0,copy,wake,524288,126350100,4149486.229,5692.244,1,12974.144,441300,53255,20485,32768,28,4264867,524288,0,0,0,0,0,0,80
64,8,4,0,batch_sg,wake,524288,259030300,2024041.203,11473.894,1,26929.883,654900,106432,73625,32768,0,9316196,524288,36874,524288,1048576,16,32,0,111
64,8,4,0,zmq_copy,wake,524288,645894500,811723.896,31262.636,1,73149.090,1460200,1173209,1087160,32768,96,26044007,524288,0,0,0,0,0,52765,128
64,8,4,0,zmq_owned,spin,524288,645539800,812169.908,30755.997,1,73398.582,1463800,1177106,1088681,0,5,26271161,524288,0,0,0,0,0,54890,128
64,8,4,0,copy,spin,524288,140208500,3739345.332,6288.290,1,14358.301,428500,45166,12296,0,150,4947960,524288,0,0,0,0,0,0,48
64,8,4,0,batch_sg,spin,524288,240860500,2176728.853,10728.836,1,25347.826,621700,79769,45049,0,0,8889001,524288,36878,524288,1048576,16,32,0,88
64,8,4,0,zmq_copy,spin,524288,646777200,810616.082,30368.567,1,72644.284,1821000,1142287,1056323,0,44,25416052,524288,0,0,0,0,0,53000,128
64,8,4,5,zmq_owned,wake,8192,507642200,16137.350,0.000,1,42775.833,514900,6380,0,512,5,0,8192,0,0,0,0,0,0,32
64,8,4,5,copy,wake,8192,500803300,16357.720,1907.349,1,25496.080,2777100,1144,0,512,6,0,8192,0,0,0,0,0,0,32
64,8,4,5,batch_sg,wake,8192,475716500,17220.340,0.000,1,29149.388,445700,1666,0,512,7,0,8192,772,8192,16384,16,32,0,32
64,8,4,5,zmq_copy,wake,8192,490053000,16716.559,0.000,1,35391.533,391300,5916,0,512,2,0,8192,0,0,0,0,0,0,32
64,8,4,5,zmq_owned,spin,8192,450794900,18172.344,438690.186,1,1061545.393,773700,1413946,0,0,4,0,8192,0,0,0,0,0,0,32
64,8,4,5,copy,spin,8192,485989800,16856.321,471115.112,1,1131916.414,405200,2908993,0,0,1,0,8192,0,0,0,0,0,0,32
64,8,4,5,batch_sg,spin,8192,487549600,16802.393,471115.112,1,1137888.064,483900,3032514,0,0,5,0,8192,774,8192,16384,16,32,0,32
64,8,4,5,zmq_copy,spin,8192,500863100,16355.767,482559.204,1,1177330.433,1148600,1498230,0,0,2,0,8192,0,0,0,0,0,0,32
64,1,4,0,zmq_owned,wake,65536,644410500,101699.150,30040.741,1,72518.232,1519800,239639,222865,4096,0,3211162,65536,0,0,0,0,0,12500,128
64,1,4,0,copy,wake,65536,122236500,536141.005,5722.046,1,13318.102,458100,6658,2561,4096,4,592432,65536,0,0,0,0,0,0,80
64,1,4,0,batch_sg,wake,65536,224492900,291929.054,9775.162,1,23627.613,656000,13306,9069,4096,0,1112072,65536,4611,65536,131072,16,32,0,102
64,1,4,0,zmq_copy,wake,65536,641824000,102108.989,29563.904,1,72136.884,1530200,278079,260993,4096,2,3687815,65536,0,0,0,0,0,12973,128
64,1,4,0,zmq_owned,spin,65536,647644900,101191.255,30279.160,1,72534.528,1793000,274774,255111,0,0,3760979,65536,0,0,0,0,0,12718,128
64,1,4,0,copy,spin,65536,86534300,757341.309,3576.279,1,9382.267,402000,5633,1537,0,2,493729,65536,0,0,0,0,0,0,48
64,1,4,0,batch_sg,spin,65536,170674200,383983.051,7867.813,1,18606.993,473900,9730,5632,0,0,1085378,65536,4609,65536,131072,16,32,0,88
64,1,4,0,zmq_copy,spin,65536,649384800,100920.132,30517.578,1,72166.877,1724900,303264,284688,0,1,3823485,65536,0,0,0,0,0,10694,128
64,1,4,5,zmq_owned,wake,1024,492366400,2079.752,0.000,1,34003.158,1021000,1243,0,64,0,0,1024,0,0,0,0,0,0,32
64,1,4,5,copy,wake,1024,488617700,2095.708,0.000,1,22410.792,313700,151,0,64,2,0,1024,0,0,0,0,0,0,32
64,1,4,5,batch_sg,wake,1024,467652800,2189.659,0.000,1,28342.857,437500,214,0,64,3,0,1024,96,1024,2048,16,32,0,32
64,1,4,5,zmq_copy,wake,1024,467368300,2190.992,61035.156,1,51899.697,7032000,5069,0,64,6,0,1024,0,0,0,0,0,0,32
64,1,4,5,zmq_owned,spin,1024,499974000,2048.107,488281.250,1,1173554.678,329100,287226,0,0,0,0,1024,0,0,0,0,0,0,32
64,1,4,5,copy,spin,1024,503175200,2035.076,503540.039,1,1166270.506,286100,621955,0,0,1,0,1024,0,0,0,0,0,0,32
64,1,4,5,batch_sg,spin,1024,465205700,2201.177,457763.672,1,1082731.088,397700,614920,0,0,1,0,1024,102,1024,2048,16,32,0,32
64,1,4,5,zmq_copy,spin,1024,496499000,2062.441,457763.672,1,1175977.746,305700,375934,0,0,1,0,1024,0,0,0,0,0,0,32
