engine,engine_order,payload_bytes,lanes,repeat,order,lane,connections,messages,start_offset_ns,finish_offset_ns,burst_p99_ns,poll_calls,send_retries
flowmq,0,64,1,1,0,0,8,2097152,10400,1152434700,670300,8192,0
libzmq,1,64,1,1,0,0,8,2097152,5700,877497500,779200,0,0
libzmq,0,64,2,1,1,0,4,1048576,8600,558669200,560100,0,0
libzmq,0,64,2,1,1,1,4,1048576,5100,554741200,520700,0,0
flowmq,1,64,2,1,1,0,4,1048576,5100,752461000,489500,8192,0
flowmq,1,64,2,1,1,1,4,1048576,6300,743513500,502900,8192,0
flowmq,0,64,4,1,2,0,2,524288,16200,460267500,268200,8192,0
flowmq,0,64,4,1,2,1,2,524288,21900,467007700,270300,8192,0
flowmq,0,64,4,1,2,2,2,524288,12300,464662300,276600,8192,0
flowmq,0,64,4,1,2,3,2,524288,18200,454780600,269600,8192,0
libzmq,1,64,4,1,2,0,2,524288,10700,426979800,402900,0,0
libzmq,1,64,4,1,2,1,2,524288,9700,417672700,390200,0,0
libzmq,1,64,4,1,2,2,2,524288,11200,423707300,394900,0,0
libzmq,1,64,4,1,2,3,2,524288,13400,422226100,414000,0,0
libzmq,0,64,8,1,3,0,1,262144,86300,317758100,300000,0,0
libzmq,0,64,8,1,3,1,1,262144,64800,315318400,296100,0,0
libzmq,0,64,8,1,3,2,1,262144,57500,311152000,303900,0,0
libzmq,0,64,8,1,3,3,1,262144,72000,314245500,298000,0,0
libzmq,0,64,8,1,3,4,1,262144,77000,310115100,301300,0,0
libzmq,0,64,8,1,3,5,1,262144,50700,316857200,317500,0,0
libzmq,0,64,8,1,3,6,1,262144,44900,308278700,301500,0,0
libzmq,0,64,8,1,3,7,1,262144,44900,305669800,288400,0,0
flowmq,1,64,8,1,3,0,1,262144,32700,263809100,190300,8192,0
flowmq,1,64,8,1,3,1,1,262144,35500,284511300,239500,8192,0
flowmq,1,64,8,1,3,2,1,262144,28300,273210600,194400,8192,0
flowmq,1,64,8,1,3,3,1,262144,31400,265171200,200400,8192,0
flowmq,1,64,8,1,3,4,1,262144,23300,274644700,193700,8192,0
flowmq,1,64,8,1,3,5,1,262144,14500,265834300,197000,8192,0
flowmq,1,64,8,1,3,6,1,262144,27300,285435200,257700,8192,0
flowmq,1,64,8,1,3,7,1,262144,20400,269899400,257600,8192,0
flowmq,0,1024,1,1,0,0,8,2097152,19900,4006104300,3174500,22528,0
libzmq,1,1024,1,1,0,0,8,2097152,7700,4564684300,3288100,0,0
libzmq,0,1024,2,1,1,0,4,1048576,14700,2505097700,1830700,0,0
libzmq,0,1024,2,1,1,1,4,1048576,25600,2499533700,1883900,0,0
flowmq,1,1024,2,1,1,0,4,1048576,13100,2123583300,1591400,22528,0
flowmq,1,1024,2,1,1,1,4,1048576,11300,2132336700,1595300,22528,0
flowmq,0,1024,4,1,2,0,2,524288,18400,1069607500,781600,22528,0
flowmq,0,1024,4,1,2,1,2,524288,14300,1073637700,680200,22528,0
flowmq,0,1024,4,1,2,2,2,524288,17800,1061018700,691100,22528,0
flowmq,0,1024,4,1,2,3,2,524288,13800,1061922700,745000,22528,0
libzmq,1,1024,4,1,2,0,2,524288,68200,1356443700,1159900,0,0
libzmq,1,1024,4,1,2,1,2,524288,49900,1361050600,1159000,0,0
libzmq,1,1024,4,1,2,2,2,524288,70000,1361771700,1175900,0,0
libzmq,1,1024,4,1,2,3,2,524288,63900,1357486300,1147700,0,0
libzmq,0,1024,8,1,3,0,1,262144,38000,940086700,852600,0,0
libzmq,0,1024,8,1,3,1,1,262144,29600,946683400,868300,0,0
libzmq,0,1024,8,1,3,2,1,262144,28500,947315000,875400,0,0
libzmq,0,1024,8,1,3,3,1,262144,17400,951477700,831100,0,0
libzmq,0,1024,8,1,3,4,1,262144,22900,944043400,816300,0,0
libzmq,0,1024,8,1,3,5,1,262144,34900,946860000,874200,0,0
libzmq,0,1024,8,1,3,6,1,262144,23400,942049500,888600,0,0
libzmq,0,1024,8,1,3,7,1,262144,32500,957486400,858300,0,0
flowmq,1,1024,8,1,3,0,1,262144,26600,529739300,370200,22528,0
flowmq,1,1024,8,1,3,1,1,262144,34300,565018200,379800,22528,0
flowmq,1,1024,8,1,3,2,1,262144,30500,573510900,359700,22528,0
flowmq,1,1024,8,1,3,3,1,262144,26500,552410500,391900,22528,0
flowmq,1,1024,8,1,3,4,1,262144,31000,576184700,460200,22528,0
flowmq,1,1024,8,1,3,5,1,262144,20600,572124500,422400,22528,0
flowmq,1,1024,8,1,3,6,1,262144,23900,557951300,349500,22528,0
flowmq,1,1024,8,1,3,7,1,262144,29500,565694100,355200,22528,0
flowmq,0,1024,2,2,0,0,4,1048576,4400,2056169000,1489300,22528,0
flowmq,0,1024,2,2,0,1,4,1048576,11900,2063061600,1491700,22528,0
libzmq,1,1024,2,2,0,0,4,1048576,14800,2750373400,2020200,0,0
libzmq,1,1024,2,2,0,1,4,1048576,15200,2755320900,2023800,0,0
libzmq,0,1024,4,2,1,0,2,524288,32500,1503556900,1288300,0,0
libzmq,0,1024,4,2,1,1,2,524288,22900,1487159600,1324100,0,0
libzmq,0,1024,4,2,1,2,2,524288,24700,1507357400,1283600,0,0
libzmq,0,1024,4,2,1,3,2,524288,30900,1502270700,1303500,0,0
flowmq,1,1024,4,2,1,0,2,524288,9300,1095931400,856800,22528,0
flowmq,1,1024,4,2,1,1,2,524288,13800,1084055500,1008600,22528,0
flowmq,1,1024,4,2,1,2,2,524288,14600,1086060800,832700,22528,0
flowmq,1,1024,4,2,1,3,2,524288,21400,1096037400,965200,22528,0
flowmq,0,1024,8,2,2,0,1,262144,20900,565943600,374000,22528,0
flowmq,0,1024,8,2,2,1,1,262144,40100,580424000,438600,22528,0
flowmq,0,1024,8,2,2,2,1,262144,26100,569142500,403200,22528,0
flowmq,0,1024,8,2,2,3,1,262144,27900,572006700,447600,22528,0
flowmq,0,1024,8,2,2,4,1,262144,48500,586402700,447300,22528,0
flowmq,0,1024,8,2,2,5,1,262144,32000,577371300,382800,22528,0
flowmq,0,1024,8,2,2,6,1,262144,50600,574684500,515900,22528,0
flowmq,0,1024,8,2,2,7,1,262144,38200,572807900,395200,22528,0
libzmq,1,1024,8,2,2,0,1,262144,34400,1074910600,927300,0,0
libzmq,1,1024,8,2,2,1,1,262144,36500,1073762400,1002900,0,0
libzmq,1,1024,8,2,2,2,1,262144,42400,1072743000,947700,0,0
libzmq,1,1024,8,2,2,3,1,262144,37800,1067682000,917800,0,0
libzmq,1,1024,8,2,2,4,1,262144,27200,1080589000,972200,0,0
libzmq,1,1024,8,2,2,5,1,262144,29600,1060942900,916000,0,0
libzmq,1,1024,8,2,2,6,1,262144,42700,1086193800,970500,0,0
libzmq,1,1024,8,2,2,7,1,262144,36300,1072981600,922800,0,0
libzmq,0,1024,1,2,3,0,8,2097152,9400,3703904600,2885900,0,0
flowmq,1,1024,1,2,3,0,8,2097152,15100,3796088400,2885200,22528,0
flowmq,0,64,2,2,0,0,4,1048576,9800,903314200,530500,8192,0
flowmq,0,64,2,2,0,1,4,1048576,5400,905383500,564500,8192,0
libzmq,1,64,2,2,0,0,4,1048576,5300,777950900,661800,0,0
libzmq,1,64,2,2,0,1,4,1048576,3400,778003800,659800,0,0
libzmq,0,64,4,2,1,0,2,524288,13900,476102600,477100,0,0
libzmq,0,64,4,2,1,1,2,524288,11500,483574500,481300,0,0
libzmq,0,64,4,2,1,2,2,524288,13400,478955800,448500,0,0
libzmq,0,64,4,2,1,3,2,524288,18600,472676900,461700,0,0
flowmq,1,64,4,2,1,0,2,524288,19800,511574100,311600,8192,0
flowmq,1,64,4,2,1,1,2,524288,28900,515550800,302000,8192,0
flowmq,1,64,4,2,1,2,2,524288,20600,520444400,289600,8192,0
flowmq,1,64,4,2,1,3,2,524288,20800,515261500,295300,8192,0
flowmq,0,64,8,2,2,0,1,262144,23800,298174900,224800,8192,0
flowmq,0,64,8,2,2,1,1,262144,21500,290743700,211300,8192,0
flowmq,0,64,8,2,2,2,1,262144,22800,280121700,197800,8192,0
flowmq,0,64,8,2,2,3,1,262144,30900,288827300,206500,8192,0
flowmq,0,64,8,2,2,4,1,262144,16700,292101700,234900,8192,0
flowmq,0,64,8,2,2,5,1,262144,31200,304702500,278100,8192,0
flowmq,0,64,8,2,2,6,1,262144,15400,280165900,212400,8192,0
flowmq,0,64,8,2,2,7,1,262144,38900,294296400,210700,8192,0
libzmq,1,64,8,2,2,0,1,262144,31800,315000400,293200,0,0
libzmq,1,64,8,2,2,1,1,262144,25600,316083200,276100,0,0
libzmq,1,64,8,2,2,2,1,262144,26500,312609000,296600,0,0
libzmq,1,64,8,2,2,3,1,262144,30100,313125500,280500,0,0
libzmq,1,64,8,2,2,4,1,262144,31000,319355400,291500,0,0
libzmq,1,64,8,2,2,5,1,262144,25400,318575600,294600,0,0
libzmq,1,64,8,2,2,6,1,262144,33100,314055100,283700,0,0
libzmq,1,64,8,2,2,7,1,262144,30300,308268400,284800,0,0
libzmq,0,64,1,2,3,0,8,2097152,7900,1135245800,978900,0,0
flowmq,1,64,1,2,3,0,8,2097152,13100,1768044000,1739500,8192,0
flowmq,0,64,4,3,0,0,2,524288,10300,533325200,439500,8192,0
flowmq,0,64,4,3,0,1,2,524288,9200,555042500,448700,8192,0
flowmq,0,64,4,3,0,2,2,524288,18500,560558700,457300,8192,0
flowmq,0,64,4,3,0,3,2,524288,9300,542879600,444800,8192,0
libzmq,1,64,4,3,0,0,2,524288,16300,503472100,442500,0,0
libzmq,1,64,4,3,0,1,2,524288,12800,507698500,481200,0,0
libzmq,1,64,4,3,0,2,2,524288,22400,511982500,478100,0,0
libzmq,1,64,4,3,0,3,2,524288,16200,506149100,478600,0,0
libzmq,0,64,8,3,1,0,1,262144,11400,310201800,295800,0,0
libzmq,0,64,8,3,1,1,1,262144,13500,310725100,303800,0,0
libzmq,0,64,8,3,1,2,1,262144,20700,307149600,303700,0,0
libzmq,0,64,8,3,1,3,1,262144,15600,307462600,272700,0,0
libzmq,0,64,8,3,1,4,1,262144,10000,311695000,278400,0,0
libzmq,0,64,8,3,1,5,1,262144,19600,311330600,277500,0,0
libzmq,0,64,8,3,1,6,1,262144,16200,312598900,299300,0,0
libzmq,0,64,8,3,1,7,1,262144,17500,305210000,283400,0,0
flowmq,1,64,8,3,1,0,1,262144,20800,294301800,215300,8192,0
flowmq,1,64,8,3,1,1,1,262144,23000,295300700,230500,8192,0
flowmq,1,64,8,3,1,2,1,262144,21200,301288300,217700,8192,0
flowmq,1,64,8,3,1,3,1,262144,24400,288982800,205000,8192,0
flowmq,1,64,8,3,1,4,1,262144,27700,304251600,225500,8192,0
flowmq,1,64,8,3,1,5,1,262144,28100,302743600,255100,8192,0
flowmq,1,64,8,3,1,6,1,262144,21700,296085300,214200,8192,0
flowmq,1,64,8,3,1,7,1,262144,14800,293400100,220800,8192,0
flowmq,0,64,1,3,2,0,8,2097152,8400,1630436800,1403100,8192,0
libzmq,1,64,1,3,2,0,8,2097152,10400,1518405100,1261500,0,0
libzmq,0,64,2,3,3,0,4,1048576,9600,772202400,689400,0,0
libzmq,0,64,2,3,3,1,4,1048576,12200,779268700,680700,0,0
flowmq,1,64,2,3,3,0,4,1048576,11300,978197000,804400,8192,0
flowmq,1,64,2,3,3,1,4,1048576,9300,968766100,704500,8192,0
flowmq,0,1024,4,3,0,0,2,524288,32900,1174465700,899200,22528,0
flowmq,0,1024,4,3,0,1,2,524288,27100,1176966300,882000,22528,0
flowmq,0,1024,4,3,0,2,2,524288,25100,1172668700,976200,22528,0
flowmq,0,1024,4,3,0,3,2,524288,31900,1147341800,841000,22528,0
libzmq,1,1024,4,3,0,0,2,524288,32900,1823761900,1405800,0,0
libzmq,1,1024,4,3,0,1,2,524288,50500,1822742900,1408400,0,0
libzmq,1,1024,4,3,0,2,2,524288,44800,1825470400,1364100,0,0
libzmq,1,1024,4,3,0,3,2,524288,55000,1822518700,1386000,0,0
libzmq,0,1024,8,3,1,0,1,262144,17000,1178865900,925300,0,0
libzmq,0,1024,8,3,1,1,1,262144,6900,1179729900,905800,0,0
libzmq,0,1024,8,3,1,2,1,262144,51000,1175140700,897600,0,0
libzmq,0,1024,8,3,1,3,1,262144,7400,1174153100,910500,0,0
libzmq,0,1024,8,3,1,4,1,262144,39300,1179286500,953900,0,0
libzmq,0,1024,8,3,1,5,1,262144,53300,1172496900,945100,0,0
libzmq,0,1024,8,3,1,6,1,262144,44200,1175266000,911000,0,0
libzmq,0,1024,8,3,1,7,1,262144,33700,1171125600,936700,0,0
flowmq,1,1024,8,3,1,0,1,262144,32300,643140200,488900,22528,0
flowmq,1,1024,8,3,1,1,1,262144,27800,692489000,587400,22528,0
flowmq,1,1024,8,3,1,2,1,262144,43700,690390600,570000,22528,0
flowmq,1,1024,8,3,1,3,1,262144,46500,701750400,627800,22528,0
flowmq,1,1024,8,3,1,4,1,262144,30100,643347100,560700,22528,0
flowmq,1,1024,8,3,1,5,1,262144,48600,692858200,593500,22528,0
flowmq,1,1024,8,3,1,6,1,262144,37600,687249600,545100,22528,0
flowmq,1,1024,8,3,1,7,1,262144,35000,648740000,423400,22528,0
flowmq,0,1024,1,3,2,0,8,2097152,8800,4173731300,3262900,22528,0
libzmq,1,1024,1,3,2,0,8,2097152,16000,3926646100,2815900,0,0
libzmq,0,1024,2,3,3,0,4,1048576,14400,2417570800,1819600,0,0
libzmq,0,1024,2,3,3,1,4,1048576,19800,2409655600,1787500,0,0
flowmq,1,1024,2,3,3,0,4,1048576,5400,2078984100,1615200,22528,0
flowmq,1,1024,2,3,3,1,4,1048576,13800,2081320000,1555400,22528,0
flowmq,0,1024,8,4,0,0,1,262144,42100,569496500,360400,22528,0
flowmq,0,1024,8,4,0,1,1,262144,34900,579003700,390000,22528,0
flowmq,0,1024,8,4,0,2,1,262144,41500,531297000,344400,22528,0
flowmq,0,1024,8,4,0,3,1,262144,50600,562116200,351100,22528,0
flowmq,0,1024,8,4,0,4,1,262144,56400,560137000,354600,22528,0
flowmq,0,1024,8,4,0,5,1,262144,60300,558473900,351300,22528,0
flowmq,0,1024,8,4,0,6,1,262144,52100,563912500,357500,22528,0
flowmq,0,1024,8,4,0,7,1,262144,32100,510768900,378700,22528,0
libzmq,1,1024,8,4,0,0,1,262144,34500,952296700,844900,0,0
libzmq,1,1024,8,4,0,1,1,262144,24900,966493800,892500,0,0
libzmq,1,1024,8,4,0,2,1,262144,39700,962162200,878600,0,0
libzmq,1,1024,8,4,0,3,1,262144,41500,961297600,876700,0,0
libzmq,1,1024,8,4,0,4,1,262144,35800,970101900,914200,0,0
libzmq,1,1024,8,4,0,5,1,262144,26600,957726600,868500,0,0
libzmq,1,1024,8,4,0,6,1,262144,33600,957152000,818700,0,0
libzmq,1,1024,8,4,0,7,1,262144,26600,961338900,851400,0,0
libzmq,0,1024,1,4,1,0,8,2097152,7800,3665125400,2581000,0,0
flowmq,1,1024,1,4,1,0,8,2097152,18600,3166937400,2311000,22528,0
flowmq,0,1024,2,4,2,0,4,1048576,12700,2037555500,1531000,22528,0
flowmq,0,1024,2,4,2,1,4,1048576,17500,2028433600,1542300,22528,0
libzmq,1,1024,2,4,2,0,4,1048576,5000,2231754800,1663200,0,0
libzmq,1,1024,2,4,2,1,4,1048576,3600,2231260300,1671500,0,0
libzmq,0,1024,4,4,3,0,2,524288,34700,1348670500,1205500,0,0
libzmq,0,1024,4,4,3,1,2,524288,33100,1368587700,1217500,0,0
libzmq,0,1024,4,4,3,2,2,524288,24000,1365337000,1211800,0,0
libzmq,0,1024,4,4,3,3,2,524288,30800,1357539200,1246400,0,0
flowmq,1,1024,4,4,3,0,2,524288,53200,1065250200,878000,22528,0
flowmq,1,1024,4,4,3,1,2,524288,56300,1090721700,819000,22528,0
flowmq,1,1024,4,4,3,2,2,524288,34800,1056720200,828700,22528,0
flowmq,1,1024,4,4,3,3,2,524288,48400,1083885600,864100,22528,0
flowmq,0,64,8,4,0,0,1,262144,41700,248245700,154500,8192,0
flowmq,0,64,8,4,0,1,1,262144,49200,243099400,157100,8192,0
flowmq,0,64,8,4,0,2,1,262144,20900,251022700,150300,8192,0
flowmq,0,64,8,4,0,3,1,262144,35200,269474500,196800,8192,0
flowmq,0,64,8,4,0,4,1,262144,24400,258162900,160700,8192,0
flowmq,0,64,8,4,0,5,1,262144,39200,247417300,156800,8192,0
flowmq,0,64,8,4,0,6,1,262144,30200,266039300,179500,8192,0
flowmq,0,64,8,4,0,7,1,262144,29700,265179300,158300,8192,0
libzmq,1,64,8,4,0,0,1,262144,35000,249699500,242500,0,0
libzmq,1,64,8,4,0,1,1,262144,25300,250488900,259800,0,0
libzmq,1,64,8,4,0,2,1,262144,23400,252486300,256400,0,0
libzmq,1,64,8,4,0,3,1,262144,29200,251827400,241000,0,0
libzmq,1,64,8,4,0,4,1,262144,31100,247991100,245900,0,0
libzmq,1,64,8,4,0,5,1,262144,34000,252941500,245100,0,0
libzmq,1,64,8,4,0,6,1,262144,38700,254237500,244500,0,0
libzmq,1,64,8,4,0,7,1,262144,19100,246882000,257700,0,0
libzmq,0,64,1,4,1,0,8,2097152,12300,1094439700,1020200,0,0
flowmq,1,64,1,4,1,0,8,2097152,11500,1818164100,1260400,8192,0
flowmq,0,64,2,4,2,0,4,1048576,13500,954059100,539200,8192,0
flowmq,0,64,2,4,2,1,4,1048576,7300,941765000,616500,8192,0
libzmq,1,64,2,4,2,0,4,1048576,9500,821261900,706200,0,0
libzmq,1,64,2,4,2,1,4,1048576,4000,817373100,690700,0,0
libzmq,0,64,4,4,3,0,2,524288,5200,484591900,459600,0,0
libzmq,0,64,4,4,3,1,2,524288,4300,489933400,490300,0,0
libzmq,0,64,4,4,3,2,2,524288,6300,513059200,481300,0,0
libzmq,0,64,4,4,3,3,2,524288,5900,489504700,444700,0,0
flowmq,1,64,4,4,3,0,2,524288,36300,488192200,326800,8192,0
flowmq,1,64,4,4,3,1,2,524288,19900,498088700,414700,8192,0
flowmq,1,64,4,4,3,2,2,524288,23900,489425500,375300,8192,0
flowmq,1,64,4,4,3,3,2,524288,22400,470954400,305200,8192,0
libzmq,0,64,1,5,0,0,8,2097152,7300,1250214100,996500,0,0
flowmq,1,64,1,5,0,0,8,2097152,16800,1277720600,943700,8192,0
flowmq,0,64,2,5,1,0,4,1048576,5000,759841100,449200,8192,0
flowmq,0,64,2,5,1,1,4,1048576,10900,762221300,526600,8192,0
libzmq,1,64,2,5,1,0,4,1048576,5200,565562400,495500,0,0
libzmq,1,64,2,5,1,1,4,1048576,3900,572929900,560400,0,0
libzmq,0,64,4,5,2,0,2,524288,8400,363999200,345300,0,0
libzmq,0,64,4,5,2,1,2,524288,13300,364044300,360400,0,0
libzmq,0,64,4,5,2,2,2,524288,11800,365390500,346800,0,0
libzmq,0,64,4,5,2,3,2,524288,10600,365061600,366600,0,0
flowmq,1,64,4,5,2,0,2,524288,20100,407566000,259900,8192,0
flowmq,1,64,4,5,2,1,2,524288,23100,429326800,280000,8192,0
flowmq,1,64,4,5,2,2,2,524288,23000,423151300,252600,8192,0
flowmq,1,64,4,5,2,3,2,524288,18300,443693700,258300,8192,0
flowmq,0,64,8,5,3,0,1,262144,7100,258278700,171700,8192,0
flowmq,0,64,8,5,3,1,1,262144,3100,242924700,166900,8192,0
flowmq,0,64,8,5,3,2,1,262144,1300,255415300,162300,8192,0
flowmq,0,64,8,5,3,3,1,262144,9800,251452100,164200,8192,0
flowmq,0,64,8,5,3,4,1,262144,5800,255300500,163600,8192,0
flowmq,0,64,8,5,3,5,1,262144,2600,250049700,154700,8192,0
flowmq,0,64,8,5,3,6,1,262144,7300,253088300,166500,8192,0
flowmq,0,64,8,5,3,7,1,262144,7600,258178400,162800,8192,0
libzmq,1,64,8,5,3,0,1,262144,26100,228126600,228900,0,0
libzmq,1,64,8,5,3,1,1,262144,29500,237996700,241500,0,0
libzmq,1,64,8,5,3,2,1,262144,23800,234433600,245800,0,0
libzmq,1,64,8,5,3,3,1,262144,21300,234254000,240400,0,0
libzmq,1,64,8,5,3,4,1,262144,21500,233074100,237300,0,0
libzmq,1,64,8,5,3,5,1,262144,18600,237224300,245300,0,0
libzmq,1,64,8,5,3,6,1,262144,14700,237838700,245900,0,0
libzmq,1,64,8,5,3,7,1,262144,18900,234430900,241000,0,0
libzmq,0,1024,1,5,0,0,8,2097152,16400,3596163400,2730300,0,0
flowmq,1,1024,1,5,0,0,8,2097152,8500,3573071800,2465100,22528,0
flowmq,0,1024,2,5,1,0,4,1048576,15400,1954405500,1284500,22528,0
flowmq,0,1024,2,5,1,1,4,1048576,19900,1968669400,1352500,22528,0
libzmq,1,1024,2,5,1,0,4,1048576,5700,2053764200,1568000,0,0
libzmq,1,1024,2,5,1,1,4,1048576,14400,2040288900,1510100,0,0
libzmq,0,1024,4,5,2,0,2,524288,13800,1378188300,1159900,0,0
libzmq,0,1024,4,5,2,1,2,524288,17700,1390522700,1208900,0,0
libzmq,0,1024,4,5,2,2,2,524288,17700,1388889500,1239000,0,0
libzmq,0,1024,4,5,2,3,2,524288,19600,1393386900,1218100,0,0
flowmq,1,1024,4,5,2,0,2,524288,4500,1083788700,667400,22528,0
flowmq,1,1024,4,5,2,1,2,524288,11700,1073657700,672500,22528,0
flowmq,1,1024,4,5,2,2,2,524288,5700,1071274900,658200,22528,0
flowmq,1,1024,4,5,2,3,2,524288,3800,1079768200,652100,22528,0
flowmq,0,1024,8,5,3,0,1,262144,2900,548051000,426400,22528,0
flowmq,0,1024,8,5,3,1,1,262144,5300,560642700,364300,22528,0
flowmq,0,1024,8,5,3,2,1,262144,7100,544006300,467200,22528,0
flowmq,0,1024,8,5,3,3,1,262144,2200,561246200,356300,22528,0
flowmq,0,1024,8,5,3,4,1,262144,13300,543356000,390700,22528,0
flowmq,0,1024,8,5,3,5,1,262144,4000,566663300,357500,22528,0
flowmq,0,1024,8,5,3,6,1,262144,3000,556982600,377700,22528,0
flowmq,0,1024,8,5,3,7,1,262144,7400,530810000,370900,22528,0
libzmq,1,1024,8,5,3,0,1,262144,36600,1056790300,898100,0,0
libzmq,1,1024,8,5,3,1,1,262144,46400,1051964300,845600,0,0
libzmq,1,1024,8,5,3,2,1,262144,40800,1057974200,883400,0,0
libzmq,1,1024,8,5,3,3,1,262144,76000,1041359500,893100,0,0
libzmq,1,1024,8,5,3,4,1,262144,28900,1051548800,926800,0,0
libzmq,1,1024,8,5,3,5,1,262144,52300,1049263800,870800,0,0
libzmq,1,1024,8,5,3,6,1,262144,79000,1039909300,865900,0,0
libzmq,1,1024,8,5,3,7,1,262144,28900,1049863400,901100,0,0
libzmq,0,1024,2,6,0,0,4,1048576,5500,2248774500,1685900,0,0
libzmq,0,1024,2,6,0,1,4,1048576,6400,2269738800,1737700,0,0
flowmq,1,1024,2,6,0,0,4,1048576,14600,1939104800,1437700,22528,0
flowmq,1,1024,2,6,0,1,4,1048576,18800,1919707700,1528000,22528,0
flowmq,0,1024,4,6,1,0,2,524288,29400,961702000,752400,22528,0
flowmq,0,1024,4,6,1,1,2,524288,22100,966659400,623600,22528,0
flowmq,0,1024,4,6,1,2,2,524288,27100,975057000,657700,22528,0
flowmq,0,1024,4,6,1,3,2,524288,20600,962107600,647400,22528,0
libzmq,1,1024,4,6,1,0,2,524288,13100,1339554700,1161700,0,0
libzmq,1,1024,4,6,1,1,2,524288,7900,1329345900,1098600,0,0
libzmq,1,1024,4,6,1,2,2,524288,11200,1342123200,1134800,0,0
libzmq,1,1024,4,6,1,3,2,524288,12500,1344378700,1211100,0,0
libzmq,0,1024,8,6,2,0,1,262144,33200,928568700,885700,0,0
libzmq,0,1024,8,6,2,1,1,262144,37900,927951000,874900,0,0
libzmq,0,1024,8,6,2,2,1,262144,37300,929407200,866600,0,0
libzmq,0,1024,8,6,2,3,1,262144,21500,926621000,864300,0,0
libzmq,0,1024,8,6,2,4,1,262144,17500,928886400,892900,0,0
libzmq,0,1024,8,6,2,5,1,262144,27100,926026800,866400,0,0
libzmq,0,1024,8,6,2,6,1,262144,35300,928284400,882400,0,0
libzmq,0,1024,8,6,2,7,1,262144,23500,933159700,871700,0,0
flowmq,1,1024,8,6,2,0,1,262144,19600,557465700,325900,22528,0
flowmq,1,1024,8,6,2,1,1,262144,36400,538304000,327700,22528,0
flowmq,1,1024,8,6,2,2,1,262144,25700,552121400,339300,22528,0
flowmq,1,1024,8,6,2,3,1,262144,31400,557717200,335200,22528,0
flowmq,1,1024,8,6,2,4,1,262144,34800,550580800,332200,22528,0
flowmq,1,1024,8,6,2,5,1,262144,34300,552339800,337900,22528,0
flowmq,1,1024,8,6,2,6,1,262144,27800,568110400,338100,22528,0
flowmq,1,1024,8,6,2,7,1,262144,20400,553406300,359500,22528,0
flowmq,0,1024,1,6,3,0,8,2097152,6900,3163054700,2158400,22528,0
libzmq,1,1024,1,6,3,0,8,2097152,9900,3529571100,2619600,0,0
libzmq,0,64,2,6,0,0,4,1048576,3900,672824100,640100,0,0
libzmq,0,64,2,6,0,1,4,1048576,6000,656977500,601500,0,0
flowmq,1,64,2,6,0,0,4,1048576,8200,751034800,503500,8192,0
flowmq,1,64,2,6,0,1,4,1048576,4700,781940000,552700,8192,0
flowmq,0,64,4,6,1,0,2,524288,17200,442942400,278200,8192,0
flowmq,0,64,4,6,1,1,2,524288,23100,476954500,315900,8192,0
flowmq,0,64,4,6,1,2,2,524288,24300,460855500,269900,8192,0
flowmq,0,64,4,6,1,3,2,524288,26500,477269400,327300,8192,0
libzmq,1,64,4,6,1,0,2,524288,16400,369050400,366600,0,0
libzmq,1,64,4,6,1,1,2,524288,16600,369444200,379000,0,0
libzmq,1,64,4,6,1,2,2,524288,10700,368814000,345300,0,0
libzmq,1,64,4,6,1,3,2,524288,15200,369668700,368800,0,0
libzmq,0,64,8,6,2,0,1,262144,36100,262500400,259900,0,0
libzmq,0,64,8,6,2,1,1,262144,36400,261300700,244900,0,0
libzmq,0,64,8,6,2,2,1,262144,34400,260989900,259200,0,0
libzmq,0,64,8,6,2,3,1,262144,40100,256398500,248200,0,0
libzmq,0,64,8,6,2,4,1,262144,46300,262056700,254900,0,0
libzmq,0,64,8,6,2,5,1,262144,30600,262829400,254600,0,0
libzmq,0,64,8,6,2,6,1,262144,23600,263125800,258600,0,0
libzmq,0,64,8,6,2,7,1,262144,34800,261762600,274000,0,0
flowmq,1,64,8,6,2,0,1,262144,26100,286766000,284200,8192,0
flowmq,1,64,8,6,2,1,1,262144,11900,264347900,183500,8192,0
flowmq,1,64,8,6,2,2,1,262144,12800,271365600,174100,8192,0
flowmq,1,64,8,6,2,3,1,262144,22200,270911900,178300,8192,0
flowmq,1,64,8,6,2,4,1,262144,18000,271040000,188300,8192,0
flowmq,1,64,8,6,2,5,1,262144,5400,261679500,259000,8192,0
flowmq,1,64,8,6,2,6,1,262144,30800,270813000,195400,8192,0
flowmq,1,64,8,6,2,7,1,262144,23100,281825200,223700,8192,0
flowmq,0,64,1,6,3,0,8,2097152,14200,1497693400,1136900,8192,0
libzmq,1,64,1,6,3,0,8,2097152,7700,962018700,898100,0,0
libzmq,0,64,4,7,0,0,2,524288,8500,382271900,383100,0,0
libzmq,0,64,4,7,0,1,2,524288,12100,380161600,408300,0,0
libzmq,0,64,4,7,0,2,2,524288,13900,384100400,389300,0,0
libzmq,0,64,4,7,0,3,2,524288,7800,386717700,386500,0,0
flowmq,1,64,4,7,0,0,2,524288,21300,413594000,323200,8192,0
flowmq,1,64,4,7,0,1,2,524288,21400,415320500,318300,8192,0
flowmq,1,64,4,7,0,2,2,524288,17300,426666800,345300,8192,0
flowmq,1,64,4,7,0,3,2,524288,20400,421636300,276700,8192,0
flowmq,0,64,8,7,1,0,1,262144,62000,259092700,164000,8192,0
flowmq,0,64,8,7,1,1,1,262144,29700,260037900,169000,8192,0
flowmq,0,64,8,7,1,2,1,262144,23700,258308500,170200,8192,0
flowmq,0,64,8,7,1,3,1,262144,23100,251901100,161100,8192,0
flowmq,0,64,8,7,1,4,1,262144,16900,259516600,170100,8192,0
flowmq,0,64,8,7,1,5,1,262144,36700,252003500,173900,8192,0
flowmq,0,64,8,7,1,6,1,262144,17200,253629000,166400,8192,0
flowmq,0,64,8,7,1,7,1,262144,54700,232673600,161800,8192,0
libzmq,1,64,8,7,1,0,1,262144,18300,248567100,267900,0,0
libzmq,1,64,8,7,1,1,1,262144,22400,251779800,241100,0,0
libzmq,1,64,8,7,1,2,1,262144,25000,252364500,259400,0,0
libzmq,1,64,8,7,1,3,1,262144,25300,251149200,257200,0,0
libzmq,1,64,8,7,1,4,1,262144,28100,250929300,255100,0,0
libzmq,1,64,8,7,1,5,1,262144,21200,251807500,254300,0,0
libzmq,1,64,8,7,1,6,1,262144,24300,254315100,274700,0,0
libzmq,1,64,8,7,1,7,1,262144,16100,244178500,234200,0,0
libzmq,0,64,1,7,2,0,8,2097152,4800,987438700,911400,0,0
flowmq,1,64,1,7,2,0,8,2097152,10200,1324185000,979600,8192,0
flowmq,0,64,2,7,3,0,4,1048576,4800,723747100,433000,8192,0
flowmq,0,64,2,7,3,1,4,1048576,14000,730189600,525800,8192,0
libzmq,1,64,2,7,3,0,4,1048576,4900,605930000,597500,0,0
libzmq,1,64,2,7,3,1,4,1048576,6200,610932900,605400,0,0
libzmq,0,1024,4,7,0,0,2,524288,32500,1473961400,1280800,0,0
libzmq,0,1024,4,7,0,1,2,524288,24600,1463317400,1246100,0,0
libzmq,0,1024,4,7,0,2,2,524288,21200,1476529200,1285200,0,0
libzmq,0,1024,4,7,0,3,2,524288,28800,1481689700,1307500,0,0
flowmq,1,1024,4,7,0,0,2,524288,25200,1061447500,726600,22528,0
flowmq,1,1024,4,7,0,1,2,524288,20200,1014746000,736900,22528,0
flowmq,1,1024,4,7,0,2,2,524288,27800,1057427600,768400,22528,0
flowmq,1,1024,4,7,0,3,2,524288,27400,1041730700,731900,22528,0
flowmq,0,1024,8,7,1,0,1,262144,19400,547319000,372600,22528,0
flowmq,0,1024,8,7,1,1,1,262144,25400,561024900,412100,22528,0
flowmq,0,1024,8,7,1,2,1,262144,27000,558909500,462200,22528,0
flowmq,0,1024,8,7,1,3,1,262144,26500,560170300,441700,22528,0
flowmq,0,1024,8,7,1,4,1,262144,17400,557865100,464500,22528,0
flowmq,0,1024,8,7,1,5,1,262144,25300,558630000,386700,22528,0
flowmq,0,1024,8,7,1,6,1,262144,23000,560020900,434400,22528,0
flowmq,0,1024,8,7,1,7,1,262144,24400,558999200,495800,22528,0
libzmq,1,1024,8,7,1,0,1,262144,22000,974077600,939300,0,0
libzmq,1,1024,8,7,1,1,1,262144,31900,969152500,897800,0,0
libzmq,1,1024,8,7,1,2,1,262144,30000,970514800,933300,0,0
libzmq,1,1024,8,7,1,3,1,262144,30400,978615500,950600,0,0
libzmq,1,1024,8,7,1,4,1,262144,33000,963632500,883300,0,0
libzmq,1,1024,8,7,1,5,1,262144,23500,963231600,888400,0,0
libzmq,1,1024,8,7,1,6,1,262144,29500,970505900,892000,0,0
libzmq,1,1024,8,7,1,7,1,262144,28300,974003800,915300,0,0
libzmq,0,1024,1,7,2,0,8,2097152,6500,3484902900,2517900,0,0
flowmq,1,1024,1,7,2,0,8,2097152,10700,3721107500,2665600,22528,0
flowmq,0,1024,2,7,3,0,4,1048576,4800,1946061800,1367800,22528,0
flowmq,0,1024,2,7,3,1,4,1048576,3900,1956607700,1456400,22528,0
libzmq,1,1024,2,7,3,0,4,1048576,11200,2279335400,1749600,0,0
libzmq,1,1024,2,7,3,1,4,1048576,5200,2270223100,1672000,0,0
libzmq,0,1024,8,8,0,0,1,262144,38800,1009999500,916400,0,0
libzmq,0,1024,8,8,0,1,1,262144,20300,1006126100,897300,0,0
libzmq,0,1024,8,8,0,2,1,262144,33700,1012676500,896000,0,0
libzmq,0,1024,8,8,0,3,1,262144,26700,1009810600,918300,0,0
libzmq,0,1024,8,8,0,4,1,262144,26200,1019888200,932900,0,0
libzmq,0,1024,8,8,0,5,1,262144,32800,1006169900,921700,0,0
libzmq,0,1024,8,8,0,6,1,262144,37100,1012509800,909600,0,0
libzmq,0,1024,8,8,0,7,1,262144,47300,1013898700,922000,0,0
flowmq,1,1024,8,8,0,0,1,262144,61800,539265200,341300,22528,0
flowmq,1,1024,8,8,0,1,1,262144,47100,544224900,324200,22528,0
flowmq,1,1024,8,8,0,2,1,262144,64000,552266700,391900,22528,0
flowmq,1,1024,8,8,0,3,1,262144,58100,530816100,348700,22528,0
flowmq,1,1024,8,8,0,4,1,262144,38400,560229900,534700,22528,0
flowmq,1,1024,8,8,0,5,1,262144,7500,547868200,328500,22528,0
flowmq,1,1024,8,8,0,6,1,262144,56000,550046600,325000,22528,0
flowmq,1,1024,8,8,0,7,1,262144,12600,542810800,373900,22528,0
flowmq,0,1024,1,8,1,0,8,2097152,11800,3732634900,2473100,22528,0
libzmq,1,1024,1,8,1,0,8,2097152,14900,3498085200,2583500,0,0
libzmq,0,1024,2,8,2,0,4,1048576,6700,2160597900,1632800,0,0
libzmq,0,1024,2,8,2,1,4,1048576,9000,2166491500,1664300,0,0
flowmq,1,1024,2,8,2,0,4,1048576,4900,1785430400,1409100,22528,0
flowmq,1,1024,2,8,2,1,4,1048576,9000,1776905600,1208400,22528,0
flowmq,0,1024,4,8,3,0,2,524288,4000,967337900,708200,22528,0
flowmq,0,1024,4,8,3,1,2,524288,17800,1001583900,653600,22528,0
flowmq,0,1024,4,8,3,2,2,524288,7600,970432900,664700,22528,0
flowmq,0,1024,4,8,3,3,2,524288,12000,983118100,722800,22528,0
libzmq,1,1024,4,8,3,0,2,524288,14400,1364977500,1127800,0,0
libzmq,1,1024,4,8,3,1,2,524288,14600,1368225300,1170900,0,0
libzmq,1,1024,4,8,3,2,2,524288,16100,1361649100,1103300,0,0
libzmq,1,1024,4,8,3,3,2,524288,12900,1372320100,1155800,0,0
libzmq,0,64,8,8,0,0,1,262144,28500,271583300,283900,0,0
libzmq,0,64,8,8,0,1,1,262144,18100,279191300,292400,0,0
libzmq,0,64,8,8,0,2,1,262144,21700,283303800,284400,0,0
libzmq,0,64,8,8,0,3,1,262144,26100,281747500,299300,0,0
libzmq,0,64,8,8,0,4,1,262144,24200,273259400,272000,0,0
libzmq,0,64,8,8,0,5,1,262144,15100,278790900,294900,0,0
libzmq,0,64,8,8,0,6,1,262144,20800,276683100,296700,0,0
libzmq,0,64,8,8,0,7,1,262144,24600,274560100,285600,0,0
flowmq,1,64,8,8,0,0,1,262144,35900,277323200,229700,8192,0
flowmq,1,64,8,8,0,1,1,262144,21800,275467300,223300,8192,0
flowmq,1,64,8,8,0,2,1,262144,31100,284335400,233600,8192,0
flowmq,1,64,8,8,0,3,1,262144,29800,274883800,196600,8192,0
flowmq,1,64,8,8,0,4,1,262144,40400,269082500,209800,8192,0
flowmq,1,64,8,8,0,5,1,262144,26700,285854600,221000,8192,0
flowmq,1,64,8,8,0,6,1,262144,29700,272298800,230600,8192,0
flowmq,1,64,8,8,0,7,1,262144,27200,276355900,220700,8192,0
flowmq,0,64,1,8,1,0,8,2097152,12700,1554358000,1122900,8192,0
libzmq,1,64,1,8,1,0,8,2097152,5800,1075579300,892300,0,0
libzmq,0,64,2,8,2,0,4,1048576,3500,737399200,651800,0,0
libzmq,0,64,2,8,2,1,4,1048576,9700,745288600,667100,0,0
flowmq,1,64,2,8,2,0,4,1048576,5800,926083300,693900,8192,0
flowmq,1,64,2,8,2,1,4,1048576,12100,892787200,588800,8192,0
flowmq,0,64,4,8,3,0,2,524288,14400,452196000,327300,8192,0
flowmq,0,64,4,8,3,1,2,524288,12700,475056600,419400,8192,0
flowmq,0,64,4,8,3,2,2,524288,30100,469483700,298400,8192,0
flowmq,0,64,4,8,3,3,2,524288,19800,459818900,316700,8192,0
libzmq,1,64,4,8,3,0,2,524288,11200,400088800,414100,0,0
libzmq,1,64,4,8,3,1,2,524288,11700,407666000,387900,0,0
libzmq,1,64,4,8,3,2,2,524288,10500,404522000,392300,0,0
libzmq,1,64,4,8,3,3,2,524288,12500,406896300,398400,0,0
