variant,payload_bytes,batch,repeat,order,messages,seconds,messages_per_second,cpu_ns_per_message,burst_p95_ns,burst_p99_ns,process_peak_rss_bytes,logical_writes,submitted_ranges,poll_calls,send_retries
sg32,64,1,1,0,262144,3.581303300,73197.933,13709.068,18500,22300,11100160,262144,262144,786432,0
bounded,64,1,1,1,262144,4.049811400,64729.928,15497.208,22000,26700,11259904,262144,262144,786432,0
bounded,64,8,1,0,262144,0.970316500,270163.395,3695.488,40200,50700,11259904,65536,65536,131072,0
sg32,64,8,1,1,262144,0.834355500,314187.418,3218.651,36500,44100,11259904,65536,262144,131072,0
sg32,64,32,1,0,262144,0.424583800,617414.042,1609.325,67700,76900,11259904,16384,262144,40960,0
bounded,64,32,1,1,262144,0.279773800,936985.522,1013.279,49600,54800,11259904,16384,16384,32768,0
bounded,64,128,1,0,262144,0.131550500,1992725.227,536.442,88100,108200,11259904,4096,4096,8192,0
sg32,64,128,1,1,262144,0.260907000,1004741.153,1013.279,191600,204500,11259904,10240,262144,22528,0
sg32,224,128,1,0,262144,0.253692600,1033313.546,953.674,161900,196400,11259904,10240,262144,22528,0
bounded,224,128,1,1,262144,0.158422700,1654712.361,596.046,111100,122000,11259904,6144,6144,10240,0
bounded,225,128,1,0,262144,0.291824700,898292.708,1132.488,205400,217800,11259904,10240,262144,22528,0
sg32,225,128,1,1,262144,0.379716900,690366.955,1430.511,216900,242800,11259904,10240,262144,22528,0
sg32,1024,128,1,0,262144,0.399830700,655637.499,1549.721,248900,262100,11259904,10240,262144,22528,0
bounded,1024,128,1,1,262144,0.311398800,841827.265,1192.093,224700,244600,11259904,10240,262144,22528,0
bounded,65536,16,1,0,16384,0.925750100,17698.081,57220.459,1215700,2953700,12115968,2048,16384,31930,0
sg32,65536,16,1,1,16384,0.897129400,18262.694,53405.762,1067700,3204500,12201984,2048,16384,51134,0
sg32,64,8,2,0,262144,0.802375900,326709.713,3039.837,35400,39900,12201984,65536,262144,131072,0
bounded,64,8,2,1,262144,0.873868500,299981.061,3337.860,37400,55300,12201984,65536,65536,131072,0
bounded,64,32,2,0,262144,0.296035400,885515.719,1132.488,50300,58400,12201984,16384,16384,32768,0
sg32,64,32,2,1,262144,0.322688600,812374.531,1251.698,55200,63900,12201984,16384,262144,40960,0
sg32,64,128,2,0,262144,0.245470000,1067926.834,894.070,166100,192900,12201984,10240,262144,22528,0
bounded,64,128,2,1,262144,0.131187700,1998236.115,476.837,93100,102800,12201984,4096,4096,8192,0
bounded,224,128,2,0,262144,0.153059500,1712693.430,536.442,85300,113400,12201984,6144,6144,10240,0
sg32,224,128,2,1,262144,0.257294200,1018849.240,953.674,187200,200100,12201984,10240,262144,22528,0
sg32,225,128,2,0,262144,0.258746200,1013131.787,953.674,176300,199900,12201984,10240,262144,22528,0
bounded,225,128,2,1,262144,0.257321900,1018739.563,953.674,173100,200900,12201984,10240,262144,22528,0
bounded,1024,128,2,0,262144,0.302308300,867141.259,1132.488,216500,232900,12201984,10240,262144,22528,0
sg32,1024,128,2,1,262144,0.286790900,914059.686,1072.884,183300,219900,12201984,10240,262144,22528,0
sg32,65536,16,2,0,16384,0.557213800,29403.435,33378.601,883400,2356700,12201984,2048,16384,40977,0
bounded,65536,16,2,1,16384,0.551440100,29711.296,33378.601,851200,1314300,12201984,2048,16384,32120,0
bounded,64,1,2,0,262144,3.561688100,73601.055,13470.650,19600,21900,12201984,262144,262144,786432,0
sg32,64,1,2,1,262144,3.575282800,73321.193,13589.859,19500,22200,12201984,262144,262144,786432,0
sg32,64,32,3,0,262144,0.340727000,769366.678,1311.302,61900,66300,12201984,16384,262144,40960,0
bounded,64,32,3,1,262144,0.263899800,993346.717,953.674,44200,51600,12201984,16384,16384,32768,0
bounded,64,128,3,0,262144,0.134586600,1947771.918,536.442,79000,99900,12201984,4096,4096,8192,0
sg32,64,128,3,1,262144,0.266423000,983939.074,1013.279,184900,207400,12201984,10240,262144,22528,0
sg32,224,128,3,0,262144,0.280009400,936197.142,1013.279,199400,216100,12201984,10240,262144,22528,0
bounded,224,128,3,1,262144,0.160735000,1630908.016,596.046,116600,139200,12201984,6144,6144,10240,0
bounded,225,128,3,0,262144,0.256102900,1023588.565,953.674,175900,206700,12201984,10240,262144,22528,0
sg32,225,128,3,1,262144,0.249007200,1052756.707,953.674,141100,184300,12201984,10240,262144,22528,0
sg32,1024,128,3,0,262144,0.287541700,911672.985,1072.884,183200,226500,12201984,10240,262144,22528,0
bounded,1024,128,3,1,262144,0.360816800,726529.363,1370.907,237100,255500,12201984,10240,262144,22528,0
bounded,65536,16,3,0,16384,0.760459600,21544.866,44822.693,1138700,4551600,12226560,2048,16384,62024,0
sg32,65536,16,3,1,16384,0.593188100,27620.244,35285.950,884800,1424700,12259328,2048,16384,42842,0
sg32,64,1,3,0,262144,4.220234400,62115.981,15974.045,22000,27400,12259328,262144,262144,786432,0
bounded,64,1,3,1,262144,4.394190900,59656.944,16748.905,22400,27800,12259328,262144,262144,786432,0
bounded,64,8,3,0,262144,0.935090000,280340.930,3576.279,39800,50800,12259328,65536,65536,131072,0
sg32,64,8,3,1,262144,0.816493100,321060.888,3099.442,35200,39400,12259328,65536,262144,131072,0
sg32,64,128,4,0,262144,0.252034700,1040110.747,1013.279,179400,197300,12259328,10240,262144,22528,0
bounded,64,128,4,1,262144,0.129988900,2016664.500,476.837,87400,100500,12259328,4096,4096,8192,0
bounded,224,128,4,0,262144,0.176323000,1486726.065,655.651,122100,135500,12259328,6144,6144,10240,0
sg32,224,128,4,1,262144,0.260088800,1007901.917,953.674,182700,200100,12259328,10240,262144,22528,0
sg32,225,128,4,0,262144,0.253346700,1034724.352,953.674,173600,198400,12259328,10240,262144,22528,0
bounded,225,128,4,1,262144,0.252508600,1038158.700,1013.279,175500,197700,12259328,10240,262144,22528,0
bounded,1024,128,4,0,262144,0.290939200,901026.744,1132.488,196700,224700,12259328,10240,262144,22528,0
sg32,1024,128,4,1,262144,0.293610000,892830.626,1132.488,202800,228000,12259328,10240,262144,22528,0
sg32,65536,16,4,0,16384,0.601143700,27254.715,36239.624,875800,1886900,12259328,2048,16384,44979,0
bounded,65536,16,4,1,16384,0.630418100,25989.102,38146.973,913700,3578400,12259328,2048,16384,57094,0
bounded,64,1,4,0,262144,3.925225100,66784.450,14960.766,21400,25600,12259328,262144,262144,786432,0
sg32,64,1,4,1,262144,3.477456600,75383.831,13232.231,18500,21700,12259328,262144,262144,786432,0
sg32,64,8,4,0,262144,0.824746800,317847.853,3159.046,35900,40500,12259328,65536,262144,131072,0
bounded,64,8,4,1,262144,0.775021900,338240.765,2920.628,31800,37100,12259328,65536,65536,131072,0
bounded,64,32,4,0,262144,0.262320700,999326.397,1013.279,45400,51200,12259328,16384,16384,32768,0
sg32,64,32,4,1,262144,0.318874100,822092.481,1192.093,55000,65000,12259328,16384,262144,40960,0
sg32,224,128,5,0,262144,0.259484100,1010250.724,953.674,178500,194700,12259328,10240,262144,22528,0
bounded,224,128,5,1,262144,0.157706900,1662222.769,596.046,115200,126800,12259328,6144,6144,10240,0
bounded,225,128,5,0,262144,0.254785200,1028882.368,894.070,176200,203600,12259328,10240,262144,22528,0
sg32,225,128,5,1,262144,0.289619900,905131.174,1132.488,197600,246400,12259328,10240,262144,22528,0
sg32,1024,128,5,0,262144,0.317146600,826570.425,1192.093,222100,238500,12259328,10240,262144,22528,0
bounded,1024,128,5,1,262144,0.300956300,871036.758,1132.488,207800,235100,12259328,10240,262144,22528,0
bounded,65536,16,5,0,16384,0.622946400,26300.818,38146.973,914600,2748800,12259328,2048,16384,57011,0
sg32,65536,16,5,1,16384,0.796449900,20571.288,48637.390,1190400,4706100,12259328,2048,16384,56231,0
sg32,64,1,5,0,262144,4.268759300,61409.881,16152.859,22000,26800,12259328,262144,262144,786432,0
bounded,64,1,5,1,262144,4.664609300,56198.490,17762.184,23000,29500,12259328,262144,262144,786432,0
bounded,64,8,5,0,262144,1.038684700,252380.727,3933.907,41300,54500,12259328,65536,65536,131072,0
sg32,64,8,5,1,262144,0.893385800,293427.543,3397.465,38900,48500,12259328,65536,262144,131072,0
sg32,64,32,5,0,262144,0.336679600,778615.633,1311.302,48400,70200,12259328,16384,262144,40960,0
bounded,64,32,5,1,262144,0.262136900,1000027.085,1013.279,34700,48200,12259328,16384,16384,32768,0
bounded,64,128,5,0,262144,0.132144600,1983766.268,476.837,78200,113100,12259328,4096,4096,8192,0
sg32,64,128,5,1,262144,0.264237700,992076.452,1013.279,145500,178400,12259328,10240,262144,22528,0
sg32,225,128,6,0,262144,0.270825300,967945.018,1013.279,145300,173200,12259328,10240,262144,22528,0
bounded,225,128,6,1,262144,0.262900700,997121.727,1013.279,137100,177600,12259328,10240,262144,22528,0
bounded,1024,128,6,0,262144,0.285921300,916839.704,1132.488,156300,181400,12259328,10240,262144,22528,0
sg32,1024,128,6,1,262144,0.295835400,886114.373,1132.488,158100,182000,12259328,10240,262144,22528,0
sg32,65536,16,6,0,16384,0.515239900,31798.780,30517.578,724900,898500,12259328,2048,16384,41072,0
bounded,65536,16,6,1,16384,0.487680700,33595.752,29563.904,743000,815700,12259328,2048,16384,21245,0
bounded,64,1,6,0,262144,3.511296400,74657.326,13232.231,15300,19900,12259328,262144,262144,786432,0
sg32,64,1,6,1,262144,3.378764100,77585.766,12874.603,14700,18100,12259328,262144,262144,786432,0
sg32,64,8,6,0,262144,0.785744400,333625.031,2980.232,26500,30500,12259328,65536,262144,131072,0
bounded,64,8,6,1,262144,0.769238400,340783.819,2920.628,25700,29200,12259328,65536,65536,131072,0
bounded,64,32,6,0,262144,0.244353400,1072806.845,953.674,31700,35900,12259328,16384,16384,32768,0
sg32,64,32,6,1,262144,0.319017600,821722.689,1192.093,43200,49900,12259328,16384,262144,40960,0
sg32,64,128,6,0,262144,0.236627600,1107833.575,953.674,120200,131200,12259328,10240,262144,22528,0
bounded,64,128,6,1,262144,0.124356900,2107997.224,476.837,63800,70200,12259328,4096,4096,8192,0
bounded,224,128,6,0,262144,0.154333100,1698559.803,596.046,79900,85800,12259328,6144,6144,10240,0
sg32,224,128,6,1,262144,0.247460900,1059335.030,953.674,126900,135100,12259328,10240,262144,22528,0
