engine,batch,repeat,order,messages,seconds,messages_per_second,process_cpu_seconds,cpu_ns_per_message,poll_calls,send_retries
flowmq,1,1,0,262144,3.808049100,68839.449,3.796875000,14483.929,786432,0
libzmq,1,1,1,262144,8.381870600,31275.119,9.468750000,36120.415,0,0
libzmq,8,1,0,262144,1.186727000,220896.634,1.375000000,5245.209,0,0
flowmq,8,1,1,262144,0.853600300,307103.922,0.859375000,3278.255,131072,0
flowmq,16,1,0,262144,0.478143100,548254.278,0.484375000,1847.744,65536,0
libzmq,16,1,1,262144,0.512706700,511294.274,0.625000000,2384.186,0,0
libzmq,32,1,0,262144,0.284883900,920178.360,0.359375000,1370.907,0,0
flowmq,32,1,1,262144,0.333238800,786655.095,0.328125000,1251.698,40960,0
flowmq,64,1,0,262144,0.287281400,912499.034,0.296875000,1132.488,28672,0
libzmq,64,1,1,262144,0.184200600,1423144.116,0.265625000,1013.279,0,0
libzmq,128,1,0,262144,0.132767200,1974463.572,0.156250000,596.046,0,0
flowmq,128,1,1,262144,0.257704700,1017226.306,0.250000000,953.674,22528,0
flowmq,8,2,0,262144,0.819597300,319844.880,0.812500000,3099.442,131072,0
libzmq,8,2,1,262144,0.986480700,265736.572,1.171875000,4470.348,0,0
libzmq,16,2,0,262144,0.531502600,493213.015,0.609375000,2324.581,0,0
flowmq,16,2,1,262144,0.511622100,512378.179,0.515625000,1966.953,65536,0
flowmq,32,2,0,262144,0.395345900,663075.044,0.390625000,1490.116,40960,0
libzmq,32,2,1,262144,0.359897400,728385.368,0.437500000,1668.930,0,0
libzmq,64,2,0,262144,0.229744200,1141025.541,0.281250000,1072.884,0,0
flowmq,64,2,1,262144,0.305391800,858385.851,0.312500000,1192.093,28672,0
flowmq,128,2,0,262144,0.273283200,959239.353,0.265625000,1013.279,22528,0
libzmq,128,2,1,262144,0.135217500,1938683.972,0.140625000,536.442,0,0
libzmq,1,2,0,262144,8.800890700,29786.076,9.718750000,37074.089,0,0
flowmq,1,2,1,262144,3.975222500,65944.485,3.984375000,15199.184,786432,0
flowmq,16,3,0,262144,0.482827200,542935.444,0.468750000,1788.139,65536,0
libzmq,16,3,1,262144,0.538776800,486553.987,0.546875000,2086.163,0,0
libzmq,32,3,0,262144,0.319901500,819452.238,0.375000000,1430.511,0,0
flowmq,32,3,1,262144,0.333908800,785076.644,0.312500000,1192.093,40960,0
flowmq,64,3,0,262144,0.268385700,976743.545,0.265625000,1013.279,28672,0
libzmq,64,3,1,262144,0.163591800,1602427.506,0.203125000,774.860,0,0
libzmq,128,3,0,262144,0.135234000,1938447.432,0.171875000,655.651,0,0
flowmq,128,3,1,262144,0.268016600,978088.671,0.265625000,1013.279,22528,0
flowmq,1,3,0,262144,3.567682500,73477.390,3.531250000,13470.650,786432,0
libzmq,1,3,1,262144,6.656017000,39384.515,7.171875000,27358.532,0,0
libzmq,8,3,0,262144,1.002903700,261385.016,1.140625000,4351.139,0,0
flowmq,8,3,1,262144,0.890471800,294387.762,0.890625000,3397.465,131072,0
flowmq,32,4,0,262144,0.353369300,741841.467,0.343750000,1311.302,40960,0
libzmq,32,4,1,262144,0.327496200,800448.982,0.343750000,1311.302,0,0
libzmq,64,4,0,262144,0.240299400,1090905.762,0.328125000,1251.698,0,0
flowmq,64,4,1,262144,0.328222700,798677.240,0.328125000,1251.698,28672,0
flowmq,128,4,0,262144,0.289227800,906358.241,0.265625000,1013.279,22528,0
libzmq,128,4,1,262144,0.152511900,1718842.923,0.203125000,774.860,0,0
libzmq,1,4,0,262144,8.817636800,29729.508,9.781250000,37312.508,0,0
flowmq,1,4,1,262144,3.949909600,66367.089,3.921875000,14960.766,786432,0
flowmq,8,4,0,262144,0.829354600,316081.927,0.812500000,3099.442,131072,0
libzmq,8,4,1,262144,1.193542200,219635.301,1.312500000,5006.790,0,0
libzmq,16,4,0,262144,0.594570100,440896.708,0.671875000,2563.000,0,0
flowmq,16,4,1,262144,0.487632300,537585.390,0.484375000,1847.744,65536,0
flowmq,64,5,0,262144,0.307493700,852518.279,0.312500000,1192.093,28672,0
libzmq,64,5,1,262144,0.229145600,1144006.256,0.265625000,1013.279,0,0
libzmq,128,5,0,262144,0.152985400,1713522.990,0.234375000,894.070,0,0
flowmq,128,5,1,262144,0.316829700,827397.179,0.312500000,1192.093,22528,0
flowmq,1,5,0,262144,5.194539900,50465.297,5.046875000,19252.300,786432,0
libzmq,1,5,1,262144,9.178090700,28561.932,10.203125000,38921.833,0,0
libzmq,8,5,0,262144,1.119970400,234063.329,1.281250000,4887.581,0,0
flowmq,8,5,1,262144,0.932707800,281056.940,0.937500000,3576.279,131072,0
flowmq,16,5,0,262144,0.498886300,525458.406,0.500000000,1907.349,65536,0
libzmq,16,5,1,262144,0.633568100,413758.205,0.812500000,3099.442,0,0
libzmq,32,5,0,262144,0.341820400,766905.662,0.359375000,1370.907,0,0
flowmq,32,5,1,262144,0.371361000,705900.727,0.375000000,1430.511,40960,0
flowmq,128,6,0,262144,0.391631300,669364.272,0.390625000,1490.116,22528,0
libzmq,128,6,1,262144,0.200409200,1308043.743,0.281250000,1072.884,0,0
libzmq,1,6,0,262144,12.612518600,20784.429,13.609375000,51915.646,0,0
flowmq,1,6,1,262144,4.696123300,55821.362,4.687500000,17881.393,786432,0
flowmq,8,6,0,262144,1.023000600,256250.094,1.015625000,3874.302,131072,0
libzmq,8,6,1,262144,1.353210400,193720.060,1.640625000,6258.488,0,0
libzmq,16,6,0,262144,0.590751000,443747.027,0.828125000,3159.046,0,0
flowmq,16,6,1,262144,0.499146300,525184.700,0.500000000,1907.349,65536,0
flowmq,32,6,0,262144,0.370939000,706703.798,0.359375000,1370.907,40960,0
libzmq,32,6,1,262144,0.395879600,662181.128,0.468750000,1788.139,0,0
libzmq,64,6,0,262144,0.232481100,1127592.738,0.234375000,894.070,0,0
flowmq,64,6,1,262144,0.364506700,719174.709,0.359375000,1370.907,28672,0
