payload_bytes,lanes,repeat,pause_ms,send,wait,messages,wall_ns,messages_per_second,cpu_ns_per_message,cpu_cycles_available,cpu_cycles_per_message,prepare_receive_p99_ns,poll_calls,send_busy,wake_calls,queue_full,buffer_waits,receive_segments,sg_writes,sg_messages,sg_ranges,sg_max_messages,sg_max_ranges,app_full,peak_inflight_per_lane,send_event_checks
64,1,1,0,copy,wake,65536,63701300,1028801.610,2861.023,1,6957.896,226100,6658,2561,4096,0,453178,65536,0,0,0,0,0,0,80,0
64,1,1,0,batch_sg,wake,65536,131602800,497983.326,6437.302,1,14368.842,355100,13305,9208,4096,0,951928,65536,4609,65536,131072,16,32,0,96,0
64,1,1,0,zmq_copy,wake,65536,648596000,101042.868,30279.160,1,72525.640,1735000,396533,372670,4096,1,5085380,65536,0,0,0,0,0,19708,128,0
64,1,1,0,zmq_owned,wake,65536,641597200,102145.084,30517.578,1,72657.081,1509700,345426,320734,4096,0,4391305,65536,0,0,0,0,0,19796,128,0
64,1,1,0,zmq_copy_events,wake,65536,52530700,1247575.227,3814.697,1,7378.699,522100,9617,117,4096,0,357707,65536,0,0,0,0,0,5492,128,9617
64,1,1,0,zmq_owned_events,wake,65536,47468800,1380612.107,2861.023,1,6685.045,332300,8308,55,4096,0,326417,65536,0,0,0,0,0,4163,128,8308
64,8,1,0,copy,wake,524288,120254500,4359820.215,5275.011,1,12397.363,441000,53261,20488,32768,28,4249786,524288,0,0,0,0,0,0,80,0
64,8,1,0,batch_sg,wake,524288,260090000,2015794.533,11295.080,1,26578.615,669200,106388,73572,32768,1,9689232,524288,36872,524288,1048576,16,32,0,111,0
64,8,1,0,zmq_copy,wake,524288,648014000,809068.940,30279.160,1,72710.500,1501700,1127615,1042860,32768,186,25243761,524288,0,0,0,0,0,51688,128,0
64,8,1,0,zmq_owned,wake,524288,648388800,808601.259,30189.753,1,71192.081,1942500,1127002,1036112,32768,12,24071918,524288,0,0,0,0,0,55352,128,0
64,8,1,0,zmq_copy_events,wake,524288,96917500,5409631.903,4738.569,1,11343.232,533900,46715,68,32768,116,2180227,524288,0,0,0,0,0,13641,128,46715
64,8,1,0,zmq_owned_events,wake,524288,102593100,5110363.173,4708.767,1,11727.054,515200,47057,104,32768,7,2444576,524288,0,0,0,0,0,13957,128,47057
65536,1,1,0,copy,wake,1024,180149400,5684.171,473022.461,1,1084664.408,45093700,1035,875,64,0,657550,2026,0,0,0,0,0,0,126,0
65536,1,1,0,sg,wake,1024,136578400,7497.525,366210.938,1,844603.992,22241700,1087,1085,64,0,560292,1243,0,0,0,0,0,0,4,0
65536,1,1,0,zmq_copy,wake,1024,149358500,6855.987,457763.672,1,1083513.681,23615100,65,0,64,0,639024,1024,0,0,0,0,0,0,17,0
65536,1,1,0,zmq_owned,wake,1024,93068600,11002.637,289916.992,1,683424.946,23938600,129,0,64,0,345235,1024,0,0,0,0,0,0,80,0
65536,1,1,0,zmq_copy_events,wake,1024,129387300,7914.223,350952.148,1,923416.804,21004400,64,0,64,0,550960,1024,0,0,0,0,0,0,16,64
65536,1,1,0,zmq_owned_events,wake,1024,133134200,7691.487,366210.938,1,971884.231,31220800,104,16,64,0,501201,1024,0,0,0,0,0,0,111,104
65536,8,1,0,copy,wake,8192,529152400,15481.362,1192092.896,1,2904455.871,129471800,8386,7137,512,0,13946698,16208,0,0,0,0,0,0,127,0
65536,8,1,0,sg,wake,8192,197465400,41485.749,480651.855,1,1176985.465,26637100,8688,8670,512,0,4745190,9326,0,0,0,0,0,0,5,0
65536,8,1,0,zmq_copy,wake,8192,171218300,47845.353,442504.883,1,1158677.981,28696300,521,0,512,0,3656761,8192,0,0,0,0,0,0,46,0
65536,8,1,0,zmq_owned,wake,8192,157160400,52125.090,415802.002,1,930574.919,30632800,3588,628,512,0,1962781,8192,0,0,0,0,0,0,112,0
65536,8,1,0,zmq_copy_events,wake,8192,169185400,48420.254,408172.607,1,1026605.692,25648600,519,0,512,0,2801898,8192,0,0,0,0,0,0,32,519
65536,8,1,0,zmq_owned_events,wake,8192,179099200,45740.014,421524.048,1,981680.966,39444500,3367,1497,512,0,1666257,8192,0,0,0,0,0,0,112,3367
65536,8,2,0,sg,wake,8192,198908600,41184.745,469207.764,1,1070368.186,32359900,13605,8681,512,0,4288651,10110,0,0,0,0,0,0,3,0
65536,8,2,0,zmq_copy,wake,8192,181278700,45190.086,495910.645,1,1128776.616,35219100,523,0,512,0,3405982,8192,0,0,0,0,0,0,65,0
65536,8,2,0,zmq_owned,wake,8192,191979800,42671.156,436782.837,1,1095813.970,44974100,8401,4309,512,0,2621334,8192,0,0,0,0,0,1,128,0
65536,8,2,0,zmq_copy_events,wake,8192,184908500,44302.993,431060.791,1,1040979.348,28587000,519,0,512,0,2728414,8192,0,0,0,0,0,0,32,519
65536,8,2,0,zmq_owned_events,wake,8192,175947800,46559.264,448226.929,1,1017907.878,34422800,2874,607,512,0,2295520,8192,0,0,0,0,0,0,125,2874
65536,8,2,0,copy,wake,8192,333329400,24576.290,797271.729,1,1879357.751,80605600,10649,9273,512,0,8676617,16208,0,0,0,0,0,1,128,0
65536,1,2,0,sg,wake,1024,130331100,7856.912,366210.938,1,810145.706,18618300,1087,1085,64,0,526799,1153,0,0,0,0,0,0,3,0
65536,1,2,0,zmq_copy,wake,1024,115353400,8877.068,350952.148,1,822925.280,19052600,65,0,64,0,498952,1024,0,0,0,0,0,0,32,0
65536,1,2,0,zmq_owned,wake,1024,107005500,9569.602,366210.938,1,812859.726,17640100,114,0,64,0,435440,1024,0,0,0,0,0,0,32,0
65536,1,2,0,zmq_copy_events,wake,1024,118372200,8650.680,305175.781,1,848460.092,19910900,65,0,64,0,524695,1024,0,0,0,0,0,0,32,65
65536,1,2,0,zmq_owned_events,wake,1024,119059500,8600.742,366210.938,1,852204.375,18120300,84,0,64,0,503057,1024,0,0,0,0,0,0,32,84
65536,1,2,0,copy,wake,1024,180204600,5682.430,396728.516,1,1045216.119,48283600,1053,867,64,1,630918,2026,0,0,0,0,0,0,126,0
64,8,2,0,batch_sg,wake,524288,288949400,1814463.017,12755.394,1,29619.090,798700,106347,73373,32768,1,9451570,524288,36871,524288,1048576,16,32,0,111,0
64,8,2,0,zmq_copy,wake,524288,647401500,809834.392,29563.904,1,71599.503,1631200,1058439,970108,32768,61,22992072,524288,0,0,0,0,0,55033,128,0
64,8,2,0,zmq_owned,wake,524288,650723600,805699.993,28043.985,1,69909.476,1765500,1039439,952723,32768,33,22239720,524288,0,0,0,0,0,50627,128,0
64,8,2,0,zmq_copy_events,wake,524288,117490600,4462382.523,4529.953,1,11827.100,902000,51133,122,32768,207,1905095,524288,0,0,0,0,0,17007,128,51133
64,8,2,0,zmq_owned_events,wake,524288,109464400,4789575.424,4261.732,1,10877.858,831500,51520,62,32768,36,1789974,524288,0,0,0,0,0,17131,128,51520
64,8,2,0,copy,wake,524288,139608200,3755424.108,5662.441,1,13840.666,460700,53251,20482,32768,209,4375335,524288,0,0,0,0,0,0,80,0
64,1,2,0,batch_sg,wake,65536,211416100,309985.853,8821.487,1,22917.821,551600,13288,9189,4096,0,1057444,65536,4609,65536,131072,16,32,0,111,0
64,1,2,0,zmq_copy,wake,65536,641769600,102117.645,30517.578,1,72863.044,1510000,245146,227837,4096,0,3453963,65536,0,0,0,0,0,13190,128,0
64,1,2,0,zmq_owned,wake,65536,642072100,102069.534,29325.485,1,72402.758,1560400,248198,229350,4096,0,3589707,65536,0,0,0,0,0,14576,128,0
64,1,2,0,zmq_copy_events,wake,65536,62956000,1040981.003,3814.697,1,9000.820,535500,6780,32,4096,1,289732,65536,0,0,0,0,0,2679,128,6780
64,1,2,0,zmq_owned_events,wake,65536,62907800,1041778.603,3576.279,1,8902.686,655700,6476,13,4096,0,329450,65536,0,0,0,0,0,2363,128,6476
64,1,2,0,copy,wake,65536,104426000,627583.169,4529.953,1,11380.222,414800,6657,2560,4096,2,470702,65536,0,0,0,0,0,0,80,0
64,1,3,0,zmq_copy,wake,65536,641952600,102088.534,30517.578,1,73070.176,1546600,220746,202386,4096,1,3145211,65536,0,0,0,0,0,14239,128,0
64,1,3,0,zmq_owned,wake,65536,644516600,101682.408,30040.741,1,73005.123,1649900,269237,250099,4096,0,3614786,65536,0,0,0,0,0,14787,128,0
64,1,3,0,zmq_copy_events,wake,65536,54394800,1204821.049,3576.279,1,7673.428,522300,5931,6,4096,0,307264,65536,0,0,0,0,0,1826,128,5931
64,1,3,0,zmq_owned_events,wake,65536,57546800,1138829.613,2861.023,1,8075.926,378800,8381,68,4096,0,303550,65536,0,0,0,0,0,4182,128,8381
64,1,3,0,copy,wake,65536,83586400,784050.994,4291.534,1,9089.693,348300,6658,2561,4096,0,462566,65536,0,0,0,0,0,0,80,0
64,1,3,0,batch_sg,wake,65536,175307900,373833.695,7867.813,1,19034.951,512500,13309,9208,4096,0,994114,65536,4609,65536,131072,16,32,0,111,0
64,8,3,0,zmq_copy,wake,524288,645663200,812014.685,30279.160,1,72877.733,1554300,1166269,1078853,32768,74,25782994,524288,0,0,0,0,0,54522,128,0
64,8,3,0,zmq_owned,wake,524288,643340800,814945.982,30189.753,1,72723.855,1511900,1129039,1041690,32768,22,25047378,524288,0,0,0,0,0,54076,128,0
64,8,3,0,zmq_copy_events,wake,524288,93652800,5598209.557,4649.162,1,11404.150,537200,44842,88,32768,16,2420500,524288,0,0,0,0,0,11857,128,44842
64,8,3,0,zmq_owned_events,wake,524288,102882000,5096012.908,4321.337,1,11108.842,504900,48755,24,32768,120,2238007,524288,0,0,0,0,0,15706,128,48755
64,8,3,0,copy,wake,524288,140048500,3743617.390,5692.244,1,14243.957,498600,53256,20485,32768,64,4353272,524288,0,0,0,0,0,0,80,0
64,8,3,0,batch_sg,wake,524288,287502000,1823597.749,12397.766,1,29965.980,767100,106380,73577,32768,0,9507650,524288,36872,524288,1048576,16,32,0,111,0
65536,1,3,0,zmq_copy,wake,1024,121323600,8440.238,411987.305,1,894648.049,21586500,65,0,64,0,470905,1024,0,0,0,0,0,0,32,0
65536,1,3,0,zmq_owned,wake,1024,129670400,7896.945,350952.148,1,894957.478,30742300,142,57,64,0,373384,1024,0,0,0,0,0,0,111,0
65536,1,3,0,zmq_copy_events,wake,1024,115445200,8870.009,366210.938,1,819254.665,21086700,65,0,64,0,369750,1024,0,0,0,0,0,0,32,65
65536,1,3,0,zmq_owned_events,wake,1024,107626900,9514.350,335693.359,1,801883.429,19536500,81,0,64,0,440409,1024,0,0,0,0,0,0,32,81
65536,1,3,0,copy,wake,1024,141797300,7221.576,335693.359,1,808564.629,37527100,1061,872,64,0,504005,2026,0,0,0,0,0,0,126,0
65536,1,3,0,sg,wake,1024,126812300,8074.926,335693.359,1,806481.866,16601000,1086,1084,64,0,548236,1324,0,0,0,0,0,0,3,0
65536,8,3,0,zmq_copy,wake,8192,155037500,52838.829,488281.250,1,1075432.495,27787000,521,0,512,0,3871804,8192,0,0,0,0,0,0,55,0
65536,8,3,0,zmq_owned,wake,8192,150131500,54565.498,417709.351,1,996089.213,31420200,3149,813,512,0,2199528,8192,0,0,0,0,0,0,123,0
65536,8,3,0,zmq_copy_events,wake,8192,178010500,46019.757,490188.599,1,1163361.512,30123200,520,0,512,0,3747385,8192,0,0,0,0,0,0,46,520
65536,8,3,0,zmq_owned_events,wake,8192,154350100,53074.148,398635.864,1,1024720.342,32459800,1807,364,512,0,2431160,8192,0,0,0,0,0,0,122,1807
65536,8,3,0,copy,wake,8192,322674600,25387.806,734329.224,1,1796583.073,75050600,8356,7042,512,0,8515314,16208,0,0,0,0,0,2,128,0
65536,8,3,0,sg,wake,8192,179474400,45644.393,467300.415,1,1093505.457,25765000,13078,8685,512,0,4815155,9800,0,0,0,0,0,0,3,0
65536,8,4,0,zmq_owned,wake,8192,156885800,52216.326,404357.910,1,1027834.798,28579300,3124,276,512,0,2873719,8192,0,0,0,0,0,0,106,0
65536,8,4,0,zmq_copy_events,wake,8192,170528600,48038.863,484466.553,1,1165327.273,27011600,520,0,512,0,3738344,8192,0,0,0,0,0,0,32,520
65536,8,4,0,zmq_owned_events,wake,8192,150016200,54607.436,423431.396,1,982732.037,30467200,1434,141,512,0,2784883,8192,0,0,0,0,0,0,125,1434
65536,8,4,0,copy,wake,8192,336877900,24317.416,782012.939,1,1932715.732,83372500,8348,7050,512,0,8567514,16208,0,0,0,0,0,1,128,0
65536,8,4,0,sg,wake,8192,181485200,45138.667,473022.461,1,1104576.191,25008400,8693,8677,512,0,4717911,9960,0,0,0,0,0,0,4,0
65536,8,4,0,zmq_copy,wake,8192,184554800,44387.900,528335.571,1,1208417.814,28978700,520,0,512,0,3795519,8192,0,0,0,0,0,0,32,0
65536,1,4,0,zmq_owned,wake,1024,140462500,7290.202,396728.516,1,986589.368,32392900,171,53,64,0,415889,1024,0,0,0,0,0,0,111,0
65536,1,4,0,zmq_copy_events,wake,1024,157726700,6492.243,442504.883,1,1104859.569,26479300,65,0,64,0,499149,1024,0,0,0,0,0,0,32,65
65536,1,4,0,zmq_owned_events,wake,1024,123574200,8286.519,411987.305,1,885747.245,20891800,95,0,64,0,407938,1024,0,0,0,0,0,0,32,95
65536,1,4,0,copy,wake,1024,149058300,6869.795,350952.148,1,905402.156,41843700,1055,868,64,0,546929,2026,0,0,0,0,0,0,126,0
65536,1,4,0,sg,wake,1024,139770500,7326.296,381469.727,1,871174.000,21125400,1087,1084,64,0,564337,1149,0,0,0,0,0,0,3,0
65536,1,4,0,zmq_copy,wake,1024,138333000,7402.427,457763.672,1,987882.301,22982100,65,0,64,0,494904,1024,0,0,0,0,0,0,32,0
64,8,4,0,zmq_owned,wake,524288,644186200,813876.485,29951.334,1,72594.095,1495000,1148626,1061377,32768,1,25049385,524288,0,0,0,0,0,54028,128,0
64,8,4,0,zmq_copy_events,wake,524288,113174800,4632550.709,5036.592,1,11950.613,768200,50505,122,32768,73,2097045,524288,0,0,0,0,0,16386,128,50505
64,8,4,0,zmq_owned_events,wake,524288,107547900,4874925.498,4589.558,1,10794.916,590200,50767,87,32768,26,1822270,524288,0,0,0,0,0,16627,128,50767
64,8,4,0,copy,wake,524288,139076000,3769794.932,5602.837,1,13477.725,508200,53265,20489,32768,132,4126932,524288,0,0,0,0,0,0,80,0
64,8,4,0,batch_sg,wake,524288,286185200,1831988.517,12218.952,1,29062.040,677300,106397,73592,32768,0,9431104,524288,36872,524288,1048576,16,32,0,111,0
64,8,4,0,zmq_copy,wake,524288,645263100,812518.181,30100.346,1,71599.274,1534700,1093126,1007754,32768,198,23167706,524288,0,0,0,0,0,52404,128,0
64,1,4,0,zmq_owned,wake,65536,643393600,101859.888,30755.997,1,72689.855,1606800,238465,220844,4096,2,3264268,65536,0,0,0,0,0,13200,128,0
64,1,4,0,zmq_copy_events,wake,65536,80432300,814797.040,4768.372,1,11360.353,663700,7845,43,4096,4,346670,65536,0,0,0,0,0,3726,128,7845
64,1,4,0,zmq_owned_events,wake,65536,62382900,1050544.300,3814.697,1,8831.585,452700,7253,35,4096,0,313910,65536,0,0,0,0,0,3134,128,7253
64,1,4,0,copy,wake,65536,109160300,600364.785,5006.790,1,11763.811,400300,6657,2561,4096,0,527189,65536,0,0,0,0,0,0,80,0
64,1,4,0,batch_sg,wake,65536,234580700,279375.072,10728.836,1,25365.015,876400,13304,9205,4096,0,1147782,65536,4609,65536,131072,16,32,0,104,0
64,1,4,0,zmq_copy,wake,65536,641648700,102136.886,30279.160,1,72763.167,1553600,235863,219514,4096,2,3192083,65536,0,0,0,0,0,12240,128,0
