platform,source_commit,repeat,wait_ms,poll_calls,wall_ns,cpu_ns,cpu_cores
linux,cbe122d52ea246df8a9d52ea83a76cda1772c603,1,0,137954,250000798,249984000,0.999933
linux,cbe122d52ea246df8a9d52ea83a76cda1772c603,1,1,236,250157821,3690000,0.014751
linux,cbe122d52ea246df8a9d52ea83a76cda1772c603,2,1,234,250754323,3543000,0.014129
linux,cbe122d52ea246df8a9d52ea83a76cda1772c603,2,0,136904,250000768,250005000,1.000017
linux,cbe122d52ea246df8a9d52ea83a76cda1772c603,3,0,138040,250000758,250006000,1.000021
linux,cbe122d52ea246df8a9d52ea83a76cda1772c603,3,1,234,250669725,3438000,0.013715
linux,cbe122d52ea246df8a9d52ea83a76cda1772c603,4,1,235,250771875,3524000,0.014053
linux,cbe122d52ea246df8a9d52ea83a76cda1772c603,4,0,138660,250001268,250008000,1.000027
windows,cbe122d52ea246df8a9d52ea83a76cda1772c603,1,0,99446,250002000,250000000,0.999992
windows,cbe122d52ea246df8a9d52ea83a76cda1772c603,1,1,16,250314100,0,0.000000
windows,cbe122d52ea246df8a9d52ea83a76cda1772c603,2,1,17,261839500,0,0.000000
windows,cbe122d52ea246df8a9d52ea83a76cda1772c603,2,0,100197,250000900,250000000,0.999996
windows,cbe122d52ea246df8a9d52ea83a76cda1772c603,3,0,100475,250001600,250000000,0.999994
windows,cbe122d52ea246df8a9d52ea83a76cda1772c603,3,1,17,253512700,0,0.000000
windows,cbe122d52ea246df8a9d52ea83a76cda1772c603,4,1,17,261403300,0,0.000000
windows,cbe122d52ea246df8a9d52ea83a76cda1772c603,4,0,100582,250001900,250000000,0.999992
macos,cbe122d52ea246df8a9d52ea83a76cda1772c603,1,0,3389,250070000,55839000,0.223293
macos,cbe122d52ea246df8a9d52ea83a76cda1772c603,1,1,33,257868000,2081000,0.008070
macos,cbe122d52ea246df8a9d52ea83a76cda1772c603,2,1,30,254068000,2134000,0.008399
macos,cbe122d52ea246df8a9d52ea83a76cda1772c603,2,0,4383,250025000,51634000,0.206515
macos,cbe122d52ea246df8a9d52ea83a76cda1772c603,3,0,4209,250016000,54752000,0.218994
macos,cbe122d52ea246df8a9d52ea83a76cda1772c603,3,1,33,256738000,2398000,0.009340
macos,cbe122d52ea246df8a9d52ea83a76cda1772c603,4,1,31,251248000,3008000,0.011972
macos,cbe122d52ea246df8a9d52ea83a76cda1772c603,4,0,4114,250049000,56898000,0.227547
