payload_bytes,lanes,repeat,order,connections,batch,messages,wall_ns,messages_per_second,cpu_ns_per_message,burst_p95_ns,burst_p99_ns,poll_calls,send_retries,process_peak_rss_bytes
64,1,1,0,8,128,2097152,1192237100,1759005.822,558.794,574100,872200,8192,0,14790656
64,2,1,1,8,128,2097152,612937100,3421479.953,573.695,296000,374800,16384,0,15515648
64,4,1,2,8,128,2097152,358793200,5845016.015,678.003,205200,275100,32768,0,16379904
64,8,1,3,8,128,2097152,279013400,7516312.837,998.378,184200,253700,65536,0,17125376
1024,1,1,0,8,128,2097152,4734986100,442905.630,2257.526,2743100,3291800,22528,0,21561344
1024,2,1,1,8,128,2097152,2024950600,1035655.882,1840.293,1159300,1477200,45056,0,22155264
1024,4,1,2,8,128,2097152,1033163800,2029834.959,1929.700,572500,782600,90112,0,22155264
1024,8,1,3,8,128,2097152,549402700,3817149.060,2019.107,297500,376500,180224,0,22155264
1024,2,2,0,8,128,2097152,1892392800,1108201.215,1765.788,1051000,1290300,45056,0,24461312
1024,4,2,1,8,128,2097152,1060228100,1978019.636,1944.602,616800,813700,90112,0,24461312
1024,8,2,2,8,128,2097152,523213900,4008211.556,1929.700,279100,323300,180224,0,24461312
1024,1,2,3,8,128,2097152,4795856800,437284.116,2272.427,2821300,3241000,22528,0,24924160
64,2,2,0,8,128,2097152,868224600,2415448.721,827.014,414800,554000,16384,0,24924160
64,4,2,1,8,128,2097152,453516800,4624199.148,834.465,225700,284400,32768,0,24924160
64,8,2,2,8,128,2097152,269624100,7778058.415,968.575,147100,173200,65536,0,24924160
64,1,2,3,8,128,2097152,1643079700,1276354.397,774.860,831500,1141100,8192,0,24924160
64,4,3,0,8,128,2097152,473059200,4433170.309,879.169,248800,288900,32768,0,24924160
64,8,3,1,8,128,2097152,264565200,7926787.045,990.927,142300,166000,65536,0,24924160
64,1,3,2,8,128,2097152,1656332100,1266142.219,789.762,848700,1194300,8192,0,24924160
64,2,3,3,8,128,2097152,885694200,2367805.954,834.465,448100,564500,16384,0,24924160
1024,4,3,0,8,128,2097152,1095948900,1913549.071,2041.459,602800,764800,90112,0,25448448
1024,8,3,1,8,128,2097152,602877700,3478569.534,2257.526,356400,473300,180224,0,25448448
1024,1,3,2,8,128,2097152,4221936900,496727.462,1989.305,2602800,3233900,22528,0,27185152
1024,2,3,3,8,128,2097152,1974883700,1061911.646,1870.096,1024800,1388200,45056,0,27185152
1024,8,4,0,8,128,2097152,566614200,3701199.158,2145.767,308500,356000,180224,0,27185152
1024,1,4,1,8,128,2097152,3475451100,603418.647,1646.578,2064100,2630200,22528,0,28000256
1024,2,4,2,8,128,2097152,1852856300,1131848.163,1765.788,987100,1177300,45056,0,28000256
1024,4,4,3,8,128,2097152,1014086300,2068021.233,1899.898,545000,724000,90112,0,28000256
64,8,4,0,8,128,2097152,251645800,8333745.288,938.773,140300,159900,65536,0,28000256
64,1,4,1,8,128,2097152,1280888400,1637263.637,610.948,689000,794500,8192,0,28000256
64,2,4,2,8,128,2097152,795555500,2636085.100,745.058,399000,510800,16384,0,28000256
64,4,4,3,8,128,2097152,470231000,4459833.571,894.070,238000,319100,32768,0,28000256
64,1,5,0,8,128,2097152,1475574600,1421244.307,700.355,842300,1131600,8192,0,28000256
64,2,5,1,8,128,2097152,874390500,2398415.811,819.564,481800,549700,16384,0,28000256
64,4,5,2,8,128,2097152,445189400,4710696.167,841.916,227800,283100,32768,0,28000256
64,8,5,3,8,128,2097152,304150500,6895112.781,1065.433,178200,241700,65536,0,28000256
1024,1,5,0,8,128,2097152,4042416800,518786.682,1914.799,2389500,2937300,22528,0,28180480
1024,2,5,1,8,128,2097152,2324399200,902234.005,2190.471,1416300,1979500,45056,0,29089792
1024,4,5,2,8,128,2097152,1052264000,1992990.352,1981.854,586100,726700,90112,0,29089792
1024,8,5,3,8,128,2097152,572899700,3660591.898,2078.712,331600,447300,180224,0,29089792
1024,2,6,0,8,128,2097152,1802952100,1163176.770,1676.381,1015600,1423300,45056,0,30486528
1024,4,6,1,8,128,2097152,1054515400,1988735.300,1899.898,541900,673400,90112,0,30486528
1024,8,6,2,8,128,2097152,554086300,3784883.330,2093.613,295500,337600,180224,0,30486528
1024,1,6,3,8,128,2097152,3406565500,615620.630,1609.325,2082900,2555900,22528,0,30789632
64,2,6,0,8,128,2097152,759755700,2760297.817,715.256,397300,484500,16384,0,30789632
64,4,6,1,8,128,2097152,474132000,4423139.548,894.070,226200,259300,32768,0,30789632
64,8,6,2,8,128,2097152,263278700,7965520.948,998.378,142000,163200,65536,0,30789632
64,1,6,3,8,128,2097152,1309752100,1601182.392,618.398,755300,1162600,8192,0,30789632
64,4,7,0,8,128,2097152,441195500,4753339.506,827.014,218800,253400,32768,0,30789632
64,8,7,1,8,128,2097152,273580000,7665589.590,1013.279,141900,165400,65536,0,30789632
64,1,7,2,8,128,2097152,1421975000,1474816.365,670.552,730500,1037400,8192,0,30789632
64,2,7,3,8,128,2097152,887741600,2362345.079,819.564,422500,500200,16384,0,30789632
1024,4,7,0,8,128,2097152,989020100,2120434.155,1862.645,515300,640400,90112,0,30789632
1024,8,7,1,8,128,2097152,556687300,3767199.288,2056.360,308500,365600,180224,0,30789632
1024,1,7,2,8,128,2097152,3162614000,663107.164,1505.017,1888900,2436900,22528,0,30814208
1024,2,7,3,8,128,2097152,1847552400,1135097.440,1750.886,977100,1243300,45056,0,30814208
1024,8,8,0,8,128,2097152,565910700,3705800.226,2101.064,295200,344700,180224,0,30814208
1024,1,8,1,8,128,2097152,3253751100,644533.628,1542.270,1972700,2406500,22528,0,30928896
1024,2,8,2,8,128,2097152,1820346300,1152062.110,1706.183,952500,1159500,45056,0,30928896
1024,4,8,3,8,128,2097152,977731300,2144916.502,1855.195,537500,711700,90112,0,30928896
64,8,8,0,8,128,2097152,272744600,7689068.821,1028.180,151200,183100,65536,0,30928896
64,1,8,1,8,128,2097152,1162887200,1803401.052,551.343,628100,733200,8192,0,30928896
64,2,8,2,8,128,2097152,688820100,3044556.917,648.201,355100,456100,16384,0,30928896
64,4,8,3,8,128,2097152,454675000,4612419.860,827.014,220400,264700,32768,0,30928896
