platform,source_commit,payload_bytes,repeat,wait_ms,messages,wall_ns,messages_per_second,cpu_ns_per_message
linux,0b02737e824af2e22223eb77935affee2b55e504,64,1,0,32768,439831686,74501.226,13421.234
linux,0b02737e824af2e22223eb77935affee2b55e504,64,1,1,32768,496770328,65962.072,13574.493
linux,0b02737e824af2e22223eb77935affee2b55e504,65536,1,0,4096,144349041,28375.665,35240.234
linux,0b02737e824af2e22223eb77935affee2b55e504,65536,1,1,4096,211584046,19358.737,36147.461
linux,0b02737e824af2e22223eb77935affee2b55e504,65536,2,1,4096,212186931,19303.734,36039.551
linux,0b02737e824af2e22223eb77935affee2b55e504,65536,2,0,4096,145802271,28092.841,35600.098
linux,0b02737e824af2e22223eb77935affee2b55e504,64,2,1,32768,495596100,66118.357,13538.513
linux,0b02737e824af2e22223eb77935affee2b55e504,64,2,0,32768,443684592,73854.266,13539.307
linux,0b02737e824af2e22223eb77935affee2b55e504,64,3,0,32768,439575381,74544.666,13414.185
linux,0b02737e824af2e22223eb77935affee2b55e504,64,3,1,32768,494002451,66331.655,13487.091
linux,0b02737e824af2e22223eb77935affee2b55e504,65536,3,0,4096,146501770,27958.707,35768.066
linux,0b02737e824af2e22223eb77935affee2b55e504,65536,3,1,4096,213732001,19164.187,35904.541
linux,0b02737e824af2e22223eb77935affee2b55e504,65536,4,1,4096,213418776,19192.313,36084.473
linux,0b02737e824af2e22223eb77935affee2b55e504,65536,4,0,4096,144873382,28272.965,35367.188
linux,0b02737e824af2e22223eb77935affee2b55e504,64,4,1,32768,492998577,66466.723,13492.371
linux,0b02737e824af2e22223eb77935affee2b55e504,64,4,0,32768,440361327,74411.621,13437.531
windows,0b02737e824af2e22223eb77935affee2b55e504,64,1,0,32768,318531200,102872.183,10013.580
windows,0b02737e824af2e22223eb77935affee2b55e504,64,1,1,32768,308416200,106246.040,9059.906
windows,0b02737e824af2e22223eb77935affee2b55e504,65536,1,0,4096,85279600,48030.244,19073.486
windows,0b02737e824af2e22223eb77935affee2b55e504,65536,1,1,4096,83273900,49187.080,19073.486
windows,0b02737e824af2e22223eb77935affee2b55e504,65536,2,1,4096,85267500,48037.060,19073.486
windows,0b02737e824af2e22223eb77935affee2b55e504,65536,2,0,4096,83743700,48911.142,22888.184
windows,0b02737e824af2e22223eb77935affee2b55e504,64,2,1,32768,310572000,105508.546,9059.906
windows,0b02737e824af2e22223eb77935affee2b55e504,64,2,0,32768,313290200,104593.122,9536.743
windows,0b02737e824af2e22223eb77935affee2b55e504,64,3,0,32768,309233700,105965.165,9059.906
windows,0b02737e824af2e22223eb77935affee2b55e504,64,3,1,32768,315388300,103897.323,9536.743
windows,0b02737e824af2e22223eb77935affee2b55e504,65536,3,0,4096,82960900,49372.656,19073.486
windows,0b02737e824af2e22223eb77935affee2b55e504,65536,3,1,4096,86647300,47272.102,19073.486
windows,0b02737e824af2e22223eb77935affee2b55e504,65536,4,1,4096,83207200,49226.509,19073.486
windows,0b02737e824af2e22223eb77935affee2b55e504,65536,4,0,4096,83299000,49172.259,19073.486
windows,0b02737e824af2e22223eb77935affee2b55e504,64,4,1,32768,311338000,105248.958,9059.906
windows,0b02737e824af2e22223eb77935affee2b55e504,64,4,0,32768,317643500,103159.674,9536.743
macos,0b02737e824af2e22223eb77935affee2b55e504,64,1,0,32768,1560021000,21004.845,24821.838
macos,0b02737e824af2e22223eb77935affee2b55e504,64,1,1,32768,7165122000,4573.265,24195.099
macos,0b02737e824af2e22223eb77935affee2b55e504,65536,1,0,4096,257027000,15936.069,44492.188
macos,0b02737e824af2e22223eb77935affee2b55e504,65536,1,1,4096,1096575000,3735.267,38382.324
macos,0b02737e824af2e22223eb77935affee2b55e504,65536,2,1,4096,1237944000,3308.712,44303.955
macos,0b02737e824af2e22223eb77935affee2b55e504,65536,2,0,4096,190522000,21498.830,30328.613
macos,0b02737e824af2e22223eb77935affee2b55e504,64,2,1,32768,5874908000,5577.619,19956.787
macos,0b02737e824af2e22223eb77935affee2b55e504,64,2,0,32768,1015313000,32273.791,15723.816
macos,0b02737e824af2e22223eb77935affee2b55e504,64,3,0,32768,1173870000,27914.505,19622.955
macos,0b02737e824af2e22223eb77935affee2b55e504,64,3,1,32768,7011864000,4673.222,20852.203
macos,0b02737e824af2e22223eb77935affee2b55e504,65536,3,0,4096,207159000,19772.252,32928.955
macos,0b02737e824af2e22223eb77935affee2b55e504,65536,3,1,4096,747614000,5478.763,33838.135
macos,0b02737e824af2e22223eb77935affee2b55e504,65536,4,1,4096,893962000,4581.850,34061.768
macos,0b02737e824af2e22223eb77935affee2b55e504,65536,4,0,4096,220767000,18553.498,36536.621
macos,0b02737e824af2e22223eb77935affee2b55e504,64,4,1,32768,6263317000,5231.733,21504.028
macos,0b02737e824af2e22223eb77935affee2b55e504,64,4,0,32768,1062645000,30836.262,16671.234
