policy,period_ms,policy_order,payload_bytes,lanes,repeat,order,lane,connections,messages,start_offset_ns,finish_offset_ns,burst_p99_ns,poll_calls,send_retries
spin,5,0,64,1,1,0,0,8,262144,13000,1280681700,1094900,240180,0
wait,5,1,64,1,1,0,0,8,262144,25400,1292856400,1625000,1114,0
spin,5,0,64,8,1,1,0,1,32768,34300,1280146100,316900,1286754,0
spin,5,0,64,8,1,1,1,1,32768,42400,1280198800,344800,1251410,0
spin,5,0,64,8,1,1,2,1,32768,29200,1280143100,349900,1199727,0
spin,5,0,64,8,1,1,3,1,32768,41400,1280167000,388400,1437720,0
spin,5,0,64,8,1,1,4,1,32768,37600,1280148100,634700,1135703,0
spin,5,0,64,8,1,1,5,1,32768,47000,1280152300,294000,1113329,0
spin,5,0,64,8,1,1,6,1,32768,36500,1280209900,371900,1263793,0
spin,5,0,64,8,1,1,7,1,32768,44800,1280200700,387800,1178423,0
wait,5,1,64,8,1,1,0,1,32768,56900,1286324400,530100,1110,0
wait,5,1,64,8,1,1,1,1,32768,49600,1286275900,568300,1110,0
wait,5,1,64,8,1,1,2,1,32768,58400,1286231800,620000,1110,0
wait,5,1,64,8,1,1,3,1,32768,35700,1286311100,568800,1110,0
wait,5,1,64,8,1,1,4,1,32768,31300,1286011000,476800,1110,0
wait,5,1,64,8,1,1,5,1,32768,49100,1286218700,508500,1110,0
wait,5,1,64,8,1,1,6,1,32768,40600,1286245200,480500,1110,0
wait,5,1,64,8,1,1,7,1,32768,55000,1286237300,473300,1110,0
spin,5,0,1024,1,1,0,0,8,262144,27700,1282783700,3359800,137769,0
wait,5,1,1024,1,1,0,0,8,262144,27500,1284550000,3606700,2896,0
spin,5,0,1024,8,1,1,0,1,32768,45500,1280387900,522200,1259720,0
spin,5,0,1024,8,1,1,1,1,32768,48200,1280431300,597700,1283161,0
spin,5,0,1024,8,1,1,2,1,32768,32500,1280433000,497500,1300528,0
spin,5,0,1024,8,1,1,3,1,32768,37600,1280477100,606300,1306660,0
spin,5,0,1024,8,1,1,4,1,32768,39500,1280578300,678500,1230191,0
spin,5,0,1024,8,1,1,5,1,32768,39400,1280549700,626000,1240001,0
spin,5,0,1024,8,1,1,6,1,32768,29200,1280494300,650800,1187978,0
spin,5,0,1024,8,1,1,7,1,32768,52100,1280398600,513400,1303515,0
wait,5,1,1024,8,1,1,0,1,32768,32000,1282598300,1196000,2899,0
wait,5,1,1024,8,1,1,1,1,32768,18300,1282707700,1136100,2899,0
wait,5,1,1024,8,1,1,2,1,32768,30200,1282692800,1067600,2899,0
wait,5,1,1024,8,1,1,3,1,32768,38100,1282578600,929700,2899,0
wait,5,1,1024,8,1,1,4,1,32768,34800,1282595600,1067700,2899,0
wait,5,1,1024,8,1,1,5,1,32768,22300,1282497600,1231200,2899,0
wait,5,1,1024,8,1,1,6,1,32768,28300,1282568300,1069500,2899,0
wait,5,1,1024,8,1,1,7,1,32768,34400,1282573600,1016000,2899,0
wait,5,0,1024,8,2,0,0,1,32768,77800,1285829500,768600,2902,0
wait,5,0,1024,8,2,0,1,1,32768,67700,1285362400,838900,2902,0
wait,5,0,1024,8,2,0,2,1,32768,65500,1285694600,787400,2902,0
wait,5,0,1024,8,2,0,3,1,32768,62800,1285386400,896100,2902,0
wait,5,0,1024,8,2,0,4,1,32768,66200,1285547400,768800,2902,0
wait,5,0,1024,8,2,0,5,1,32768,791000,1285607600,808900,2903,0
wait,5,0,1024,8,2,0,6,1,32768,54200,1285608500,778200,2902,0
wait,5,0,1024,8,2,0,7,1,32768,56300,1285466900,775000,2902,0
spin,5,1,1024,8,2,0,0,1,32768,58400,1280376600,518200,1290018,0
spin,5,1,1024,8,2,0,1,1,32768,52100,1280385700,556500,1367894,0
spin,5,1,1024,8,2,0,2,1,32768,61500,1280362700,586300,1359997,0
spin,5,1,1024,8,2,0,3,1,32768,46200,1280448400,572600,1380640,0
spin,5,1,1024,8,2,0,4,1,32768,45400,1280544400,871400,1365418,0
spin,5,1,1024,8,2,0,5,1,32768,62800,1280341800,503700,1266211,0
spin,5,1,1024,8,2,0,6,1,32768,61600,1280468500,493500,1378006,0
spin,5,1,1024,8,2,0,7,1,32768,57000,1280374000,601800,1368848,0
wait,5,0,1024,1,2,1,0,8,262144,11400,1286792200,3681800,2902,0
spin,5,1,1024,1,2,1,0,8,262144,16600,1281533700,3157100,186254,0
wait,5,0,64,8,2,0,0,1,32768,32200,1284248900,407600,1113,0
wait,5,0,64,8,2,0,1,1,32768,42400,1284215000,498400,1113,0
wait,5,0,64,8,2,0,2,1,32768,32600,1284175800,423800,1113,0
wait,5,0,64,8,2,0,3,1,32768,39800,1284204100,411900,1113,0
wait,5,0,64,8,2,0,4,1,32768,48300,1284099100,457900,1113,0
wait,5,0,64,8,2,0,5,1,32768,30300,1284183400,433900,1113,0
wait,5,0,64,8,2,0,6,1,32768,50100,1284188400,397800,1113,0
wait,5,0,64,8,2,0,7,1,32768,47400,1284238800,448600,1113,0
spin,5,1,64,8,2,0,0,1,32768,32600,1280187500,175000,1472776,0
spin,5,1,64,8,2,0,1,1,32768,33900,1280190100,236600,1447614,0
spin,5,1,64,8,2,0,2,1,32768,26700,1280182000,210200,1441111,0
spin,5,1,64,8,2,0,3,1,32768,28900,1280204000,308900,1463831,0
spin,5,1,64,8,2,0,4,1,32768,29600,1280168200,226200,1455679,0
spin,5,1,64,8,2,0,5,1,32768,26100,1280203400,288800,1455948,0
spin,5,1,64,8,2,0,6,1,32768,23900,1280231300,272600,1402684,0
spin,5,1,64,8,2,0,7,1,32768,25900,1280211200,225300,1472386,0
wait,5,0,64,1,2,1,0,8,262144,12100,1297184800,1135300,1107,0
spin,5,1,64,1,2,1,0,8,262144,6100,1280885600,724800,270534,0
spin,5,0,64,1,3,0,0,8,262144,7700,1280510500,945800,281669,0
wait,5,1,64,1,3,0,0,8,262144,10500,1282217900,1125100,1111,0
spin,5,0,64,8,3,1,0,1,32768,20900,1280117500,231100,1470710,0
spin,5,0,64,8,3,1,1,1,32768,25900,1280164500,202400,1485084,0
spin,5,0,64,8,3,1,2,1,32768,28000,1280154200,239400,1478758,0
spin,5,0,64,8,3,1,3,1,32768,28100,1280149600,310600,1445786,0
spin,5,0,64,8,3,1,4,1,32768,20000,1280115100,255800,1391821,0
spin,5,0,64,8,3,1,5,1,32768,28000,1280147500,214400,1449162,0
spin,5,0,64,8,3,1,6,1,32768,23100,1280373800,326100,1463134,0
spin,5,0,64,8,3,1,7,1,32768,37500,1280175800,229800,1441436,0
wait,5,1,64,8,3,1,0,1,32768,77100,1294420000,465400,1112,0
wait,5,1,64,8,3,1,1,1,32768,59100,1294514300,533400,1113,0
wait,5,1,64,8,3,1,2,1,32768,64200,1294437100,396500,1112,0
wait,5,1,64,8,3,1,3,1,32768,40800,1294456200,425100,1113,0
wait,5,1,64,8,3,1,4,1,32768,53600,1294574400,594900,1113,0
wait,5,1,64,8,3,1,5,1,32768,46800,1294459800,432500,1113,0
wait,5,1,64,8,3,1,6,1,32768,69400,1294489500,523400,1112,0
wait,5,1,64,8,3,1,7,1,32768,74600,1294510900,380900,1112,0
spin,5,0,1024,1,3,0,0,8,262144,8600,1281474700,1610600,244224,0
wait,5,1,1024,1,3,0,0,8,262144,10900,1288926700,2556400,2901,0
spin,5,0,1024,8,3,1,0,1,32768,14400,1280407500,431400,1433548,0
spin,5,0,1024,8,3,1,1,1,32768,30300,1280353400,344200,1398921,0
spin,5,0,1024,8,3,1,2,1,32768,30300,1280316000,369600,1392335,0
spin,5,0,1024,8,3,1,3,1,32768,33000,1280303100,363800,1352846,0
spin,5,0,1024,8,3,1,4,1,32768,24300,1280263600,391100,1356196,0
spin,5,0,1024,8,3,1,5,1,32768,22700,1280352800,366200,1293715,0
spin,5,0,1024,8,3,1,6,1,32768,28300,1280284500,386100,1399602,0
spin,5,0,1024,8,3,1,7,1,32768,21300,1280330800,473200,1362457,0
wait,5,1,1024,8,3,1,0,1,32768,34200,1282231500,659300,2901,0
wait,5,1,1024,8,3,1,1,1,32768,28700,1282313500,758700,2901,0
wait,5,1,1024,8,3,1,2,1,32768,41700,1282191900,665600,2901,0
wait,5,1,1024,8,3,1,3,1,32768,41300,1282285400,648600,2901,0
wait,5,1,1024,8,3,1,4,1,32768,43600,1282310100,634000,2902,0
wait,5,1,1024,8,3,1,5,1,32768,36500,1282259500,676300,2901,0
wait,5,1,1024,8,3,1,6,1,32768,50600,1282325700,675200,2901,0
wait,5,1,1024,8,3,1,7,1,32768,32400,1282253900,681700,2901,0
wait,5,0,1024,8,4,0,0,1,32768,23700,1284031900,730500,2899,0
wait,5,0,1024,8,4,0,1,1,32768,16200,1284082700,816400,2899,0
wait,5,0,1024,8,4,0,2,1,32768,25600,1284056500,674100,2899,0
wait,5,0,1024,8,4,0,3,1,32768,20800,1283995800,773700,2899,0
wait,5,0,1024,8,4,0,4,1,32768,23600,1283999800,696900,2899,0
wait,5,0,1024,8,4,0,5,1,32768,24600,1284123500,671600,2899,0
wait,5,0,1024,8,4,0,6,1,32768,23600,1284000300,631100,2899,0
wait,5,0,1024,8,4,0,7,1,32768,22800,1284066600,657500,2899,0
spin,5,1,1024,8,4,0,0,1,32768,26500,1280230600,352600,1478253,0
spin,5,1,1024,8,4,0,1,1,32768,23000,1280240100,328000,1474890,0
spin,5,1,1024,8,4,0,2,1,32768,24000,1280241100,326400,1473535,0
spin,5,1,1024,8,4,0,3,1,32768,24000,1280243200,391000,1452999,0
spin,5,1,1024,8,4,0,4,1,32768,26300,1280268300,355400,1466662,0
spin,5,1,1024,8,4,0,5,1,32768,34300,1280247200,319900,1415591,0
spin,5,1,1024,8,4,0,6,1,32768,28700,1280257800,418600,1433501,0
spin,5,1,1024,8,4,0,7,1,32768,22400,1280231100,325700,1468320,0
wait,5,0,1024,1,4,1,0,8,262144,12300,1282617900,2002400,2899,0
spin,5,1,1024,1,4,1,0,8,262144,10200,1281303600,1647000,245540,0
wait,5,0,64,8,4,0,0,1,32768,65600,1290835600,477800,1107,0
wait,5,0,64,8,4,0,1,1,32768,58700,1290830800,418000,1107,0
wait,5,0,64,8,4,0,2,1,32768,52100,1290798200,603200,1108,0
wait,5,0,64,8,4,0,3,1,32768,45100,1290730600,439900,1107,0
wait,5,0,64,8,4,0,4,1,32768,52500,1290832700,570800,1107,0
wait,5,0,64,8,4,0,5,1,32768,63700,1290815900,519400,1108,0
wait,5,0,64,8,4,0,6,1,32768,56400,1290820400,467900,1108,0
wait,5,0,64,8,4,0,7,1,32768,60500,1290751800,384800,1108,0
spin,5,1,64,8,4,0,0,1,32768,20900,1280123000,164100,1635406,0
spin,5,1,64,8,4,0,1,1,32768,17600,1280125000,182800,1573286,0
spin,5,1,64,8,4,0,2,1,32768,29300,1280148900,176800,1607060,0
spin,5,1,64,8,4,0,3,1,32768,24100,1280131500,222100,1601900,0
spin,5,1,64,8,4,0,4,1,32768,18200,1280167300,203100,1604978,0
spin,5,1,64,8,4,0,5,1,32768,16000,1280146100,152900,1624000,0
spin,5,1,64,8,4,0,6,1,32768,19600,1280127000,182300,1555170,0
spin,5,1,64,8,4,0,7,1,32768,17000,1280111300,142200,1635170,0
wait,5,0,64,1,4,1,0,8,262144,14100,1284891600,1241000,1106,0
spin,5,1,64,1,4,1,0,8,262144,9100,1280515400,588300,282288,0
spin,5,0,64,1,5,0,0,8,262144,7300,1280497500,632500,293796,0
wait,5,1,64,1,5,0,0,8,262144,11100,1290152800,1228900,1107,0
spin,5,0,64,8,5,1,0,1,32768,19500,1280200600,175000,1574963,0
spin,5,0,64,8,5,1,1,1,32768,23900,1280192800,217700,1588318,0
spin,5,0,64,8,5,1,2,1,32768,37400,1280156600,138300,1659375,0
spin,5,0,64,8,5,1,3,1,32768,34700,1280197200,174000,1640341,0
spin,5,0,64,8,5,1,4,1,32768,19300,1280125500,146400,1584541,0
spin,5,0,64,8,5,1,5,1,32768,24400,1280125800,160000,1662660,0
spin,5,0,64,8,5,1,6,1,32768,37000,1280172400,197500,1591806,0
spin,5,0,64,8,5,1,7,1,32768,34200,1280191200,231200,1590455,0
wait,5,1,64,8,5,1,0,1,32768,40700,1294824800,423500,1110,0
wait,5,1,64,8,5,1,1,1,32768,31900,1294807000,506000,1110,0
wait,5,1,64,8,5,1,2,1,32768,34200,1294820000,536300,1111,0
wait,5,1,64,8,5,1,3,1,32768,43400,1294803600,416300,1111,0
wait,5,1,64,8,5,1,4,1,32768,38300,1294801700,433400,1110,0
wait,5,1,64,8,5,1,5,1,32768,45000,1294822900,465400,1111,0
wait,5,1,64,8,5,1,6,1,32768,39000,1294815300,453300,1108,0
wait,5,1,64,8,5,1,7,1,32768,22800,1294812600,525100,1109,0
spin,5,0,1024,1,5,0,0,8,262144,8700,1281224800,1362500,259081,0
wait,5,1,1024,1,5,0,0,8,262144,10800,1285566000,2044100,2896,0
spin,5,0,1024,8,5,1,0,1,32768,40400,1280221400,293400,1606373,0
spin,5,0,1024,8,5,1,1,1,32768,29800,1280237900,403000,1603857,0
spin,5,0,1024,8,5,1,2,1,32768,34200,1280220800,297000,1573683,0
spin,5,0,1024,8,5,1,3,1,32768,28000,1280220200,416900,1555218,0
spin,5,0,1024,8,5,1,4,1,32768,22800,1280194900,344500,1610490,0
spin,5,0,1024,8,5,1,5,1,32768,22900,1280212500,269000,1611622,0
spin,5,0,1024,8,5,1,6,1,32768,31200,1280231700,290800,1625876,0
spin,5,0,1024,8,5,1,7,1,32768,25000,1280193600,316700,1572781,0
wait,5,1,1024,8,5,1,0,1,32768,63400,1286304600,589200,2902,0
wait,5,1,1024,8,5,1,1,1,32768,31900,1286304200,629500,2901,0
wait,5,1,1024,8,5,1,2,1,32768,39100,1286704000,676600,2901,0
wait,5,1,1024,8,5,1,3,1,32768,38600,1286613800,653600,2902,0
wait,5,1,1024,8,5,1,4,1,32768,49100,1286725400,658100,2902,0
wait,5,1,1024,8,5,1,5,1,32768,36700,1286710200,676800,2902,0
wait,5,1,1024,8,5,1,6,1,32768,49300,1286705100,603400,2901,0
wait,5,1,1024,8,5,1,7,1,32768,32600,1286694600,650200,2901,0
wait,5,0,1024,8,6,0,0,1,32768,15500,1285064700,645500,2901,0
wait,5,0,1024,8,6,0,1,1,32768,19700,1284967000,682000,2901,0
wait,5,0,1024,8,6,0,2,1,32768,14500,1284983100,699400,2900,0
wait,5,0,1024,8,6,0,3,1,32768,20300,1284939700,744900,2901,0
wait,5,0,1024,8,6,0,4,1,32768,21900,1284967000,669000,2901,0
wait,5,0,1024,8,6,0,5,1,32768,18700,1284926600,724800,2901,0
wait,5,0,1024,8,6,0,6,1,32768,13900,1285066400,745700,2900,0
wait,5,0,1024,8,6,0,7,1,32768,21000,1285177300,689600,2901,0
spin,5,1,1024,8,6,0,0,1,32768,21500,1280195600,324800,1558841,0
spin,5,1,1024,8,6,0,1,1,32768,25100,1280188700,434300,1592551,0
spin,5,1,1024,8,6,0,2,1,32768,20400,1280207000,408500,1602162,0
spin,5,1,1024,8,6,0,3,1,32768,25000,1280197700,427000,1573589,0
spin,5,1,1024,8,6,0,4,1,32768,22400,1280246100,397000,1572084,0
spin,5,1,1024,8,6,0,5,1,32768,27900,1280184700,358600,1586924,0
spin,5,1,1024,8,6,0,6,1,32768,27000,1280199600,330400,1552417,0
spin,5,1,1024,8,6,0,7,1,32768,27700,1280312500,367500,1605862,0
wait,5,0,1024,1,6,1,0,8,262144,12900,1292820700,2217900,2897,0
spin,5,1,1024,1,6,1,0,8,262144,24100,1281259800,1509200,251782,0
wait,5,0,64,8,6,0,0,1,32768,36700,1280421900,517400,1109,0
wait,5,0,64,8,6,0,1,1,32768,36600,1280735700,477400,1109,0
wait,5,0,64,8,6,0,2,1,32768,39600,1280749500,503100,1109,0
wait,5,0,64,8,6,0,3,1,32768,28200,1280442400,537500,1109,0
wait,5,0,64,8,6,0,4,1,32768,33300,1280525300,551400,1109,0
wait,5,0,64,8,6,0,5,1,32768,39500,1280745000,488700,1109,0
wait,5,0,64,8,6,0,6,1,32768,29000,1280715100,487100,1109,0
wait,5,0,64,8,6,0,7,1,32768,45600,1280738800,535700,1109,0
spin,5,1,64,8,6,0,0,1,32768,30100,1280132900,318600,1605326,0
spin,5,1,64,8,6,0,1,1,32768,43900,1280151800,312400,1637323,0
spin,5,1,64,8,6,0,2,1,32768,48600,1280165200,292400,1596754,0
spin,5,1,64,8,6,0,3,1,32768,47800,1280155000,303700,1637059,0
spin,5,1,64,8,6,0,4,1,32768,52500,1280133100,209700,1600606,0
spin,5,1,64,8,6,0,5,1,32768,46900,1280146800,263500,1642554,0
spin,5,1,64,8,6,0,6,1,32768,41900,1280124700,247700,1595493,0
spin,5,1,64,8,6,0,7,1,32768,26700,1280118400,255200,1582186,0
wait,5,0,64,1,6,1,0,8,262144,9500,1286325700,1191800,1106,0
spin,5,1,64,1,6,1,0,8,262144,9500,1280496000,539800,319052,0
