payload_bytes,lanes,repeat,pause_ms,send,wait,messages,wall_ns,messages_per_second,cpu_ns_per_message,cpu_cycles_available,cpu_cycles_per_message,prepare_receive_p99_ns,poll_calls,send_busy,wake_calls,queue_full,buffer_waits,receive_segments
64,1,1,0,copy,spin,65536,81016100,808925.633,3576.279,1,8858.258,256100,5631,1533,0,0,535693,65536
64,1,1,0,copy,wake,65536,67573400,969849.083,2622.604,1,7365.075,334700,6655,2556,4096,0,459360,65536
64,1,1,0,sg,spin,65536,536075800,122251.368,24080.276,1,58178.821,1774100,66559,66557,0,0,3669165,65536
64,1,1,0,sg,wake,65536,539077900,121570.556,24318.695,1,58759.945,1541800,70133,70131,4096,0,3715614,65536
64,1,1,5,copy,spin,1024,488689400,2095.400,488281.250,1,1140387.677,737200,678112,0,0,1,0,1024
64,1,1,5,copy,wake,1024,458132700,2235.160,15258.789,1,15324.258,464600,150,0,64,1,0,1024
64,1,1,5,sg,spin,1024,456019100,2245.520,427246.094,1,1064585.462,272800,633402,990,0,0,0,1024
64,1,1,5,sg,wake,1024,463135800,2211.015,0.000,1,34615.935,595700,1071,1004,64,5,0,1024
64,8,1,0,copy,spin,524288,173344600,3024541.866,7510.185,1,18218.943,561700,45149,12264,0,56,5370223,524288
64,8,1,0,copy,wake,524288,136104700,3852093.278,6437.302,1,14386.728,509900,53231,20441,32768,282,4538546,524288
64,8,1,0,sg,spin,524288,1051733800,498498.765,44822.693,1,107950.891,2728800,532520,532456,0,0,35359586,524288
64,8,1,0,sg,wake,524288,1131474900,463366.885,46104.193,1,113601.545,2966200,560839,560830,32768,0,34584772,524288
64,8,1,5,copy,spin,8192,488085000,16783.962,488281.250,1,1139168.216,423300,2667308,0,0,0,0,8192
64,8,1,5,copy,wake,8192,515168800,15901.584,22888.184,1,26331.844,478400,1202,0,512,4,0,8192
64,8,1,5,sg,spin,8192,481151300,17025.830,469207.764,1,1124064.897,897000,2613933,7935,0,0,0,8192
64,8,1,5,sg,wake,8192,477034500,17172.762,13351.440,1,60163.148,1007100,8599,8029,512,9,0,8192
65536,1,1,0,copy,spin,1024,157249800,6511.932,396728.516,1,922392.393,39103800,1781,819,0,0,614394,2026
65536,1,1,0,copy,wake,1024,190948500,5362.703,488281.250,1,1174967.359,56786800,1055,868,64,0,700766,2026
65536,1,1,0,sg,spin,1024,139667800,7331.683,381469.727,1,913354.531,19732400,1466,1023,0,0,654451,1127
65536,1,1,0,sg,wake,1024,142436300,7189.179,411987.305,1,926955.508,20633000,1086,1084,64,0,669302,1263
65536,1,1,5,copy,spin,1024,508187200,2015.005,534057.617,1,1285485.150,7070400,453730,0,0,0,0,1989
65536,1,1,5,copy,wake,1024,511073600,2003.625,106811.523,1,427657.419,18166500,18471,0,64,0,0,1987
65536,1,1,5,sg,spin,1024,527991400,1939.426,549316.406,1,1324885.691,4653200,513138,992,0,1,0,1211
65536,1,1,5,sg,wake,1024,494334200,2071.473,76293.945,1,322661.463,3679400,1139,1011,64,2,0,1076
65536,8,1,0,copy,spin,8192,394558400,20762.452,953674.316,1,2267200.638,107712600,13531,6777,0,0,11506853,16208
65536,8,1,0,copy,wake,8192,350965700,23341.312,823974.609,1,1989985.051,80074900,8345,7045,512,0,9275290,16209
65536,8,1,0,sg,spin,8192,195993400,41797.326,518798.828,1,1174605.695,27066400,21315,8184,0,0,4936996,10013
65536,8,1,0,sg,wake,8192,206034100,39760.409,497817.993,1,1226468.152,26282100,20818,8679,512,0,5055326,10250
65536,8,1,5,copy,spin,8192,512650700,15979.691,480651.855,1,1337654.569,35031100,669253,0,0,0,0,15937
65536,8,1,5,copy,wake,8192,542390400,15103.512,444412.231,1,952078.814,18842900,46941,0,512,1,0,15882
65536,8,1,5,sg,spin,8192,467694700,17515.700,452041.626,1,1276760.640,7032800,1537983,7942,0,0,0,9340
65536,8,1,5,sg,wake,8192,478599300,17116.615,186920.166,1,497089.004,5269200,15194,8114,512,0,0,9019
65536,8,2,0,copy,wake,8192,332026400,24672.737,804901.123,1,1894542.652,78159300,8356,7034,512,0,8791768,16208
65536,8,2,0,sg,spin,8192,189194300,43299.402,513076.782,1,1173680.623,27089200,15527,8184,0,0,4985881,9288
65536,8,2,0,sg,wake,8192,194160800,42191.833,509262.085,1,1185041.645,25781400,10271,8679,512,0,4967096,9191
65536,8,2,0,copy,spin,8192,381311400,21483.753,928878.784,1,2199477.376,95398900,15895,6713,0,0,9772590,16209
65536,8,2,5,copy,wake,8192,495276000,16540.272,246047.974,1,975565.298,23408100,98063,0,512,0,0,15915
65536,8,2,5,sg,spin,8192,485470800,16874.341,551223.755,1,1268167.087,6681100,1718240,7933,0,0,0,9240
65536,8,2,5,sg,wake,8192,418708600,19564.919,171661.377,1,509286.573,5868000,26231,8135,512,2,0,8973
65536,8,2,5,copy,spin,8192,439873600,18623.532,486373.901,1,1211026.901,23833200,678844,0,0,0,0,15982
65536,1,2,0,copy,wake,1024,164224700,6235.359,427246.094,1,974291.141,45320900,1061,873,64,0,566798,2026
65536,1,2,0,sg,spin,1024,102185600,10020.981,289916.992,1,646938.156,15964800,1519,1023,0,0,370555,1135
65536,1,2,0,sg,wake,1024,154844600,6613.082,396728.516,1,1003788.006,24573700,1085,1083,64,0,643966,1293
65536,1,2,0,copy,spin,1024,129554200,7904.028,350952.148,1,766495.189,34360900,1591,819,0,0,507880,2026
65536,1,2,5,copy,wake,1024,465947400,2197.673,228881.836,1,423079.786,19361000,30940,0,64,0,0,1989
65536,1,2,5,sg,spin,1024,505972100,2023.827,488281.250,1,1262215.516,4435000,436510,992,0,0,0,1218
65536,1,2,5,sg,wake,1024,463645200,2208.585,45776.367,1,341065.310,4158400,1138,1010,64,1,0,1071
65536,1,2,5,copy,spin,1024,436708500,2344.814,427246.094,1,1118113.235,5643500,353530,0,0,0,0,1986
64,8,2,0,copy,wake,524288,133610100,3924014.726,6079.674,1,14000.776,488300,53230,20444,32768,97,4444957,524288
64,8,2,0,sg,spin,524288,1036864500,505647.556,45567.751,1,110573.913,2474400,532503,532456,0,0,35356049,524288
64,8,2,0,sg,wake,524288,1062314900,493533.509,46730.042,1,111499.750,2787300,560972,560961,32768,1,35282010,524288
64,8,2,0,copy,spin,524288,169432700,3094373.164,7361.174,1,17742.305,560800,45197,12264,0,69,5206113,524288
64,8,2,5,copy,wake,8192,432721700,18931.336,0.000,1,23356.689,487800,1267,0,512,5,0,8192
64,8,2,5,sg,spin,8192,406615200,20146.812,394821.167,1,949715.581,1059100,2209432,7936,0,1,0,8192
64,8,2,5,sg,wake,8192,395417600,20717.338,41961.670,1,54118.958,875000,8643,8056,512,5,0,8192
64,8,2,5,copy,spin,8192,463151100,17687.532,455856.323,1,1081811.619,669300,2543815,0,0,2,0,8192
64,1,2,0,copy,wake,65536,83685800,783119.717,4053.116,1,9068.384,485600,6653,2556,4096,0,362606,65536
64,1,2,0,sg,spin,65536,709222400,92405.429,32186.508,1,77291.283,1965000,66559,66557,0,0,4026590,65536
64,1,2,0,sg,wake,65536,694267300,94395.919,31471.252,1,75658.071,2019200,70130,70129,4096,0,3769906,65536
64,1,2,0,copy,spin,65536,110113400,595168.254,5006.790,1,12028.648,371400,5631,1533,0,0,595202,65536
64,1,2,5,copy,wake,1024,474878600,2156.341,0.000,1,23014.458,661000,145,0,64,2,0,1024
64,1,2,5,sg,spin,1024,490111800,2089.319,488281.250,1,1145082.719,511900,523160,991,0,1,0,1024
64,1,2,5,sg,wake,1024,468641000,2185.041,0.000,1,43088.014,790500,1077,1006,64,6,0,1024
64,1,2,5,copy,spin,1024,405939200,2522.545,396728.516,1,948224.938,174500,447920,0,0,1,0,1024
64,1,3,0,sg,spin,65536,696038500,94155.711,31948.090,1,75912.133,1852300,66559,66557,0,0,3815957,65536
64,1,3,0,sg,wake,65536,633128000,103511.454,28848.648,1,69096.393,1873400,70134,70132,4096,0,3734215,65536
64,1,3,0,copy,spin,65536,88743800,738485.393,4291.534,1,9677.640,383300,5630,1533,0,16,428177,65536
64,1,3,0,copy,wake,65536,93771500,698890.388,4291.534,1,10239.305,363400,6654,2555,4096,0,454512,65536
64,1,3,5,sg,spin,1024,476706800,2148.071,473022.461,1,1111088.675,749700,585010,992,0,0,0,1024
64,1,3,5,sg,wake,1024,484541900,2113.336,15258.789,1,47013.337,817700,1075,1000,64,4,0,1024
64,1,3,5,copy,spin,1024,530808200,1929.134,518798.828,1,1239012.783,158900,602235,0,0,0,0,1024
64,1,3,5,copy,wake,1024,485843000,2107.677,0.000,1,23390.549,391700,145,0,64,0,0,1024
64,8,3,0,sg,spin,524288,1040782700,503743.961,45061.111,1,106150.509,2593700,537976,532450,0,0,33175877,524288
64,8,3,0,sg,wake,524288,1034364200,506869.824,45806.170,1,108939.362,2530000,560996,560981,32768,0,35414565,524288
64,8,3,0,copy,spin,524288,151468100,3461375.696,6943.941,1,15926.062,489800,45102,12264,0,90,5190748,524288
64,8,3,0,copy,wake,524288,135565400,3867417.497,6347.895,1,14153.271,506000,53247,20455,32768,265,4449089,524288
64,8,3,5,sg,spin,8192,493956700,16584.450,469207.764,1,1151611.573,874000,2800356,7933,0,1,0,8192
64,8,3,5,sg,wake,8192,482882700,16964.783,0.000,1,55835.076,893300,8611,8025,512,4,0,8192
64,8,3,5,copy,spin,8192,505613400,16202.102,497817.993,1,1173837.329,711300,2870350,0,0,0,0,8192
64,8,3,5,copy,wake,8192,497266800,16474.054,30517.578,1,26565.059,391900,1172,0,512,4,0,8192
65536,1,3,0,sg,spin,1024,143344500,7143.630,381469.727,1,911210.261,20600500,1436,1023,0,0,592985,1136
65536,1,3,0,sg,wake,1024,177784500,5759.782,488281.250,1,1133319.379,27977500,1086,1084,64,0,613912,1121
65536,1,3,0,copy,spin,1024,172989200,5919.445,442504.883,1,1034131.534,46595000,1665,819,0,0,545674,2026
65536,1,3,0,copy,wake,1024,166398200,6153.913,442504.883,1,977936.740,43537200,1062,871,64,0,609326,2026
65536,1,3,5,sg,spin,1024,476669900,2148.237,518798.828,1,1205732.126,5677300,280724,992,0,0,0,1380
65536,1,3,5,sg,wake,1024,485086200,2110.965,30517.578,1,392514.775,4717400,1143,1013,64,0,0,1100
65536,1,3,5,copy,spin,1024,477171100,2145.981,579833.984,1,1207840.831,17788200,257010,0,0,0,0,1993
65536,1,3,5,copy,wake,1024,495115500,2068.204,274658.203,1,518681.462,19774000,24464,0,64,1,0,1991
65536,8,3,0,sg,spin,8192,226095500,36232.477,570297.241,1,1332108.439,29433100,68529,8158,0,0,4592663,10015
65536,8,3,0,sg,wake,8192,203445800,40266.253,518798.828,1,1252363.734,26904200,8696,8680,512,0,5135972,9888
65536,8,3,0,copy,spin,8192,462416700,17715.623,1058578.491,1,2548922.559,115751600,21904,6790,0,0,10066773,16208
65536,8,3,0,copy,wake,8192,380246800,21543.903,898361.206,1,2159880.865,96623300,8346,7043,512,0,9794231,16209
65536,8,3,5,sg,spin,8192,478245100,17129.292,495910.645,1,1281403.322,8747300,1372811,7935,0,1,0,8951
65536,8,3,5,sg,wake,8192,490412100,16704.319,207901.001,1,557221.686,5905000,19808,8139,512,0,0,8944
65536,8,3,5,copy,spin,8192,459598600,17824.249,509262.085,1,1249424.491,32420400,666343,0,0,0,0,15973
65536,8,3,5,copy,wake,8192,495916000,16518.927,202178.955,1,1025281.554,28411500,160063,0,512,0,0,15935
65536,8,4,0,sg,wake,8192,207405800,39497.449,555038.452,1,1259818.128,27171000,8696,8679,512,0,5068041,9778
65536,8,4,0,copy,spin,8192,390657900,20969.754,885009.766,1,2199146.342,89398800,22181,6734,0,0,8915548,16209
65536,8,4,0,copy,wake,8192,413717900,19800.932,907897.949,1,2212261.103,97456600,8352,7075,512,0,8702824,16209
65536,8,4,0,sg,spin,8192,203116900,40331.454,518798.828,1,1213897.227,28328800,16529,8200,0,0,5009897,10086
65536,8,4,5,sg,wake,8192,477540900,17154.552,41961.670,1,627496.227,7619900,9142,8167,512,1,0,9044
65536,8,4,5,copy,spin,8192,488847800,16757.772,478744.507,1,1294886.222,57779600,245506,197,0,0,0,16115
65536,8,4,5,copy,wake,8192,516609000,15857.254,455856.323,1,1214539.229,44186100,84808,0,512,1,0,16058
65536,8,4,5,sg,spin,8192,491558500,16665.361,463485.718,1,1305570.719,6727700,1596246,7930,0,1,0,9900
65536,1,4,0,sg,wake,1024,142521700,7184.871,381469.727,1,893020.655,20150800,5629,1084,64,0,504782,1269
65536,1,4,0,copy,spin,1024,166676000,6143.656,442504.883,1,1015036.773,43212700,1588,819,0,0,653894,2026
65536,1,4,0,copy,wake,1024,166534100,6148.891,396728.516,1,979621.196,43295700,1059,871,64,0,596844,2026
65536,1,4,0,sg,spin,1024,112201300,9126.454,289916.992,1,708032.391,19181800,1848,1023,0,0,517064,1273
65536,1,4,5,sg,wake,1024,500951800,2044.109,15258.789,1,349112.410,4129300,1149,1020,64,0,0,1072
65536,1,4,5,copy,spin,1024,473391600,2163.114,488281.250,1,1192789.980,8451100,259684,0,0,1,0,1997
65536,1,4,5,copy,wake,1024,488733800,2095.210,76293.945,1,546229.333,17752500,12404,0,64,1,0,1988
65536,1,4,5,sg,spin,1024,473921500,2160.695,473022.461,1,1191937.943,6592400,310294,992,0,1,0,1183
64,8,4,0,sg,wake,524288,1052694800,498043.687,46104.193,1,111044.715,2592900,561035,561025,32768,0,35786381,524288
64,8,4,0,copy,spin,524288,150343500,3487267.491,6437.302,1,15763.313,465100,45131,12264,0,50,5100687,524288
64,8,4,0,copy,wake,524288,138118700,3795923.362,6407.499,1,14434.674,559500,53227,20444,32768,383,4456829,524288
64,8,4,0,sg,spin,524288,988472400,530402.265,44137.239,1,105589.412,2407500,532574,532456,0,0,35087071,524288
64,8,4,5,sg,wake,8192,528828000,15490.859,22888.184,1,54899.031,886300,8671,8036,512,1,0,8192
64,8,4,5,copy,spin,8192,487864300,16791.555,461578.369,1,1108710.576,219100,2483274,0,0,0,0,8192
64,8,4,5,copy,wake,8192,460351000,17795.117,0.000,1,23214.862,336500,1198,0,512,3,0,8192
64,8,4,5,sg,spin,8192,458530000,17865.788,461578.369,1,1067188.696,756100,2565663,7935,0,1,0,8192
64,1,4,0,sg,wake,65536,737761000,88830.936,34093.857,1,80252.450,2187000,70124,70122,4096,0,3929040,65536
64,1,4,0,copy,spin,65536,105848700,619147.897,4053.116,1,11528.700,351900,5631,1533,0,0,547535,65536
64,1,4,0,copy,wake,65536,97377800,673007.605,4291.534,1,10493.295,367600,6654,2556,4096,0,508324,65536
64,1,4,0,sg,spin,65536,725186500,90371.236,33378.601,1,78867.004,2042400,66559,66557,0,0,3872567,65536
64,1,4,5,sg,wake,1024,471735100,2170.710,0.000,1,47206.055,939000,1074,1006,64,3,0,1024
64,1,4,5,copy,spin,1024,479144300,2137.143,442504.883,1,1116409.136,801000,428472,0,0,2,0,1024
64,1,4,5,copy,wake,1024,500323500,2046.676,0.000,1,26633.620,478700,147,0,64,4,0,1024
64,1,4,5,sg,spin,1024,498940000,2052.351,488281.250,1,1164946.020,652600,406825,991,0,1,0,1024
