trial,order,variant,scenario,samples,ops_per_sample,bytes_per_sample,avg_op_ns,avg_sample_us,min_sample_us,max_sample_us,ops_per_second,mib_per_second,log
1,1,shared_listener,PUB 4-peer fanout,20000,4,256,11257.333,45.029,37.900,1162.500,88831,5.42,build/pattern-vs-zmq-1-shared_listener.log
1,1,shared_listener,PUSH 4-peer round-robin,20000,4,256,12546.168,50.185,42.400,1241.300,79706,4.86,build/pattern-vs-zmq-1-shared_listener.log
1,1,shared_listener,ROUTER identity one-way,20000,1,64,11789.035,11.789,9.500,296.200,84825,5.18,build/pattern-vs-zmq-1-shared_listener.log
1,1,shared_listener,REQ/REP roundtrip,20000,2,128,9233.502,18.467,16.200,1429.200,108301,6.61,build/pattern-vs-zmq-1-shared_listener.log
1,1,shared_listener,PUB 2-of-4 filtered fanout,20000,2,128,10711.580,21.423,18.600,214.000,93357,5.70,build/pattern-vs-zmq-1-shared_listener.log
1,2,zmq,PUB 4-peer fanout,20000,4,256,12289.204,49.157,30.000,1515.500,81372,4.97,build/pattern-vs-zmq-1-zmq.log
1,2,zmq,PUSH 4-peer round-robin,20000,4,256,13431.025,53.724,29.600,3134.200,74454,4.54,build/pattern-vs-zmq-1-zmq.log
1,2,zmq,ROUTER identity one-way,20000,1,64,36718.450,36.718,18.600,744.600,27234,1.66,build/pattern-vs-zmq-1-zmq.log
1,2,zmq,REQ/REP roundtrip,20000,2,128,56428.793,112.858,44.900,1419.200,17721,1.08,build/pattern-vs-zmq-1-zmq.log
1,2,zmq,PUB 2-of-4 filtered fanout,20000,2,128,26852.775,53.706,24.400,2899.400,37240,2.27,build/pattern-vs-zmq-1-zmq.log
1,3,zmq_spin,PUB 4-peer fanout,20000,4,256,12109.719,48.439,28.500,1069.000,82578,5.04,build/pattern-vs-zmq-1-zmq_spin.log
1,3,zmq_spin,PUSH 4-peer round-robin,20000,4,256,12583.846,50.335,27.700,885.200,79467,4.85,build/pattern-vs-zmq-1-zmq_spin.log
1,3,zmq_spin,ROUTER identity one-way,20000,1,64,34306.425,34.306,15.000,780.800,29149,1.78,build/pattern-vs-zmq-1-zmq_spin.log
1,3,zmq_spin,REQ/REP roundtrip,20000,2,128,38051.690,76.103,32.000,3217.500,26280,1.60,build/pattern-vs-zmq-1-zmq_spin.log
1,3,zmq_spin,PUB 2-of-4 filtered fanout,20000,2,128,23786.918,47.574,19.000,886.400,42040,2.57,build/pattern-vs-zmq-1-zmq_spin.log
2,1,zmq_spin,PUB 4-peer fanout,20000,4,256,11328.186,45.313,27.600,512.100,88275,5.39,build/pattern-vs-zmq-2-zmq_spin.log
2,1,zmq_spin,PUSH 4-peer round-robin,20000,4,256,10930.685,43.723,27.500,703.200,91486,5.58,build/pattern-vs-zmq-2-zmq_spin.log
2,1,zmq_spin,ROUTER identity one-way,20000,1,64,24426.725,24.427,13.900,778.000,40939,2.50,build/pattern-vs-zmq-2-zmq_spin.log
2,1,zmq_spin,REQ/REP roundtrip,20000,2,128,28794.275,57.589,30.400,3281.500,34729,2.12,build/pattern-vs-zmq-2-zmq_spin.log
2,1,zmq_spin,PUB 2-of-4 filtered fanout,20000,2,128,21771.680,43.543,22.600,3158.800,45931,2.80,build/pattern-vs-zmq-2-zmq_spin.log
2,2,zmq,PUB 4-peer fanout,20000,4,256,14776.379,59.106,31.600,689.600,67676,4.13,build/pattern-vs-zmq-2-zmq.log
2,2,zmq,PUSH 4-peer round-robin,20000,4,256,13710.251,54.841,32.200,1179.700,72938,4.45,build/pattern-vs-zmq-2-zmq.log
2,2,zmq,ROUTER identity one-way,20000,1,64,41505.935,41.506,20.200,1815.200,24093,1.47,build/pattern-vs-zmq-2-zmq.log
2,2,zmq,REQ/REP roundtrip,20000,2,128,56136.873,112.274,52.200,698.600,17814,1.09,build/pattern-vs-zmq-2-zmq.log
2,2,zmq,PUB 2-of-4 filtered fanout,20000,2,128,32432.045,64.864,26.300,1659.400,30834,1.88,build/pattern-vs-zmq-2-zmq.log
2,3,shared_listener,PUB 4-peer fanout,20000,4,256,10676.647,42.707,36.900,282.800,93662,5.72,build/pattern-vs-zmq-2-shared_listener.log
2,3,shared_listener,PUSH 4-peer round-robin,20000,4,256,14805.901,59.224,43.300,11185.800,67541,4.12,build/pattern-vs-zmq-2-shared_listener.log
2,3,shared_listener,ROUTER identity one-way,20000,1,64,12683.090,12.683,10.300,151.400,78845,4.81,build/pattern-vs-zmq-2-shared_listener.log
2,3,shared_listener,REQ/REP roundtrip,20000,2,128,11440.402,22.881,17.900,3212.600,87410,5.34,build/pattern-vs-zmq-2-shared_listener.log
2,3,shared_listener,PUB 2-of-4 filtered fanout,20000,2,128,15705.388,31.411,22.000,3318.600,63672,3.89,build/pattern-vs-zmq-2-shared_listener.log
3,1,zmq,PUB 4-peer fanout,20000,4,256,14580.112,58.320,32.000,881.500,68587,4.19,build/pattern-vs-zmq-3-zmq.log
3,1,zmq,PUSH 4-peer round-robin,20000,4,256,16593.380,66.374,31.600,1351.800,60265,3.68,build/pattern-vs-zmq-3-zmq.log
3,1,zmq,ROUTER identity one-way,20000,1,64,40135.025,40.135,18.500,688.600,24916,1.52,build/pattern-vs-zmq-3-zmq.log
3,1,zmq,REQ/REP roundtrip,20000,2,128,41086.707,82.173,45.700,1300.900,24339,1.49,build/pattern-vs-zmq-3-zmq.log
3,1,zmq,PUB 2-of-4 filtered fanout,20000,2,128,23990.867,47.982,24.900,1369.400,41683,2.54,build/pattern-vs-zmq-3-zmq.log
3,2,shared_listener,PUB 4-peer fanout,20000,4,256,11340.213,45.361,38.200,1623.500,88182,5.38,build/pattern-vs-zmq-3-shared_listener.log
3,2,shared_listener,PUSH 4-peer round-robin,20000,4,256,13718.305,54.873,44.800,3482.300,72895,4.45,build/pattern-vs-zmq-3-shared_listener.log
3,2,shared_listener,ROUTER identity one-way,20000,1,64,12991.195,12.991,10.100,669.800,76975,4.70,build/pattern-vs-zmq-3-shared_listener.log
3,2,shared_listener,REQ/REP roundtrip,20000,2,128,11177.028,22.354,17.600,2428.700,89469,5.46,build/pattern-vs-zmq-3-shared_listener.log
3,2,shared_listener,PUB 2-of-4 filtered fanout,20000,2,128,15350.535,30.701,21.000,446.700,65144,3.98,build/pattern-vs-zmq-3-shared_listener.log
3,3,zmq_spin,PUB 4-peer fanout,20000,4,256,13503.960,54.016,29.300,565.700,74052,4.52,build/pattern-vs-zmq-3-zmq_spin.log
3,3,zmq_spin,PUSH 4-peer round-robin,20000,4,256,13646.318,54.585,28.700,1658.800,73280,4.47,build/pattern-vs-zmq-3-zmq_spin.log
3,3,zmq_spin,ROUTER identity one-way,20000,1,64,30297.070,30.297,15.200,838.400,33006,2.01,build/pattern-vs-zmq-3-zmq_spin.log
3,3,zmq_spin,REQ/REP roundtrip,20000,2,128,46444.950,92.890,36.300,929.000,21531,1.31,build/pattern-vs-zmq-3-zmq_spin.log
3,3,zmq_spin,PUB 2-of-4 filtered fanout,20000,2,128,26814.570,53.629,25.300,815.700,37293,2.28,build/pattern-vs-zmq-3-zmq_spin.log
4,1,zmq_spin,PUB 4-peer fanout,20000,4,256,12968.003,51.872,30.000,1193.400,77113,4.71,build/pattern-vs-zmq-4-zmq_spin.log
4,1,zmq_spin,PUSH 4-peer round-robin,20000,4,256,12209.143,48.837,28.800,727.600,81906,5.00,build/pattern-vs-zmq-4-zmq_spin.log
4,1,zmq_spin,ROUTER identity one-way,20000,1,64,28995.135,28.995,15.500,936.400,34489,2.11,build/pattern-vs-zmq-4-zmq_spin.log
4,1,zmq_spin,REQ/REP roundtrip,20000,2,128,37983.965,75.968,31.900,1255.900,26327,1.61,build/pattern-vs-zmq-4-zmq_spin.log
4,1,zmq_spin,PUB 2-of-4 filtered fanout,20000,2,128,21671.003,43.342,21.800,1170.300,46145,2.82,build/pattern-vs-zmq-4-zmq_spin.log
4,2,shared_listener,PUB 4-peer fanout,20000,4,256,11033.442,44.134,37.500,779.900,90634,5.53,build/pattern-vs-zmq-4-shared_listener.log
4,2,shared_listener,PUSH 4-peer round-robin,20000,4,256,13984.537,55.938,44.900,2445.300,71508,4.36,build/pattern-vs-zmq-4-shared_listener.log
4,2,shared_listener,ROUTER identity one-way,20000,1,64,11848.280,11.848,9.800,107.200,84400,5.15,build/pattern-vs-zmq-4-shared_listener.log
4,2,shared_listener,REQ/REP roundtrip,20000,2,128,11058.625,22.117,17.500,624.500,90427,5.52,build/pattern-vs-zmq-4-shared_listener.log
4,2,shared_listener,PUB 2-of-4 filtered fanout,20000,2,128,13109.088,26.218,19.100,3287.100,76283,4.66,build/pattern-vs-zmq-4-shared_listener.log
4,3,zmq,PUB 4-peer fanout,20000,4,256,18385.424,73.542,33.300,1083.900,54391,3.32,build/pattern-vs-zmq-4-zmq.log
4,3,zmq,PUSH 4-peer round-robin,20000,4,256,13802.369,55.209,30.500,677.300,72451,4.42,build/pattern-vs-zmq-4-zmq.log
4,3,zmq,ROUTER identity one-way,20000,1,64,32149.310,32.149,18.900,451.300,31105,1.90,build/pattern-vs-zmq-4-zmq.log
4,3,zmq,REQ/REP roundtrip,20000,2,128,33123.295,66.247,40.100,1499.600,30190,1.84,build/pattern-vs-zmq-4-zmq.log
4,3,zmq,PUB 2-of-4 filtered fanout,20000,2,128,20555.655,41.111,21.600,478.000,48648,2.97,build/pattern-vs-zmq-4-zmq.log
5,1,shared_listener,PUB 4-peer fanout,20000,4,256,11443.293,45.773,37.600,1096.200,87387,5.33,build/pattern-vs-zmq-5-shared_listener.log
5,1,shared_listener,PUSH 4-peer round-robin,20000,4,256,13932.705,55.731,43.400,3688.000,71774,4.38,build/pattern-vs-zmq-5-shared_listener.log
5,1,shared_listener,ROUTER identity one-way,20000,1,64,11764.675,11.765,10.100,684.200,85000,5.19,build/pattern-vs-zmq-5-shared_listener.log
5,1,shared_listener,REQ/REP roundtrip,20000,2,128,10547.843,21.096,17.300,835.200,94806,5.79,build/pattern-vs-zmq-5-shared_listener.log
5,1,shared_listener,PUB 2-of-4 filtered fanout,20000,2,128,12252.947,24.506,20.100,5746.100,81613,4.98,build/pattern-vs-zmq-5-shared_listener.log
5,2,zmq_spin,PUB 4-peer fanout,20000,4,256,12271.726,49.087,26.500,3151.000,81488,4.97,build/pattern-vs-zmq-5-zmq_spin.log
5,2,zmq_spin,PUSH 4-peer round-robin,20000,4,256,11980.681,47.923,28.600,3266.000,83468,5.09,build/pattern-vs-zmq-5-zmq_spin.log
5,2,zmq_spin,ROUTER identity one-way,20000,1,64,27839.070,27.839,14.500,722.800,35921,2.19,build/pattern-vs-zmq-5-zmq_spin.log
5,2,zmq_spin,REQ/REP roundtrip,20000,2,128,26911.868,53.824,32.100,3319.700,37158,2.27,build/pattern-vs-zmq-5-zmq_spin.log
5,2,zmq_spin,PUB 2-of-4 filtered fanout,20000,2,128,13746.458,27.493,18.600,2789.600,72746,4.44,build/pattern-vs-zmq-5-zmq_spin.log
5,3,zmq,PUB 4-peer fanout,20000,4,256,14078.415,56.314,32.200,1077.100,71031,4.34,build/pattern-vs-zmq-5-zmq.log
5,3,zmq,PUSH 4-peer round-robin,20000,4,256,15568.509,62.274,32.800,944.100,64232,3.92,build/pattern-vs-zmq-5-zmq.log
5,3,zmq,ROUTER identity one-way,20000,1,64,36610.075,36.610,20.100,809.700,27315,1.67,build/pattern-vs-zmq-5-zmq.log
5,3,zmq,REQ/REP roundtrip,20000,2,128,46119.268,92.239,43.800,1148.100,21683,1.32,build/pattern-vs-zmq-5-zmq.log
5,3,zmq,PUB 2-of-4 filtered fanout,20000,2,128,25762.900,51.526,25.600,1874.900,38816,2.37,build/pattern-vs-zmq-5-zmq.log
6,1,zmq,PUB 4-peer fanout,20000,4,256,15255.491,61.022,32.200,636.500,65550,4.00,build/pattern-vs-zmq-6-zmq.log
6,1,zmq,PUSH 4-peer round-robin,20000,4,256,14417.395,57.670,33.000,1179.300,69361,4.23,build/pattern-vs-zmq-6-zmq.log
6,1,zmq,ROUTER identity one-way,20000,1,64,34709.605,34.710,19.600,473.500,28810,1.76,build/pattern-vs-zmq-6-zmq.log
6,1,zmq,REQ/REP roundtrip,20000,2,128,34655.980,69.312,41.400,1064.300,28855,1.76,build/pattern-vs-zmq-6-zmq.log
6,1,zmq,PUB 2-of-4 filtered fanout,20000,2,128,18661.080,37.322,21.600,612.800,53587,3.27,build/pattern-vs-zmq-6-zmq.log
6,2,zmq_spin,PUB 4-peer fanout,20000,4,256,11119.880,44.480,28.100,722.600,89929,5.49,build/pattern-vs-zmq-6-zmq_spin.log
6,2,zmq_spin,PUSH 4-peer round-robin,20000,4,256,12015.680,48.063,28.500,1048.900,83225,5.08,build/pattern-vs-zmq-6-zmq_spin.log
6,2,zmq_spin,ROUTER identity one-way,20000,1,64,30332.460,30.332,15.500,798.900,32968,2.01,build/pattern-vs-zmq-6-zmq_spin.log
6,2,zmq_spin,REQ/REP roundtrip,20000,2,128,34155.610,68.311,35.200,1367.200,29278,1.79,build/pattern-vs-zmq-6-zmq_spin.log
6,2,zmq_spin,PUB 2-of-4 filtered fanout,20000,2,128,17585.298,35.171,21.000,762.600,56866,3.47,build/pattern-vs-zmq-6-zmq_spin.log
6,3,shared_listener,PUB 4-peer fanout,20000,4,256,12210.280,48.841,39.400,1884.900,81898,5.00,build/pattern-vs-zmq-6-shared_listener.log
6,3,shared_listener,PUSH 4-peer round-robin,20000,4,256,13760.001,55.040,44.900,1060.900,72674,4.44,build/pattern-vs-zmq-6-shared_listener.log
6,3,shared_listener,ROUTER identity one-way,20000,1,64,11422.005,11.422,10.000,701.800,87550,5.34,build/pattern-vs-zmq-6-shared_listener.log
6,3,shared_listener,REQ/REP roundtrip,20000,2,128,10499.190,20.998,17.200,1021.000,95245,5.81,build/pattern-vs-zmq-6-shared_listener.log
6,3,shared_listener,PUB 2-of-4 filtered fanout,20000,2,128,11711.322,23.423,19.800,168.800,85387,5.21,build/pattern-vs-zmq-6-shared_listener.log
