"scenario","samples","expected_messages","wall_ns","direct_writes","queued_writes","messages","payload_bytes","queued_ranges","submitted_ranges","coalesced_writes","coalesced_ranges","drive_calls","listener_checks","listener_ready","manager_calls","manager_work","local_slots","local_used_peers","listener_ns","listener_wait_ns","client_poll_ns","local_progress_ns","receive_callback_ns","listener_manager_ns","local_manager_ns","reconnect_ns","variant","trial"
"pub_fanout","20000","80000","1033518100","80000","0","80000","5120000","0","80000","0","0","800000","160000","0","960000","0","3200000","1280000","0","0","0","0","0","0","0","0","probe","1"
"push_round_robin","20000","80000","2123807400","80000","0","80000","5120000","0","80000","0","0","1200000","960000","0","2160000","0","4800000","1920000","0","0","0","0","0","0","0","0","probe","1"
"router_identity","20000","20000","317659600","0","20000","20000","1280000","20000","20000","0","0","200000","100000","0","300000","0","800000","200000","0","0","0","0","0","0","0","0","probe","1"
"reqrep","20000","40000","524784100","39993","7","40000","2560000","7","40000","0","0","280014","140007","0","420021","0","1120056","280014","0","0","0","0","0","0","0","0","probe","1"
"pub_filtered","20000","40000","512030000","40000","0","40000","2560000","0","40000","0","0","400000","80000","0","480000","0","1600000","640000","0","0","0","0","0","0","0","0","probe","1"
"router_isolation","20000","20000","350516000","0","20000","20000","1280000","20000","20000","0","0","260000","100000","0","360000","0","1040000","360000","0","0","0","0","0","0","0","0","probe","1"
"pollout_push","1000000","0","523675100","0","0","0","0","0","0","0","0","1000000","0","0","1000000","0","4000000","4000000","0","0","0","0","0","0","0","0","probe","1"
"pollout_blocked_pair","1000000","0","508513700","0","0","0","0","0","0","0","0","1000000","0","0","1000000","0","4000000","1000000","0","0","0","0","0","0","0","0","probe","1"
"pollout_rep","1000000","0","1646916800","0","0","0","0","0","0","0","0","1000000","1000000","0","2000000","0","4000000","1000000","0","0","0","0","0","0","0","0","probe","1"
"pub_fanout","20000","80000","1334219400","80000","0","80000","5120000","0","80000","0","0","800000","160000","0","960000","0","3200000","1280000","235882700","202815900","834575100","175080200","16855200","4153500","21823100","40962000","profile","1"
"push_round_robin","20000","80000","2582010100","80000","0","80000","5120000","0","80000","0","0","1200000","960000","0","2160000","0","4800000","1920000","1192303600","1089480700","1015164800","239606900","18810600","24299800","32525000","58968200","profile","1"
"router_identity","20000","20000","402826400","0","20000","20000","1280000","20000","20000","0","0","200002","100001","0","300003","0","800008","200002","130662700","118161500","206318900","39479300","3755300","2530800","5322700","9778200","profile","1"
"reqrep","20000","40000","634460600","39988","12","40000","2560000","12","40000","0","0","280024","140012","0","420036","0","1120096","280024","178698000","161585900","364839900","49456300","7589900","3440800","7262400","13482500","profile","1"
"pub_filtered","20000","40000","676886300","40000","0","40000","2560000","0","40000","0","0","400000","80000","0","480000","0","1600000","640000","116662800","100565300","423223800","89705500","8429400","2020100","10655300","19779700","profile","1"
"router_isolation","20000","20000","467330300","0","20000","20000","1280000","20000","20000","0","0","260000","100000","0","360000","0","1040000","360000","138977500","124824600","241799900","53769400","4733700","2564400","7006700","12822200","profile","1"
"pollout_push","1000000","0","800019900","0","0","0","0","0","0","0","0","1000000","0","0","1000000","0","4000000","4000000","25014700","0","356223900","263573000","0","0","26479400","49535700","profile","1"
"pollout_blocked_pair","1000000","0","707699300","0","0","0","0","0","0","0","0","1000000","0","0","1000000","0","4000000","1000000","24524800","0","349398600","176791200","0","0","25978100","48287000","profile","1"
"pollout_rep","1000000","0","1883679800","0","0","0","0","0","0","0","0","1000000","1000000","0","2000000","0","4000000","1000000","1189425000","1091813600","363104100","176442800","0","24625900","26055500","47647000","profile","1"
"pub_fanout","20000","80000","1044211100","80000","0","80000","5120000","0","80000","0","0","800000","160000","0","960000","0","3200000","1280000","0","0","0","0","0","0","0","0","probe","2"
"push_round_robin","20000","80000","2092915200","80000","0","80000","5120000","0","80000","0","0","1200000","960000","0","2160000","0","4800000","1920000","0","0","0","0","0","0","0","0","probe","2"
"router_identity","20000","20000","327366200","0","20000","20000","1280000","20000","20000","0","0","200000","100000","0","300000","0","800000","200000","0","0","0","0","0","0","0","0","probe","2"
"reqrep","20000","40000","614522500","39991","9","40000","2560000","9","40000","0","0","280018","140009","0","420027","0","1120072","280018","0","0","0","0","0","0","0","0","probe","2"
"pub_filtered","20000","40000","790359500","40000","0","40000","2560000","0","40000","0","0","400000","80000","0","480000","0","1600000","640000","0","0","0","0","0","0","0","0","probe","2"
"router_isolation","20000","20000","371000200","0","20000","20000","1280000","20000","20000","0","0","260000","100000","0","360000","0","1040000","360000","0","0","0","0","0","0","0","0","probe","2"
"pollout_push","1000000","0","521490100","0","0","0","0","0","0","0","0","1000000","0","0","1000000","0","4000000","4000000","0","0","0","0","0","0","0","0","probe","2"
"pollout_blocked_pair","1000000","0","441773100","0","0","0","0","0","0","0","0","1000000","0","0","1000000","0","4000000","1000000","0","0","0","0","0","0","0","0","probe","2"
"pollout_rep","1000000","0","1731635600","0","0","0","0","0","0","0","0","1000000","1000000","0","2000000","0","4000000","1000000","0","0","0","0","0","0","0","0","probe","2"
"pub_fanout","20000","80000","1228573800","80000","0","80000","5120000","0","80000","0","0","800000","160000","0","960000","0","3200000","1280000","207894000","176669100","772699000","164525800","13819700","3960200","20780800","38709100","profile","2"
"push_round_robin","20000","80000","2471677700","80000","0","80000","5120000","0","80000","0","0","1200000","960000","0","2160000","0","4800000","1920000","1132935900","1032803600","976862000","231207500","16349700","23816300","31112400","57461700","profile","2"
"router_identity","20000","20000","398266800","0","20000","20000","1280000","20000","20000","0","0","200000","100000","0","300000","0","800000","200000","125562800","113273600","208164700","38624900","4066600","2465800","5190200","9559600","profile","2"
"reqrep","20000","40000","640007700","39991","9","40000","2560000","9","40000","0","0","280018","140009","0","420027","0","1120072","280018","180249600","162867000","367449600","50089300","8042200","3558900","7405200","13582200","profile","2"
"pub_filtered","20000","40000","645047100","40000","0","40000","2560000","0","40000","0","0","400000","80000","0","480000","0","1600000","640000","109432400","93722500","402666700","86998600","7396800","1997700","10405100","19450500","profile","2"
"router_isolation","20000","20000","518253800","0","20000","20000","1280000","20000","20000","0","0","260003","100001","0","360004","0","1040012","360004","153539300","138409800","274162800","55839400","4743000","2633600","7130900","13110500","profile","2"
"pollout_push","1000000","0","968270200","0","0","0","0","0","0","0","0","1000000","0","0","1000000","0","4000000","4000000","27770000","0","462542200","300618100","0","0","29920400","54993200","profile","2"
"pollout_blocked_pair","1000000","0","754944300","0","0","0","0","0","0","0","0","1000000","0","0","1000000","0","4000000","1000000","26032200","0","371257900","189272800","0","0","27936500","51532600","profile","2"
"pollout_rep","1000000","0","1865377200","0","0","0","0","0","0","0","0","1000000","1000000","0","2000000","0","4000000","1000000","1171117000","1073099800","361797900","177589300","0","24610800","26161000","47929100","profile","2"
"pub_fanout","20000","80000","1111744600","80000","0","80000","5120000","0","80000","0","0","800000","160000","0","960000","0","3200000","1280000","0","0","0","0","0","0","0","0","probe","3"
"push_round_robin","20000","80000","2245816300","80000","0","80000","5120000","0","80000","0","0","1200000","960000","0","2160000","0","4800000","1920000","0","0","0","0","0","0","0","0","probe","3"
"router_identity","20000","20000","373398800","0","20000","20000","1280000","20000","20000","0","0","200000","100000","0","300000","0","800000","200000","0","0","0","0","0","0","0","0","probe","3"
"reqrep","20000","40000","601901400","39993","7","40000","2560000","7","40000","0","0","280014","140007","0","420021","0","1120056","280014","0","0","0","0","0","0","0","0","probe","3"
"pub_filtered","20000","40000","581429600","40000","0","40000","2560000","0","40000","0","0","400000","80000","0","480000","0","1600000","640000","0","0","0","0","0","0","0","0","probe","3"
"router_isolation","20000","20000","368154000","0","20000","20000","1280000","20000","20000","0","0","260000","100000","0","360000","0","1040000","360000","0","0","0","0","0","0","0","0","probe","3"
"pollout_push","1000000","0","532663000","0","0","0","0","0","0","0","0","1000000","0","0","1000000","0","4000000","4000000","0","0","0","0","0","0","0","0","probe","3"
"pollout_blocked_pair","1000000","0","477800400","0","0","0","0","0","0","0","0","1000000","0","0","1000000","0","4000000","1000000","0","0","0","0","0","0","0","0","probe","3"
"pollout_rep","1000000","0","1675707400","0","0","0","0","0","0","0","0","1000000","1000000","0","2000000","0","4000000","1000000","0","0","0","0","0","0","0","0","probe","3"
"pub_fanout","20000","80000","1251403000","80000","0","80000","5120000","0","80000","0","0","800000","160000","0","960000","0","3200000","1280000","214712200","182729400","783438400","168341600","13951500","4067400","21163000","39575200","profile","3"
"push_round_robin","20000","80000","2602526500","80000","0","80000","5120000","0","80000","0","0","1200000","960000","0","2160000","0","4800000","1920000","1200184900","1094452300","1021516800","244208200","19531100","24940300","33005600","60619700","profile","3"
"router_identity","20000","20000","393205600","0","20000","20000","1280000","20000","20000","0","0","200000","100000","0","300000","0","800000","200000","123949600","111219300","203205900","39887100","3795100","2564500","5352700","10022800","profile","3"
"reqrep","20000","40000","631749600","39992","8","40000","2560000","8","40000","0","0","280016","140008","0","420024","0","1120064","280016","177672100","159896700","360979400","50731100","7122300","3552500","7442500","13843200","profile","3"
"pub_filtered","20000","40000","619752500","40000","0","40000","2560000","0","40000","0","0","400000","80000","0","480000","0","1600000","640000","110754900","95305900","380202000","84301300","6626400","1960100","10244800","19141000","profile","3"
"router_isolation","20000","20000","448940600","0","20000","20000","1280000","20000","20000","0","0","260000","100000","0","360000","0","1040000","360000","131211900","116338400","229381000","55234900","4076300","2699600","7204900","13405600","profile","3"
"pollout_push","1000000","0","774060300","0","0","0","0","0","0","0","0","1000000","0","0","1000000","0","4000000","4000000","25262800","0","332556500","262071200","0","0","26518000","49673500","profile","3"
"pollout_blocked_pair","1000000","0","673526400","0","0","0","0","0","0","0","0","1000000","0","0","1000000","0","4000000","1000000","24441800","0","320945300","175134800","0","0","25829900","48012300","profile","3"
"pollout_rep","1000000","0","1761997600","0","0","0","0","0","0","0","0","1000000","1000000","0","2000000","0","4000000","1000000","1096227700","1000114400","342881700","172656700","0","24191300","25535600","46677800","profile","3"
