payload_bytes,lanes,repeat,order,lane,connections,messages,start_offset_ns,finish_offset_ns,burst_p99_ns,poll_calls,send_retries
64,1,1,0,0,8,2097152,10200,1192237100,872200,8192,0
64,2,1,1,0,4,1048576,5700,612937100,403400,8192,0
64,2,1,1,1,4,1048576,12800,612156300,362800,8192,0
64,4,1,2,0,2,524288,19800,357221200,285400,8192,0
64,4,1,2,1,2,524288,29700,358793200,269600,8192,0
64,4,1,2,2,2,524288,29400,353064800,265300,8192,0
64,4,1,2,3,2,524288,27200,351518300,280300,8192,0
64,8,1,3,0,1,262144,20500,246689300,222600,8192,0
64,8,1,3,1,1,262144,56600,271505000,252400,8192,0
64,8,1,3,2,1,262144,29300,279013400,276400,8192,0
64,8,1,3,3,1,262144,50400,276275100,240400,8192,0
64,8,1,3,4,1,262144,59400,277538300,237400,8192,0
64,8,1,3,5,1,262144,40300,275946400,225000,8192,0
64,8,1,3,6,1,262144,21300,267215700,247800,8192,0
64,8,1,3,7,1,262144,43800,274553100,314200,8192,0
1024,1,1,0,0,8,2097152,18600,4734986100,3291800,22528,0
1024,2,1,1,0,4,1048576,15500,2024950600,1493800,22528,0
1024,2,1,1,1,4,1048576,19600,1927237700,1466900,22528,0
1024,4,1,2,0,2,524288,18400,1020945000,741800,22528,0
1024,4,1,2,1,2,524288,12800,1033163800,806800,22528,0
1024,4,1,2,2,2,524288,8600,1010162000,756400,22528,0
1024,4,1,2,3,2,524288,14800,1023151900,863000,22528,0
1024,8,1,3,0,1,262144,800,546676800,385400,22528,0
1024,8,1,3,1,1,262144,4200,542642500,354700,22528,0
1024,8,1,3,2,1,262144,6800,539979400,361200,22528,0
1024,8,1,3,3,1,262144,12600,535971100,522100,22528,0
1024,8,1,3,4,1,262144,8800,538366400,349700,22528,0
1024,8,1,3,5,1,262144,1400,507669000,326200,22528,0
1024,8,1,3,6,1,262144,3300,549402700,354900,22528,0
1024,8,1,3,7,1,262144,8700,511185100,342600,22528,0
1024,2,2,0,0,4,1048576,15100,1885657700,1321900,22528,0
1024,2,2,0,1,4,1048576,8000,1892392800,1262400,22528,0
1024,4,2,1,0,2,524288,13600,1030486200,860000,22528,0
1024,4,2,1,1,2,524288,12300,1060228100,824000,22528,0
1024,4,2,1,2,2,524288,21300,1030477600,806700,22528,0
1024,4,2,1,3,2,524288,21800,1044921000,792200,22528,0
1024,8,2,2,0,1,262144,29600,522243900,330600,22528,0
1024,8,2,2,1,1,262144,37800,479351800,305900,22528,0
1024,8,2,2,2,1,262144,36900,504116000,321600,22528,0
1024,8,2,2,3,1,262144,34800,494209200,311100,22528,0
1024,8,2,2,4,1,262144,23900,518657100,334000,22528,0
1024,8,2,2,5,1,262144,27000,517852300,327600,22528,0
1024,8,2,2,6,1,262144,35100,523213900,323300,22528,0
1024,8,2,2,7,1,262144,21700,513924500,336500,22528,0
1024,1,2,3,0,8,2097152,22800,4795856800,3241000,22528,0
64,2,2,0,0,4,1048576,5800,868224600,531400,8192,0
64,2,2,0,1,4,1048576,14200,865953900,570800,8192,0
64,4,2,1,0,2,524288,26400,453494100,307800,8192,0
64,4,2,1,1,2,524288,31900,440583000,279400,8192,0
64,4,2,1,2,2,524288,33500,453516800,288100,8192,0
64,4,2,1,3,2,524288,36000,437318900,263500,8192,0
64,8,2,2,0,1,262144,24800,268569800,196100,8192,0
64,8,2,2,1,1,262144,33500,252774700,165200,8192,0
64,8,2,2,2,1,262144,27500,260289400,170500,8192,0
64,8,2,2,3,1,262144,30000,261057400,172800,8192,0
64,8,2,2,4,1,262144,37300,256353300,165800,8192,0
64,8,2,2,5,1,262144,34900,257516300,168200,8192,0
64,8,2,2,6,1,262144,39900,269624100,184500,8192,0
64,8,2,2,7,1,262144,43900,256564200,170600,8192,0
64,1,2,3,0,8,2097152,9700,1643079700,1141100,8192,0
64,4,3,0,0,2,524288,10500,459893000,292200,8192,0
64,4,3,0,1,2,524288,20700,473059200,289800,8192,0
64,4,3,0,2,2,524288,14800,467886200,285200,8192,0
64,4,3,0,3,2,524288,9600,460812700,287000,8192,0
64,8,3,1,0,1,262144,1800,252900300,162400,8192,0
64,8,3,1,1,1,262144,9900,254398700,155000,8192,0
64,8,3,1,2,1,262144,9300,254102300,172300,8192,0
64,8,3,1,3,1,262144,12600,264565200,176300,8192,0
64,8,3,1,4,1,262144,4500,261443000,172800,8192,0
64,8,3,1,5,1,262144,9800,256845500,159500,8192,0
64,8,3,1,6,1,262144,2700,263160200,162000,8192,0
64,8,3,1,7,1,262144,3000,261054000,163300,8192,0
64,1,3,2,0,8,2097152,10100,1656332100,1194300,8192,0
64,2,3,3,0,4,1048576,14200,885694200,601400,8192,0
64,2,3,3,1,4,1048576,8200,881657900,536300,8192,0
1024,4,3,0,0,2,524288,13700,1093400000,747000,22528,0
1024,4,3,0,1,2,524288,19100,1095948900,723100,22528,0
1024,4,3,0,2,2,524288,15500,1073362600,873900,22528,0
1024,4,3,0,3,2,524288,9800,1084761000,743600,22528,0
1024,8,3,1,0,1,262144,34100,602877700,528900,22528,0
1024,8,3,1,1,1,262144,23600,587045300,402100,22528,0
1024,8,3,1,2,1,262144,19300,590099100,431400,22528,0
1024,8,3,1,3,1,262144,43400,588754800,452600,22528,0
1024,8,3,1,4,1,262144,27200,593584100,456900,22528,0
1024,8,3,1,5,1,262144,16500,596787700,509400,22528,0
1024,8,3,1,6,1,262144,34100,594478200,480800,22528,0
1024,8,3,1,7,1,262144,31000,573266100,462500,22528,0
1024,1,3,2,0,8,2097152,15400,4221936900,3233900,22528,0
1024,2,3,3,0,4,1048576,9600,1974883700,1414000,22528,0
1024,2,3,3,1,4,1048576,6100,1967377000,1365200,22528,0
1024,8,4,0,0,1,262144,23500,560985500,350200,22528,0
1024,8,4,0,1,1,262144,19900,553404000,343900,22528,0
1024,8,4,0,2,1,262144,19100,559847300,349100,22528,0
1024,8,4,0,3,1,262144,15500,564093300,350200,22528,0
1024,8,4,0,4,1,262144,26200,566614200,472100,22528,0
1024,8,4,0,5,1,262144,23400,555724600,419900,22528,0
1024,8,4,0,6,1,262144,13100,550502000,353000,22528,0
1024,8,4,0,7,1,262144,23600,554965800,362600,22528,0
1024,1,4,1,0,8,2097152,7200,3475451100,2630200,22528,0
1024,2,4,2,0,4,1048576,9200,1852856300,1167100,22528,0
1024,2,4,2,1,4,1048576,5700,1848791200,1197300,22528,0
1024,4,4,3,0,2,524288,28500,998823000,933800,22528,0
1024,4,4,3,1,2,524288,17300,997938500,737000,22528,0
1024,4,4,3,2,2,524288,25900,1014086300,652100,22528,0
1024,4,4,3,3,2,524288,31000,993084600,646100,22528,0
64,8,4,0,0,1,262144,27700,244244400,159300,8192,0
64,8,4,0,1,1,262144,34300,251645800,176200,8192,0
64,8,4,0,2,1,262144,32600,234798200,159000,8192,0
64,8,4,0,3,1,262144,28000,247562900,157300,8192,0
64,8,4,0,4,1,262144,37100,233507900,159000,8192,0
64,8,4,0,5,1,262144,33400,246385400,156100,8192,0
64,8,4,0,6,1,262144,29900,242474000,155300,8192,0
64,8,4,0,7,1,262144,36700,248961400,158400,8192,0
64,1,4,1,0,8,2097152,7900,1280888400,794500,8192,0
64,2,4,2,0,4,1048576,16900,762660200,459400,8192,0
64,2,4,2,1,4,1048576,8300,795555500,559600,8192,0
64,4,4,3,0,2,524288,10200,470231000,343000,8192,0
64,4,4,3,1,2,524288,13900,440904900,316900,8192,0
64,4,4,3,2,2,524288,6300,455596100,308900,8192,0
64,4,4,3,3,2,524288,7700,459945100,307800,8192,0
64,1,5,0,0,8,2097152,13400,1475574600,1131600,8192,0
64,2,5,1,0,4,1048576,16100,874390500,541200,8192,0
64,2,5,1,1,4,1048576,14400,869735300,563200,8192,0
64,4,5,2,0,2,524288,12100,440500300,299200,8192,0
64,4,5,2,1,2,524288,14300,439554900,283900,8192,0
64,4,5,2,2,2,524288,9700,445189400,281400,8192,0
64,4,5,2,3,2,524288,14800,442506100,278300,8192,0
64,8,5,3,0,1,262144,32200,269407000,214200,8192,0
64,8,5,3,1,1,262144,36000,283986400,232800,8192,0
64,8,5,3,2,1,262144,26100,293292200,255500,8192,0
64,8,5,3,3,1,262144,43300,278240500,223000,8192,0
64,8,5,3,4,1,262144,32900,286043800,261100,8192,0
64,8,5,3,5,1,262144,36600,304150500,286100,8192,0
64,8,5,3,6,1,262144,38800,266752900,218300,8192,0
64,8,5,3,7,1,262144,47600,270185500,217900,8192,0
1024,1,5,0,0,8,2097152,10400,4042416800,2937300,22528,0
1024,2,5,1,0,4,1048576,22700,2324399200,1951800,22528,0
1024,2,5,1,1,4,1048576,16500,2319760700,2000900,22528,0
1024,4,5,2,0,2,524288,14300,1050135700,719200,22528,0
1024,4,5,2,1,2,524288,13100,1052264000,743000,22528,0
1024,4,5,2,2,2,524288,10900,1044313800,716600,22528,0
1024,4,5,2,3,2,524288,11700,1035322200,712100,22528,0
1024,8,5,3,0,1,262144,23500,554396700,362500,22528,0
1024,8,5,3,1,1,262144,25800,549779500,431800,22528,0
1024,8,5,3,2,1,262144,31700,552448200,467900,22528,0
1024,8,5,3,3,1,262144,19000,543176500,366100,22528,0
1024,8,5,3,4,1,262144,24200,522795400,370200,22528,0
1024,8,5,3,5,1,262144,40500,562884400,494400,22528,0
1024,8,5,3,6,1,262144,28600,572899700,618000,22528,0
1024,8,5,3,7,1,262144,27800,553611400,493100,22528,0
1024,2,6,0,0,4,1048576,13200,1802952100,1302700,22528,0
1024,2,6,0,1,4,1048576,13900,1705042600,1456500,22528,0
1024,4,6,1,0,2,524288,19600,1033924400,679900,22528,0
1024,4,6,1,1,2,524288,28200,1054515400,675800,22528,0
1024,4,6,1,2,2,524288,25800,951821800,676000,22528,0
1024,4,6,1,3,2,524288,22700,1004493400,665800,22528,0
1024,8,6,2,0,1,262144,4600,530569500,312700,22528,0
1024,8,6,2,1,1,262144,9300,540445100,320800,22528,0
1024,8,6,2,2,1,262144,15900,550717900,349800,22528,0
1024,8,6,2,3,1,262144,27300,548610700,318600,22528,0
1024,8,6,2,4,1,262144,31500,522301000,362100,22528,0
1024,8,6,2,5,1,262144,11300,533294300,339100,22528,0
1024,8,6,2,6,1,262144,24200,541901000,343000,22528,0
1024,8,6,2,7,1,262144,19800,554086300,351400,22528,0
1024,1,6,3,0,8,2097152,9600,3406565500,2555900,22528,0
64,2,6,0,0,4,1048576,7700,759755700,521900,8192,0
64,2,6,0,1,4,1048576,4900,748449700,470500,8192,0
64,4,6,1,0,2,524288,13500,472215200,254400,8192,0
64,4,6,1,1,2,524288,12000,462308100,268700,8192,0
64,4,6,1,2,2,524288,18100,463839000,271000,8192,0
64,4,6,1,3,2,524288,13600,474132000,252300,8192,0
64,8,6,2,0,1,262144,26200,258688700,168600,8192,0
64,8,6,2,1,1,262144,18100,256155100,167600,8192,0
64,8,6,2,2,1,262144,30100,236632600,162700,8192,0
64,8,6,2,3,1,262144,24600,260006100,162300,8192,0
64,8,6,2,4,1,262144,22200,259783800,159200,8192,0
64,8,6,2,5,1,262144,25200,246719600,161500,8192,0
64,8,6,2,6,1,262144,19200,263278700,163300,8192,0
64,8,6,2,7,1,262144,28200,253278800,161400,8192,0
64,1,6,3,0,8,2097152,7100,1309752100,1162600,8192,0
64,4,7,0,0,2,524288,35700,438702500,244900,8192,0
64,4,7,0,1,2,524288,29000,420632600,250200,8192,0
64,4,7,0,2,2,524288,40000,441195500,261100,8192,0
64,4,7,0,3,2,524288,29800,437632600,253500,8192,0
64,8,7,1,0,1,262144,19200,255647400,154300,8192,0
64,8,7,1,1,1,262144,20700,260527500,156000,8192,0
64,8,7,1,2,1,262144,23500,259112700,170500,8192,0
64,8,7,1,3,1,262144,14900,265254500,171300,8192,0
64,8,7,1,4,1,262144,18000,245865300,171700,8192,0
64,8,7,1,5,1,262144,19500,273580000,195000,8192,0
64,8,7,1,6,1,262144,11900,253833100,156700,8192,0
64,8,7,1,7,1,262144,22500,262986000,152500,8192,0
64,1,7,2,0,8,2097152,18700,1421975000,1037400,8192,0
64,2,7,3,0,4,1048576,13300,882011700,499900,8192,0
64,2,7,3,1,4,1048576,16600,887741600,501400,8192,0
1024,4,7,0,0,2,524288,8600,959791200,617700,22528,0
1024,4,7,0,1,2,524288,16400,989020100,680300,22528,0
1024,4,7,0,2,2,524288,4900,986206600,615500,22528,0
1024,4,7,0,3,2,524288,8400,963585800,678800,22528,0
1024,8,7,1,0,1,262144,19200,535975000,378100,22528,0
1024,8,7,1,1,1,262144,8000,556687300,399400,22528,0
1024,8,7,1,2,1,262144,16300,543128400,365600,22528,0
1024,8,7,1,3,1,262144,4800,549071800,368500,22528,0
1024,8,7,1,4,1,262144,5700,547475600,339400,22528,0
1024,8,7,1,5,1,262144,14100,542396500,363600,22528,0
1024,8,7,1,6,1,262144,16400,543908600,361200,22528,0
1024,8,7,1,7,1,262144,9600,543329700,351300,22528,0
1024,1,7,2,0,8,2097152,7400,3162614000,2436900,22528,0
1024,2,7,3,0,4,1048576,9200,1844475300,1198800,22528,0
1024,2,7,3,1,4,1048576,5800,1847552400,1268900,22528,0
1024,8,8,0,0,1,262144,28200,565756700,350400,22528,0
1024,8,8,0,1,1,262144,21600,546538900,343700,22528,0
1024,8,8,0,2,1,262144,8700,553455400,341200,22528,0
1024,8,8,0,3,1,262144,30200,555930100,343300,22528,0
1024,8,8,0,4,1,262144,27900,556818300,339800,22528,0
1024,8,8,0,5,1,262144,29500,546346800,341400,22528,0
1024,8,8,0,6,1,262144,25000,565910700,354700,22528,0
1024,8,8,0,7,1,262144,13300,556678100,339900,22528,0
1024,1,8,1,0,8,2097152,13600,3253751100,2406500,22528,0
1024,2,8,2,0,4,1048576,11300,1801748600,1163700,22528,0
1024,2,8,2,1,4,1048576,3800,1820346300,1159300,22528,0
1024,4,8,3,0,2,524288,700,974975200,693700,22528,0
1024,4,8,3,1,2,524288,18000,967821400,797700,22528,0
1024,4,8,3,2,2,524288,8400,963788400,705700,22528,0
1024,4,8,3,3,2,524288,900,977731300,687800,22528,0
64,8,8,0,0,1,262144,9700,255390600,167900,8192,0
64,8,8,0,1,1,262144,16000,272744600,211500,8192,0
64,8,8,0,2,1,262144,600,261439000,175500,8192,0
64,8,8,0,3,1,262144,6900,257698300,175800,8192,0
64,8,8,0,4,1,262144,7100,257088800,174500,8192,0
64,8,8,0,5,1,262144,11100,258013500,168200,8192,0
64,8,8,0,6,1,262144,9400,259050600,168800,8192,0
64,8,8,0,7,1,262144,3500,270381700,191800,8192,0
64,1,8,1,0,8,2097152,8000,1162887200,733200,8192,0
64,2,8,2,0,4,1048576,8200,680829400,466000,8192,0
64,2,8,2,1,4,1048576,4400,688820100,451300,8192,0
64,4,8,3,0,2,524288,17000,432515800,269700,8192,0
64,4,8,3,1,2,524288,10700,443380000,269700,8192,0
64,4,8,3,2,2,524288,14400,450795800,274200,8192,0
64,4,8,3,3,2,524288,9900,454675000,254300,8192,0
