payload_bytes,lanes,repeat,send,batch_messages,messages,wall_ns,messages_per_second,cpu_ns_per_message,cpu_cycles_available,cpu_cycles_per_message,prepare_receive_p99_ns,poll_calls,send_busy,buffer_probes,buffer_waits,sg_writes,sg_messages,sg_ranges,sg_max_messages,sg_max_ranges,native_submitted,native_completed,receive_segments,peak_inflight_per_lane,application_workers
64,1,1,copy,0,65536,122902100,533237.430,1907.349,1,4481.423,91500,5633,1537,65536,0,0,0,0,0,0,10242,10242,65536,48,1
64,1,1,sg,0,65536,754636900,86844.415,11682.510,1,27339.808,257200,66560,66559,65536,0,0,0,0,0,0,132096,132096,65536,2,1
64,1,1,batch_sg,1,65536,764264500,85750.418,11444.092,1,27592.205,1723300,66560,62464,65536,0,65536,65536,131072,1,2,132096,132096,65536,122,1
64,1,1,batch_sg,2,65536,420798900,155741.852,6198.883,1,15230.111,872500,34304,30208,65536,0,33280,65536,131072,2,4,67584,67584,65536,117,1
64,1,1,batch_sg,4,65536,288031200,227530.906,4291.534,1,10481.462,507000,17921,13825,65536,0,16897,65536,131072,4,8,34818,34818,65536,107,1
64,1,1,batch_sg,8,65536,191063000,343007.280,2861.023,1,6882.621,297400,9729,5633,65536,0,8705,65536,131072,8,16,18434,18434,65536,87,1
64,1,1,batch_sg,16,65536,216804400,302281.688,3099.442,1,7691.982,352700,9729,5633,65536,0,4609,65536,131072,16,32,18434,18434,65536,88,1
64,8,1,copy,0,524288,210162800,2494675.556,3099.442,1,7302.204,196900,45061,12292,524288,0,0,0,0,0,0,81934,81934,524288,48,8
64,8,1,sg,0,524288,1558699400,336362.483,23186.207,1,55341.160,544100,532478,532470,524288,0,0,0,0,0,0,1056768,1056768,524288,2,8
64,8,1,batch_sg,1,524288,1688213600,310557.858,25153.160,1,59823.793,3822800,532470,494403,912064,6059,524288,524288,1048576,1,2,1056768,1056768,524288,122,8
64,8,1,batch_sg,2,524288,989178600,530023.597,14245.510,1,34259.286,2005200,274426,241313,541632,271,266238,524288,1048576,2,4,540668,540668,524288,123,8
64,8,1,batch_sg,4,524288,607588200,862900.234,9030.104,1,21696.229,1049200,143368,110600,524288,0,135176,524288,1048576,4,8,278544,278544,524288,107,8
64,8,1,batch_sg,8,524288,394133500,1330229.478,5841.255,1,13944.140,514600,77832,45064,524288,0,69640,524288,1048576,8,16,147472,147472,524288,87,8
64,8,1,batch_sg,16,524288,559897400,936400.133,8255.243,1,19512.787,721100,77832,45064,524288,0,36872,524288,1048576,16,32,147472,147472,524288,88,8
65536,1,1,copy,0,1024,709665600,1442.933,671386.719,1,1625860.491,117149200,1005,860,1024,0,0,0,0,0,0,1206,1206,2026,127,1
65536,1,1,sg,0,1024,481114300,2128.392,473022.461,1,1107028.409,10464800,1578,1023,1024,0,0,0,0,0,0,2141,2141,1403,3,1
65536,1,1,batch_sg,1,1024,435348100,2352.141,411987.305,1,1006369.166,69559500,1024,687,12928,186,1024,1024,2048,1,2,2134,2134,1340,127,1
65536,1,1,batch_sg,2,1024,438338700,2336.093,427246.094,1,1013456.646,77843400,1005,680,11968,171,513,1024,2048,2,4,1604,1604,2026,127,1
65536,1,1,batch_sg,4,1024,339102100,3019.739,335693.359,1,784196.435,51306100,1005,797,5120,64,257,1024,2048,4,8,1336,1336,2026,126,1
65536,1,1,batch_sg,8,1024,336684500,3041.423,305175.781,1,764128.013,50661100,1005,825,2944,30,129,1024,2048,8,16,1206,1206,2026,126,1
65536,1,1,batch_sg,16,1024,397889700,2573.578,381469.727,1,910577.359,58506400,1005,832,1216,3,65,1024,2048,16,32,1214,1214,2026,127,1
65536,8,1,copy,0,8192,1164075100,7037.347,940322.876,1,2309870.726,170414800,8040,6996,8192,0,0,0,0,0,0,10210,10210,16208,127,8
65536,8,1,sg,0,8192,500931900,16353.520,463485.718,1,1117024.317,9819600,10149,8184,8192,0,0,0,0,0,0,17129,17129,10532,3,8
65536,8,1,batch_sg,1,8192,427846500,19147.054,398635.864,1,955105.036,61870500,8385,5367,112512,1630,8192,8192,16384,1,2,17042,17042,10430,127,8
65536,8,1,batch_sg,2,8192,498051500,16448.098,465393.066,1,1107889.753,75909400,8040,6587,21440,207,4104,8192,16384,2,4,12898,12898,16212,127,8
65536,8,1,batch_sg,4,8192,776284700,10552.829,703811.646,1,1699649.115,109031100,8040,6594,26240,282,2056,8192,16384,4,8,11245,11246,16211,127,8
65536,8,1,batch_sg,8,8192,826778900,9908.332,753402.710,1,1853474.828,122847800,8040,6906,10752,40,1032,8192,16384,8,16,10322,10322,16208,127,8
65536,8,1,batch_sg,16,8192,737587200,11106.483,705718.994,1,1663327.587,117901800,8040,6884,8192,0,520,8192,16384,16,32,10185,10186,16208,127,8
65536,8,2,sg,0,8192,541269500,15134.790,511169.434,1,1203303.518,11082400,8193,8184,8192,0,0,0,0,0,0,17189,17189,9747,3,8
65536,8,2,batch_sg,1,8192,488004100,16786.744,453948.975,1,1087783.707,70584600,8192,4936,141120,2077,8192,8192,16384,1,2,17122,17122,9709,127,8
65536,8,2,batch_sg,2,8192,593528400,13802.204,539779.663,1,1314721.073,90341900,8040,6449,31872,370,4104,8192,16384,2,4,13036,13036,16208,127,8
65536,8,2,batch_sg,4,8192,675108800,12134.340,627517.700,1,1511345.779,98854700,8041,6516,26624,288,2056,8192,16384,4,8,11116,11116,16209,127,8
65536,8,2,batch_sg,8,8192,655356100,12500.074,606536.865,1,1435472.569,100172500,8040,6799,8832,10,1032,8192,16384,8,16,10046,10046,16208,127,8
65536,8,2,batch_sg,16,8192,635936800,12881.783,595092.773,1,1417807.641,103605300,8040,6816,8192,0,520,8192,16384,16,32,10024,10024,16208,127,8
65536,8,2,copy,0,8192,946448100,8655.520,822067.261,1,1991177.922,151646900,8040,6952,8192,0,0,0,0,0,0,9948,9950,16208,127,8
65536,1,2,sg,0,1024,407482400,2512.992,381469.727,1,906047.215,13724200,1025,1023,1024,0,0,0,0,0,0,2129,2129,1296,3,1
65536,1,2,batch_sg,1,1024,298542200,3430.001,274658.203,1,683918.443,45190100,1025,722,11008,156,1024,1024,2048,1,2,2117,2117,1299,126,1
65536,1,2,batch_sg,2,1024,423523900,2417.809,411987.305,1,975091.042,63230300,1005,722,8640,119,513,1024,2048,2,4,1600,1600,2026,126,1
65536,1,2,batch_sg,4,1024,431036500,2375.669,411987.305,1,980648.645,72768000,1005,748,7616,103,257,1024,2048,4,8,1346,1346,2026,127,1
65536,1,2,batch_sg,8,1024,487959200,2098.536,473022.461,1,1104185.279,72446200,1005,820,2176,18,129,1024,2048,8,16,1228,1228,2026,127,1
65536,1,2,batch_sg,16,1024,430812300,2376.905,381469.727,1,987320.277,74159400,5152,832,266816,4153,65,1024,2048,16,32,1216,1216,2027,127,1
65536,1,2,copy,0,1024,400746700,2555.230,381469.727,1,922415.543,57448900,1005,839,1024,0,0,0,0,0,0,1150,1150,2026,127,1
64,8,2,sg,0,524288,1791856400,292594.875,26583.672,1,63718.194,616300,532476,532468,524288,0,0,0,0,0,0,1056768,1056768,524288,2,8
64,8,2,batch_sg,1,524288,1647479900,318236.356,24497.509,1,58554.975,3580300,532480,499712,524288,0,524288,524288,1048576,1,2,1056768,1056768,524288,122,8
64,8,2,batch_sg,2,524288,816909000,641794.863,12129.545,1,28972.387,1742000,274432,241664,524288,0,266240,524288,1048576,2,4,540672,540672,524288,117,8
64,8,2,batch_sg,4,524288,510717500,1026571.441,7271.767,1,17832.959,1000300,143368,110600,524288,0,135176,524288,1048576,4,8,278544,278544,524288,107,8
64,8,2,batch_sg,8,524288,340844300,1538203.807,5006.790,1,12025.770,536000,77832,45064,524288,0,69640,524288,1048576,8,16,147472,147472,524288,87,8
64,8,2,batch_sg,16,524288,336032800,1560228.644,5006.790,1,11840.337,520400,77832,45064,524288,0,36872,524288,1048576,16,32,147472,147472,524288,88,8
64,8,2,copy,0,524288,180482900,2904917.862,2741.814,1,6427.545,180600,45064,12296,524288,0,0,0,0,0,0,81936,81936,524288,48,8
64,1,2,sg,0,65536,1079372400,60716.765,15974.045,1,38171.705,464900,66558,66557,65536,0,0,0,0,0,0,132096,132096,65536,2,1
64,1,2,batch_sg,1,65536,1340023000,48906.623,20027.161,1,48071.757,3479800,66560,62464,65536,0,65536,65536,131072,1,2,132096,132096,65536,122,1
64,1,2,batch_sg,2,65536,892009500,73470.070,13351.440,1,32109.361,1715300,34304,30208,65536,0,33280,65536,131072,2,4,67584,67584,65536,117,1
64,1,2,batch_sg,4,65536,597975200,109596.518,9059.906,1,21546.971,1013600,17921,13825,65536,0,16897,65536,131072,4,8,34818,34818,65536,107,1
64,1,2,batch_sg,8,65536,431375500,151923.324,6437.302,1,15467.130,705900,9729,5633,65536,0,8705,65536,131072,8,16,18434,18434,65536,87,1
64,1,2,batch_sg,16,65536,461558700,141988.440,6914.139,1,16587.392,677500,9729,5633,65536,0,4609,65536,131072,16,32,18434,18434,65536,88,1
64,1,2,copy,0,65536,193387400,338884.540,2861.023,1,6833.801,193800,5633,1537,65536,0,0,0,0,0,0,10242,10242,65536,48,1
64,1,3,batch_sg,1,65536,1532626800,42760.573,22172.928,1,54907.641,4554700,66558,61545,148352,1294,65536,65536,131072,1,2,132096,132096,65536,122,1
64,1,3,batch_sg,2,65536,683317900,95908.508,10251.999,1,24322.943,1540500,34304,30208,65536,0,33280,65536,131072,2,4,67584,67584,65536,117,1
64,1,3,batch_sg,4,65536,377874900,173433.059,5483.627,1,13656.521,679300,17921,13825,65536,0,16897,65536,131072,4,8,34818,34818,65536,107,1
64,1,3,batch_sg,8,65536,268307300,244257.238,4291.534,1,9697.649,438400,9729,5633,65536,0,8705,65536,131072,8,16,18434,18434,65536,87,1
64,1,3,batch_sg,16,65536,230098200,284817.526,3576.279,1,8272.551,334400,9729,5633,65536,0,4609,65536,131072,16,32,18434,18434,65536,88,1
64,1,3,copy,0,65536,155654300,421035.590,2384.186,1,5622.147,149700,5633,1537,65536,0,0,0,0,0,0,10242,10242,65536,48,1
64,1,3,sg,0,65536,1090935200,60073.229,16212.463,1,38605.331,411700,66558,66557,65536,0,0,0,0,0,0,132096,132096,65536,2,1
64,8,3,batch_sg,1,524288,1362242300,384871.326,20176.172,1,48343.566,2965100,532480,499712,524288,0,524288,524288,1048576,1,2,1056768,1056768,524288,122,8
64,8,3,batch_sg,2,524288,1123932200,466476.537,16659.498,1,39574.073,2420700,274430,241094,556992,511,266240,524288,1048576,2,4,540672,540672,524288,117,8
64,8,3,batch_sg,4,524288,587945100,891729.517,8672.476,1,20795.923,1051400,143362,110554,524288,0,135174,524288,1048576,4,8,278540,278540,524288,116,8
64,8,3,batch_sg,8,524288,420160600,1247827.616,6109.476,1,14741.032,614300,77832,45064,524288,0,69640,524288,1048576,8,16,147472,147472,524288,87,8
64,8,3,batch_sg,16,524288,432852800,1211238.555,6318.092,1,15387.226,616400,77832,45064,524288,0,36872,524288,1048576,16,32,147472,147472,524288,88,8
64,8,3,copy,0,524288,245193500,2138262.230,3278.255,1,8292.769,218800,45064,12296,524288,0,0,0,0,0,0,81936,81936,524288,48,8
64,8,3,sg,0,524288,1622035100,323228.517,24080.276,1,57902.384,599400,532480,532472,524288,0,0,0,0,0,0,1056768,1056768,524288,2,8
65536,1,3,batch_sg,1,1024,321716000,3182.932,320434.570,1,729851.452,49328300,1024,735,10432,147,1024,1024,2048,1,2,2118,2118,1217,126,1
65536,1,3,batch_sg,2,1024,395205000,2591.060,381469.727,1,895521.621,56932900,1005,760,6912,92,513,1024,2048,2,4,1598,1598,2026,126,1
65536,1,3,batch_sg,4,1024,430392900,2379.221,411987.305,1,975542.454,60573000,1005,766,5952,77,257,1024,2048,4,8,1346,1346,2026,126,1
65536,1,3,batch_sg,8,1024,396559300,2582.212,366210.938,1,907104.146,62977800,1005,835,1280,4,129,1024,2048,8,16,1214,1214,2026,126,1
65536,1,3,batch_sg,16,1024,467857800,2188.699,457763.672,1,1073165.128,67950000,1005,837,1472,7,65,1024,2048,16,32,1224,1224,2026,127,1
65536,1,3,copy,0,1024,430206900,2380.250,381469.727,1,984222.919,74012700,1005,853,1024,0,0,0,0,0,0,1156,1156,2026,127,1
65536,1,3,sg,0,1024,473138900,2164.269,457763.672,1,1073593.593,11310300,1024,1023,1024,0,0,0,0,0,0,2140,2140,1263,3,1
65536,8,3,batch_sg,1,8192,576446700,14211.201,535964.966,1,1282395.119,94045700,8196,4679,158848,2354,8192,8192,16384,1,2,17246,17246,10375,128,8
65536,8,3,batch_sg,2,8192,849353900,9644.978,789642.334,1,1894683.268,147051700,8040,6336,48000,622,4104,8192,16384,2,4,13422,13422,16208,127,8
65536,8,3,batch_sg,4,8192,601945800,13609.199,553131.104,1,1344412.434,88111000,8040,6516,25536,271,2056,8192,16384,4,8,11007,11008,16210,127,8
65536,8,3,batch_sg,8,8192,910847600,8993.821,844955.444,1,2028896.045,142743000,8040,6940,9664,23,1032,8192,16384,8,16,10436,10436,16211,127,8
65536,8,3,batch_sg,16,8192,806305900,10159.916,753402.710,1,1810863.767,115110000,8040,6933,8448,4,520,8192,16384,16,32,10284,10284,16209,127,8
65536,8,3,copy,0,8192,1377407300,5947.406,1197814.941,1,2876795.532,205314600,8040,7022,8192,0,0,0,0,0,0,10517,10518,16208,127,8
65536,8,3,sg,0,8192,798308600,10261.696,730514.526,1,1759819.102,18168200,8198,8184,8192,0,0,0,0,0,0,17551,17553,12047,3,8
65536,8,4,batch_sg,2,8192,927941200,8828.146,871658.325,1,2067472.752,135521900,8040,6069,67136,921,4104,8192,16384,2,4,13532,13532,16209,127,8
65536,8,4,batch_sg,4,8192,764232700,10719.248,703811.646,1,1708982.449,127597900,8040,6530,30016,341,2056,8192,16384,4,8,11222,11222,16209,127,8
65536,8,4,batch_sg,8,8192,759462300,10786.579,720977.783,1,1718616.223,110581900,8040,6862,10176,31,1032,8192,16384,8,16,10220,10220,16208,127,8
65536,8,4,batch_sg,16,8192,742780600,11028.829,711441.040,1,1675188.131,112825900,8040,6917,8896,11,520,8192,16384,16,32,10192,10192,16211,127,8
65536,8,4,copy,0,8192,1166071800,7025.296,1001358.032,1,2446949.240,172631600,8040,7013,8192,0,0,0,0,0,0,10264,10264,16208,127,8
65536,8,4,sg,0,8192,482604700,16974.555,442504.883,1,1079035.526,9659200,8193,8184,8192,0,0,0,0,0,0,17100,17101,9942,3,8
65536,8,4,batch_sg,1,8192,422894400,19371.266,387191.772,1,939266.874,58327200,8263,5446,108352,1565,8192,8192,16384,1,2,17024,17024,9220,128,8
65536,1,4,batch_sg,2,1024,323842200,3162.034,320434.570,1,748119.416,51012000,1005,698,10432,147,513,1024,2048,2,4,1586,1586,2026,126,1
65536,1,4,batch_sg,4,1024,334049000,3065.419,320434.570,1,765216.059,50920000,1005,744,6912,92,257,1024,2048,4,8,1333,1334,2026,126,1
65536,1,4,batch_sg,8,1024,286451400,3574.777,259399.414,1,650986.732,42210200,1005,841,1536,8,129,1024,2048,8,16,1202,1202,2026,127,1
65536,1,4,batch_sg,16,1024,297618900,3440.642,289916.992,1,671389.601,45103200,1005,836,2112,17,65,1024,2048,16,32,1202,1202,2026,126,1
65536,1,4,copy,0,1024,318066700,3219.451,305175.781,1,721514.326,45204400,1005,830,1024,0,0,0,0,0,0,1138,1138,2026,127,1
65536,1,4,sg,0,1024,262108300,3906.782,259399.414,1,598652.703,6231900,1024,1023,1024,0,0,0,0,0,0,2110,2110,1237,3,1
65536,1,4,batch_sg,1,1024,270339400,3787.831,259399.414,1,627157.183,41917400,1024,697,12416,178,1024,1024,2048,1,2,2114,2114,1157,126,1
64,8,4,batch_sg,2,524288,963371300,544222.150,14305.115,1,33961.684,1923600,274432,241664,524288,0,266240,524288,1048576,2,4,540672,540672,524288,117,8
64,8,4,batch_sg,4,524288,668957400,783738.994,10013.580,1,23842.443,1211600,143368,110600,524288,0,135176,524288,1048576,4,8,278544,278544,524288,107,8
64,8,4,batch_sg,8,524288,374317900,1400649.021,5215.406,1,13078.625,476200,77832,45064,524288,0,69640,524288,1048576,8,16,147472,147472,524288,87,8
64,8,4,batch_sg,16,524288,400946500,1307625.830,5960.464,1,14047.165,579600,77832,45064,524288,0,36872,524288,1048576,16,32,147472,147472,524288,88,8
64,8,4,copy,0,524288,259293400,2021987.447,3814.697,1,9224.428,209900,45064,12296,524288,0,0,0,0,0,0,81936,81936,524288,48,8
64,8,4,sg,0,524288,1607411900,326169.042,23961.067,1,57126.903,569800,532480,532472,524288,0,0,0,0,0,0,1056768,1056768,524288,2,8
64,8,4,batch_sg,1,524288,1803419500,290718.826,26673.079,1,63598.319,3660300,532480,499712,524288,0,524288,524288,1048576,1,2,1056768,1056768,524288,122,8
64,1,4,batch_sg,2,65536,802934200,81620.636,11920.929,1,28715.493,2254400,34304,30208,65536,0,33280,65536,131072,2,4,67584,67584,65536,117,1
64,1,4,batch_sg,4,65536,417369300,157021.611,6198.883,1,15011.811,998500,17921,13825,65536,0,16897,65536,131072,4,8,34818,34818,65536,107,1
64,1,4,batch_sg,8,65536,253056500,258977.738,4053.116,1,9123.427,425000,9729,5633,65536,0,8705,65536,131072,8,16,18434,18434,65536,87,1
64,1,4,batch_sg,16,65536,253677700,258343.560,3814.697,1,9124.458,385700,9729,5633,65536,0,4609,65536,131072,16,32,18434,18434,65536,88,1
64,1,4,copy,0,65536,164420400,398588.010,2384.186,1,5860.350,202300,5633,1537,65536,0,0,0,0,0,0,10242,10242,65536,48,1
64,1,4,sg,0,65536,973984400,67286.499,14781.952,1,35017.077,371100,66560,66559,65536,0,0,0,0,0,0,132096,132096,65536,2,1
64,1,4,batch_sg,1,65536,1024900200,63943.787,15020.370,1,36479.761,2380800,66560,62464,65536,0,65536,65536,131072,1,2,132096,132096,65536,122,1
64,1,5,batch_sg,4,65536,354658900,184786.001,5245.209,1,12757.961,624200,17921,13825,65536,0,16897,65536,131072,4,8,34818,34818,65536,107,1
64,1,5,batch_sg,8,65536,239337100,273822.989,3576.279,1,8648.301,380500,9729,5633,65536,0,8705,65536,131072,8,16,18434,18434,65536,87,1
64,1,5,batch_sg,16,65536,246432100,265939.380,3814.697,1,8791.776,354700,9729,5633,65536,0,4609,65536,131072,16,32,18434,18434,65536,88,1
64,1,5,copy,0,65536,147710900,443677.481,2384.186,1,5371.691,121300,5633,1537,65536,0,0,0,0,0,0,10242,10242,65536,48,1
64,1,5,sg,0,65536,909248800,72077.082,13589.859,1,32799.817,313200,66560,66559,65536,0,0,0,0,0,0,132096,132096,65536,2,1
64,1,5,batch_sg,1,65536,872736600,75092.531,13351.440,1,31142.455,1941800,66560,62464,65536,0,65536,65536,131072,1,2,132096,132096,65536,122,1
64,1,5,batch_sg,2,65536,503163400,130247.947,7629.395,1,17999.045,1071900,34304,30208,65536,0,33280,65536,131072,2,4,67584,67584,65536,117,1
64,8,5,batch_sg,4,524288,487346200,1075801.966,7063.150,1,16832.505,999900,143368,110600,524288,0,135176,524288,1048576,4,8,278544,278544,524288,107,8
64,8,5,batch_sg,8,524288,315327700,1662676.638,4708.767,1,11054.828,504300,77832,45064,524288,0,69640,524288,1048576,8,16,147472,147472,524288,87,8
64,8,5,batch_sg,16,524288,307358000,1705789.340,4470.348,1,10649.169,530200,77832,45064,524288,0,36872,524288,1048576,16,32,147472,147472,524288,88,8
64,8,5,copy,0,524288,209830200,2498629.845,3010.035,1,7291.883,220500,45064,12296,524288,0,0,0,0,0,0,81936,81936,524288,48,8
64,8,5,sg,0,524288,1358856800,385830.207,20295.382,1,48330.271,477300,532480,532472,524288,0,0,0,0,0,0,1056768,1056768,524288,2,8
64,8,5,batch_sg,1,524288,1548825300,338506.867,22768.974,1,54747.043,3400800,532480,499712,524288,0,524288,524288,1048576,1,2,1056768,1056768,524288,122,8
64,8,5,batch_sg,2,524288,937426300,559284.501,13738.871,1,32874.913,2070300,274432,241664,524288,0,266240,524288,1048576,2,4,540672,540672,524288,117,8
65536,1,5,batch_sg,4,1024,278295600,3679.541,274658.203,1,639699.125,41544300,1005,811,3520,39,257,1024,2048,4,8,1328,1328,2026,126,1
65536,1,5,batch_sg,8,1024,328531600,3116.900,320434.570,1,755892.178,46617700,1005,818,2752,27,129,1024,2048,8,16,1204,1204,2026,127,1
65536,1,5,batch_sg,16,1024,294517000,3476.879,274658.203,1,671807.324,42460400,1005,826,1216,3,65,1024,2048,16,32,1200,1200,2026,127,1
65536,1,5,copy,0,1024,302416600,3386.058,289916.992,1,694089.479,46954200,1005,828,1024,0,0,0,0,0,0,1136,1136,2026,126,1
65536,1,5,sg,0,1024,264490600,3871.593,259399.414,1,601435.960,6961800,1024,1023,1024,0,0,0,0,0,0,2112,2112,1091,3,1
65536,1,5,batch_sg,1,1024,268153700,3818.705,259399.414,1,620829.386,37731000,1024,781,7296,98,1024,1024,2048,1,2,2114,2114,1221,126,1
65536,1,5,batch_sg,2,1024,272262400,3761.078,259399.414,1,630168.246,41700700,1005,721,10112,142,513,1024,2048,2,4,1584,1584,2026,126,1
65536,8,5,batch_sg,4,8192,602614800,13594.090,564575.195,1,1342304.320,90581900,8040,6556,21824,213,2056,8192,16384,4,8,10978,10978,16208,127,8
65536,8,5,batch_sg,8,8192,597127600,13719.011,545501.709,1,1340133.447,93722100,8040,6751,9280,17,1032,8192,16384,8,16,9974,9974,16208,127,8
65536,8,5,batch_sg,16,8192,439884200,18623.083,396728.516,1,969713.427,64012900,8040,6787,8192,0,520,8192,16384,16,32,9736,9736,16208,127,8
65536,8,5,copy,0,8192,736762300,11118.919,650405.884,1,1586236.942,110961000,8040,6886,8192,0,0,0,0,0,0,9658,9658,16208,127,8
65536,8,5,sg,0,8192,394814800,20748.969,366210.938,1,871233.168,9068000,8716,8184,8192,0,0,0,0,0,0,16981,16981,10748,3,8
65536,8,5,batch_sg,1,8192,409538100,20003.023,392913.818,1,908948.663,61554200,8194,5327,115968,1684,8192,8192,16384,1,2,17021,17022,9311,127,8
65536,8,5,batch_sg,2,8192,429462800,19074.993,396728.516,1,952411.395,64908200,8040,6620,19840,182,4104,8192,16384,2,4,12798,12798,16208,127,8
65536,8,6,batch_sg,8,8192,563526900,14537.017,534057.617,1,1265450.846,81200100,8040,6725,9600,22,1032,8192,16384,8,16,9924,9924,16212,127,8
65536,8,6,batch_sg,16,8192,738449100,11093.520,696182.251,1,1640948.459,117842300,8040,6846,8256,1,520,8192,16384,16,32,10178,10178,16216,127,8
65536,8,6,copy,0,8192,923840600,8867.331,820159.912,1,1958174.917,133874100,8040,6965,8192,0,0,0,0,0,0,9928,9928,16208,127,8
65536,8,6,sg,0,8192,464730000,17627.440,432968.140,1,1035242.961,9762300,8193,8184,8192,0,0,0,0,0,0,17085,17085,9690,3,8
65536,8,6,batch_sg,1,8192,494942800,16551.408,469207.764,1,1104710.948,66804400,8193,4950,143936,2121,8192,8192,16384,1,2,17129,17129,10279,127,8
65536,8,6,batch_sg,2,8192,767367000,10675.466,717163.086,1,1699006.272,120310900,8040,6498,36736,446,4104,8192,16384,2,4,13293,13294,16210,127,8
65536,8,6,batch_sg,4,8192,645932300,12682.444,610351.562,1,1431810.378,101422700,8040,6468,25792,275,2056,8192,16384,4,8,11068,11068,16208,127,8
65536,1,6,batch_sg,8,1024,418990500,2443.969,381469.727,1,966794.838,69806300,2566,835,101632,1572,129,1024,2048,8,16,1214,1214,2027,127,1
65536,1,6,batch_sg,16,1024,344644400,2971.178,350952.148,1,787602.758,51380800,1005,827,1600,9,65,1024,2048,16,32,1204,1204,2026,126,1
65536,1,6,copy,0,1024,441939100,2317.061,411987.305,1,1010148.093,71109100,1005,860,1024,0,0,0,0,0,0,1157,1158,2026,127,1
65536,1,6,sg,0,1024,273230200,3747.756,259399.414,1,630271.146,6959400,1025,1023,1024,0,0,0,0,0,0,2113,2113,1275,3,1
65536,1,6,batch_sg,1,1024,287008300,3567.841,259399.414,1,660533.051,41272000,1025,783,7168,96,1024,1024,2048,1,2,2115,2115,1217,126,1
65536,1,6,batch_sg,2,1024,370598000,2763.102,366210.938,1,852331.849,56172900,1005,783,5504,70,513,1024,2048,2,4,1592,1592,2026,126,1
65536,1,6,batch_sg,4,1024,335159100,3055.265,320434.570,1,763855.771,46655900,1005,814,2688,26,257,1024,2048,4,8,1332,1332,2026,127,1
64,8,6,batch_sg,8,524288,367083200,1428253.867,5632.639,1,13033.893,514200,77829,45052,524288,0,69639,524288,1048576,8,16,147470,147470,524288,87,8
64,8,6,batch_sg,16,524288,334391100,1567888.619,4857.779,1,11880.726,431800,77832,45064,524288,0,36872,524288,1048576,16,32,147472,147472,524288,88,8
64,8,6,copy,0,524288,240236300,2182384.594,3308.058,1,8306.088,199300,45064,12296,524288,0,0,0,0,0,0,81936,81936,524288,48,8
64,8,6,sg,0,524288,1782627900,294109.612,25868.416,1,62818.141,645400,532474,532466,524288,0,0,0,0,0,0,1056768,1056768,524288,2,8
64,8,6,batch_sg,1,524288,2095045900,250251.319,30785.799,1,74013.142,4905600,532464,489669,1196928,10510,524288,524288,1048576,1,2,1056770,1056770,524288,127,8
64,8,6,batch_sg,2,524288,846649000,619250.717,12636.185,1,29904.816,1750000,274432,241664,524288,0,266240,524288,1048576,2,4,540672,540672,524288,117,8
64,8,6,batch_sg,4,524288,562269200,932450.150,8165.836,1,19674.402,993900,143368,110600,524288,0,135176,524288,1048576,4,8,278544,278544,524288,107,8
64,1,6,batch_sg,8,65536,282061900,232346.162,4291.534,1,10227.132,434200,9729,5633,65536,0,8705,65536,131072,8,16,18434,18434,65536,87,1
64,1,6,batch_sg,16,65536,349368700,187584.062,4768.372,1,12474.885,504600,9729,5633,65536,0,4609,65536,131072,16,32,18434,18434,65536,88,1
64,1,6,copy,0,65536,210235200,311727.056,3337.860,1,7555.254,198200,5633,1537,65536,0,0,0,0,0,0,10242,10242,65536,48,1
64,1,6,sg,0,65536,1251543700,52364.132,18835.068,1,44784.175,556700,66560,66559,65536,0,0,0,0,0,0,132096,132096,65536,2,1
64,1,6,batch_sg,1,65536,1237093900,52975.768,17881.393,1,44254.934,3128800,66560,62464,65536,0,65536,65536,131072,1,2,132096,132096,65536,122,1
64,1,6,batch_sg,2,65536,694882400,94312.361,10251.999,1,25102.170,1623800,34304,30208,65536,0,33280,65536,131072,2,4,67584,67584,65536,117,1
64,1,6,batch_sg,4,65536,406920400,161053.611,6198.883,1,14701.552,834800,17921,13825,65536,0,16897,65536,131072,4,8,34818,34818,65536,107,1
64,1,7,batch_sg,16,65536,350317500,187076.010,5245.209,1,12505.623,560000,9729,5633,65536,0,4609,65536,131072,16,32,18434,18434,65536,88,1
64,1,7,copy,0,65536,273652700,239486.035,4053.116,1,9756.424,258700,5633,1537,65536,0,0,0,0,0,0,10242,10242,65536,48,1
64,1,7,sg,0,65536,1320707500,49621.888,20027.161,1,47258.730,511000,66560,66559,65536,0,0,0,0,0,0,132096,132096,65536,2,1
64,1,7,batch_sg,1,65536,1464694000,44743.817,22172.928,1,52461.171,3713600,66560,62464,65536,0,65536,65536,131072,1,2,132096,132096,65536,122,1
64,1,7,batch_sg,2,65536,779749700,84047.483,11444.092,1,28042.224,1789300,34304,30208,65536,0,33280,65536,131072,2,4,67584,67584,65536,117,1
64,1,7,batch_sg,4,65536,428834200,152823.632,6675.720,1,15505.831,984000,17921,13825,65536,0,16897,65536,131072,4,8,34818,34818,65536,107,1
64,1,7,batch_sg,8,65536,361633300,181222.249,5483.627,1,13005.033,714200,9729,5633,65536,0,8705,65536,131072,8,16,18434,18434,65536,87,1
64,8,7,batch_sg,16,524288,440513700,1190174.108,6526.709,1,15439.107,587400,77832,45064,524288,0,36872,524288,1048576,16,32,147472,147472,524288,88,8
64,8,7,copy,0,524288,273126100,1919582.200,4053.116,1,9612.133,265100,45061,12292,524288,0,0,0,0,0,0,81936,81936,524288,48,8
64,8,7,sg,0,524288,1748319800,299881.063,25898.218,1,61966.492,625400,532478,532470,524288,0,0,0,0,0,0,1056768,1056768,524288,2,8
64,8,7,batch_sg,1,524288,1657126800,316383.755,24288.893,1,58736.125,3840800,532480,499712,524288,0,524288,524288,1048576,1,2,1056768,1056768,524288,122,8
64,8,7,batch_sg,2,524288,880397200,595513.025,13053.417,1,31299.596,1637500,274432,241664,524288,0,266240,524288,1048576,2,4,540672,540672,524288,117,8
64,8,7,batch_sg,4,524288,820443000,639030.377,11980.534,1,29148.116,1445200,143365,110572,524288,0,135175,524288,1048576,4,8,278542,278542,524288,107,8
64,8,7,batch_sg,8,524288,674982100,776743.561,9864.569,1,23726.074,969100,77826,45040,524288,0,69638,524288,1048576,8,16,147468,147468,524288,87,8
65536,1,7,batch_sg,16,1024,332053300,3083.842,305175.781,1,769610.104,55318200,9098,851,519232,8097,65,1024,2048,16,32,1206,1206,2027,127,1
65536,1,7,copy,0,1024,435360000,2352.076,411987.305,1,1006774.742,63109600,1007,842,1024,0,0,0,0,0,0,1154,1154,2027,128,1
65536,1,7,sg,0,1024,373015700,2745.193,366210.938,1,859339.562,7848100,1025,1023,1024,0,0,0,0,0,0,2123,2123,1296,3,1
65536,1,7,batch_sg,1,1024,344744500,2970.316,320434.570,1,785520.951,55355000,1024,692,12352,177,1024,1024,2048,1,2,2120,2120,1182,126,1
65536,1,7,batch_sg,2,1024,355206800,2882.828,350952.148,1,818973.530,55238300,1005,785,5888,76,513,1024,2048,2,4,1592,1592,2026,126,1
65536,1,7,batch_sg,4,1024,279937300,3657.962,259399.414,1,644363.291,41200500,1005,846,1152,2,257,1024,2048,4,8,1328,1328,2026,127,1
65536,1,7,batch_sg,8,1024,298031000,3435.884,289916.992,1,690677.777,43254400,1005,831,1664,10,129,1024,2048,8,16,1200,1200,2026,127,1
65536,8,7,batch_sg,16,8192,589929700,13886.400,528335.571,1,1292874.092,89691300,8040,6744,8192,0,520,8192,16384,16,32,9941,9942,16211,127,8
65536,8,7,copy,0,8192,1194958500,6855.468,1020431.519,1,2484717.012,179520400,8040,7021,8192,0,0,0,0,0,0,10308,10308,16209,127,8
65536,8,7,sg,0,8192,525671900,15583.865,495910.645,1,1161466.682,11124900,8194,8184,8192,0,0,0,0,0,0,17160,17160,9730,3,8
65536,8,7,batch_sg,1,8192,715093300,11455.848,652313.232,1,1572359.926,108255100,8420,4403,179264,2673,8192,8192,16384,1,2,17450,17452,11012,128,8
65536,8,7,batch_sg,2,8192,693210600,11817.477,646591.187,1,1534579.558,104511200,8040,6492,31040,357,4104,8192,16384,2,4,13178,13178,16208,127,8
65536,8,7,batch_sg,4,8192,562465900,14564.438,511169.434,1,1210545.030,86155700,8040,6552,20992,200,2056,8192,16384,4,8,10913,10914,16210,127,8
65536,8,7,batch_sg,8,8192,582759200,14057.264,539779.663,1,1298576.283,83909500,8041,6703,9216,16,1032,8192,16384,8,16,9946,9946,16209,127,8
65536,8,8,copy,0,8192,974087800,8409.920,865936.279,1,2086256.909,140788700,8040,7011,8192,0,0,0,0,0,0,9991,9992,16210,127,8
65536,8,8,sg,0,8192,467388000,17527.194,432968.140,1,1033367.418,9163000,10629,8184,8192,0,0,0,0,0,0,17078,17078,10514,3,8
65536,8,8,batch_sg,1,8192,496377700,16503.562,442504.883,1,1096260.908,70317400,8193,5043,135040,1982,8192,8192,16384,1,2,17129,17129,10671,127,8
65536,8,8,batch_sg,2,8192,694339500,11798.263,659942.627,1,1570168.810,109957100,10358,6442,184192,2750,4104,8192,16384,2,4,13200,13200,16208,127,8
65536,8,8,batch_sg,4,8192,801658000,10218.821,745773.315,1,1783977.845,126467000,8040,6586,30848,354,2056,8192,16384,4,8,11288,11288,16208,127,8
65536,8,8,batch_sg,8,8192,749262300,10933.421,696182.251,1,1662730.324,111336100,8040,6836,10048,29,1032,8192,16384,8,16,10196,10196,16209,127,8
65536,8,8,batch_sg,16,8192,619769700,13217.813,562667.847,1,1362860.543,88736300,8040,6821,8192,0,520,8192,16384,16,32,9998,9998,16208,127,8
65536,1,8,copy,0,1024,399068400,2565.976,381469.727,1,918263.343,63482700,1005,845,1024,0,0,0,0,0,0,1150,1150,2026,127,1
65536,1,8,sg,0,1024,286186500,3578.086,274658.203,1,655338.433,6034600,1024,1023,1024,0,0,0,0,0,0,2111,2112,1230,3,1
65536,1,8,batch_sg,1,1024,259207200,3950.508,244140.625,1,597379.191,38027000,1024,783,6848,91,1024,1024,2048,1,2,2114,2114,1313,127,1
65536,1,8,batch_sg,2,1024,319700600,3202.997,289916.992,1,738146.724,47123100,1005,760,6720,89,513,1024,2048,2,4,1586,1586,2026,126,1
65536,1,8,batch_sg,4,1024,315882900,3241.708,320434.570,1,731515.325,47148000,1005,781,4864,60,257,1024,2048,4,8,1330,1330,2026,126,1
65536,1,8,batch_sg,8,1024,263135900,3891.525,259399.414,1,610701.603,41955600,1005,846,1216,3,129,1024,2048,8,16,1200,1200,2026,127,1
65536,1,8,batch_sg,16,1024,248744500,4116.674,244140.625,1,578213.342,38279000,1005,848,1024,0,65,1024,2048,16,32,1202,1202,2026,127,1
64,8,8,copy,0,524288,210248600,2493657.508,2890.825,1,7262.775,185300,45064,12296,524288,0,0,0,0,0,0,81936,81936,524288,48,8
64,8,8,sg,0,524288,1464155900,358082.087,21845.102,1,52071.987,528400,532480,532472,524288,0,0,0,0,0,0,1056768,1056768,524288,2,8
64,8,8,batch_sg,1,524288,1591154700,329501.588,23752.451,1,56273.840,3643300,532480,499712,524288,0,524288,524288,1048576,1,2,1056768,1056768,524288,122,8
64,8,8,batch_sg,2,524288,1019905600,514055.418,15199.184,1,36165.041,2072700,274432,241664,524288,0,266240,524288,1048576,2,4,540672,540672,524288,117,8
64,8,8,batch_sg,4,524288,701502300,747378.875,10371.208,1,24730.479,1170000,143368,110600,524288,0,135176,524288,1048576,4,8,278544,278544,524288,107,8
64,8,8,batch_sg,8,524288,422844400,1239907.635,6139.278,1,14988.794,525400,77832,45064,524288,0,69640,524288,1048576,8,16,147472,147472,524288,87,8
64,8,8,batch_sg,16,524288,462346900,1133971.051,6735.325,1,16072.525,654300,77832,45064,524288,0,36872,524288,1048576,16,32,147472,147472,524288,88,8
64,1,8,copy,0,65536,245820700,266600.819,3337.860,1,8865.655,273500,5633,1537,65536,0,0,0,0,0,0,10242,10242,65536,48,1
64,1,8,sg,0,65536,1684600600,38902.990,24557.114,1,60412.055,686400,66560,66559,65536,0,0,0,0,0,0,132096,132096,65536,2,1
64,1,8,batch_sg,1,65536,1764643700,37138.375,26464.462,1,63344.742,4642500,66560,62464,65536,0,65536,65536,131072,1,2,132096,132096,65536,122,1
64,1,8,batch_sg,2,65536,1332858800,49169.499,20503.998,1,47672.363,2852100,34304,30208,65536,0,33280,65536,131072,2,4,67584,67584,65536,117,1
64,1,8,batch_sg,4,65536,484049400,135391.140,7152.557,1,17478.307,889700,17921,13825,65536,0,16897,65536,131072,4,8,34818,34818,65536,107,1
64,1,8,batch_sg,8,65536,245979400,266428.815,3576.279,1,8953.783,384200,9729,5633,65536,0,8705,65536,131072,8,16,18434,18434,65536,87,1
64,1,8,batch_sg,16,65536,265021500,247285.598,4053.116,1,9623.656,439600,9729,5633,65536,0,4609,65536,131072,16,32,18434,18434,65536,88,1
