platform,source_commit,variant,payload_bytes,batch,repeat,order,messages,wall_ns,cpu_ns_per_message,burst_p95_ns,burst_p99_ns,poll_calls,logical_writes,drive_calls,listener_ns,client_poll_ns,local_progress_ns,listener_manager_ns,local_manager_ns,listener_wait_ns,reconnect_ns,manager_calls,manager_work,listener_checks,listener_ready,local_slots,local_used_peers,instrumentation
linux,0b02737e824af2e22223eb77935affee2b55e504,baseline,64,1,1,0,65536,1307559272,19948.944,21971,34655,196627,65536,393254,146863251,963804287,88458387,6333453,12767190,116823881,23630778,589881,0,196627,0,1573016,393254,phases
linux,0b02737e824af2e22223eb77935affee2b55e504,baseline,64,128,1,0,262144,218119265,832.073,120725,128448,8198,4096,16396,6491864,123167880,17659186,278313,566757,5238553,983183,24594,0,8198,0,65584,16396,phases
linux,0b02737e824af2e22223eb77935affee2b55e504,baseline,1024,128,1,0,262144,485676675,1852.516,251538,263761,20480,10240,40960,17294547,337905548,25968121,712798,1511760,14137124,2486429,61440,0,20480,0,163840,40960,phases
linux,0b02737e824af2e22223eb77935affee2b55e504,baseline,64,128,2,0,262144,217519840,829.502,120033,123430,8203,4096,16406,6585841,122871842,17413805,275444,576534,5336573,979840,24609,0,8203,0,65624,16406,phases
linux,0b02737e824af2e22223eb77935affee2b55e504,baseline,1024,128,2,0,262144,488589275,1863.758,253602,264923,20480,10240,40960,17493480,341100076,25541497,758905,1510269,14280700,2430802,61440,0,20480,0,163840,40960,phases
linux,0b02737e824af2e22223eb77935affee2b55e504,baseline,64,1,2,0,65536,1296764691,19785.065,21640,33682,196626,65536,393252,146796224,954850050,87680403,6393283,12806755,116693075,23513079,589878,0,196626,0,1573008,393252,phases
linux,0b02737e824af2e22223eb77935affee2b55e504,baseline,1024,128,3,0,262144,485355220,1851.120,253713,265625,20480,10240,40960,17318590,337914215,25865469,828707,1578620,13990866,2488719,61440,0,20480,0,163840,40960,phases
linux,0b02737e824af2e22223eb77935affee2b55e504,baseline,64,1,3,0,65536,1293776852,19740.143,21601,33703,196620,65536,393240,146579687,952250430,87587264,6296631,12684396,116523427,23456798,589860,0,196620,0,1572960,393240,phases
linux,0b02737e824af2e22223eb77935affee2b55e504,baseline,64,128,3,0,262144,218245403,832.470,120806,125545,8193,4096,16386,6588927,122513536,17322946,262089,563051,5354228,990500,24579,0,8193,0,65544,16386,phases
linux,0b02737e824af2e22223eb77935affee2b55e504,baseline,64,1,1,0,65536,1153565005,17599.121,19406,31258,196622,65536,393244,0,0,0,0,0,0,0,589866,0,196622,0,1572976,393244,counters
linux,0b02737e824af2e22223eb77935affee2b55e504,no_pre_manager,64,1,1,1,65536,1146994976,17498.825,19306,31328,196618,65536,393236,0,0,0,0,0,0,0,393236,0,196618,0,1572944,393236,counters
linux,0b02737e824af2e22223eb77935affee2b55e504,no_listener_check,64,1,1,2,65536,1040263141,15871.902,17652,29095,196619,65536,393238,0,0,0,0,0,0,0,589857,0,0,0,1572952,393238,counters
linux,0b02737e824af2e22223eb77935affee2b55e504,no_pre_manager,64,128,1,0,262144,192020004,732.471,107730,114112,8197,4096,16394,0,0,0,0,0,0,0,16394,0,8197,0,65576,16394,counters
linux,0b02737e824af2e22223eb77935affee2b55e504,no_listener_check,64,128,1,1,262144,186551412,711.609,104935,108763,8201,4096,16402,0,0,0,0,0,0,0,24603,0,0,0,65608,16402,counters
linux,0b02737e824af2e22223eb77935affee2b55e504,baseline,64,128,1,2,262144,191366659,729.973,106969,110897,8198,4096,16396,0,0,0,0,0,0,0,24594,0,8198,0,65584,16396,counters
linux,0b02737e824af2e22223eb77935affee2b55e504,no_listener_check,1024,128,1,0,262144,435957399,1662.563,230969,360000,20480,10240,40960,0,0,0,0,0,0,0,61440,0,0,0,163840,40960,counters
linux,0b02737e824af2e22223eb77935affee2b55e504,baseline,1024,128,1,1,262144,443340282,1691.223,232432,246679,20480,10240,40960,0,0,0,0,0,0,0,61440,0,20480,0,163840,40960,counters
linux,0b02737e824af2e22223eb77935affee2b55e504,no_pre_manager,1024,128,1,2,262144,443537128,1691.746,231932,243854,20480,10240,40960,0,0,0,0,0,0,0,40960,0,20480,0,163840,40960,counters
linux,0b02737e824af2e22223eb77935affee2b55e504,no_listener_check,64,128,2,0,262144,186014039,709.595,104594,108613,8200,4096,16400,0,0,0,0,0,0,0,24600,0,0,0,65600,16400,counters
linux,0b02737e824af2e22223eb77935affee2b55e504,baseline,64,128,2,1,262144,191273538,729.610,107039,112320,8201,4096,16402,0,0,0,0,0,0,0,24603,0,8201,0,65608,16402,counters
linux,0b02737e824af2e22223eb77935affee2b55e504,no_pre_manager,64,128,2,2,262144,190677044,727.348,106859,109273,8196,4096,16392,0,0,0,0,0,0,0,16392,0,8196,0,65568,16392,counters
linux,0b02737e824af2e22223eb77935affee2b55e504,baseline,1024,128,2,0,262144,444538478,1695.358,232513,248875,20480,10240,40960,0,0,0,0,0,0,0,61440,0,20480,0,163840,40960,counters
linux,0b02737e824af2e22223eb77935affee2b55e504,no_pre_manager,1024,128,2,1,262144,442928245,1689.648,232043,242822,20480,10240,40960,0,0,0,0,0,0,0,40960,0,20480,0,163840,40960,counters
linux,0b02737e824af2e22223eb77935affee2b55e504,no_listener_check,1024,128,2,2,262144,432583092,1649.998,229628,258392,20480,10240,40960,0,0,0,0,0,0,0,61440,0,0,0,163840,40960,counters
linux,0b02737e824af2e22223eb77935affee2b55e504,no_pre_manager,64,1,2,0,65536,1154548353,17614.075,19397,31479,196620,65536,393240,0,0,0,0,0,0,0,393240,0,196620,0,1572960,393240,counters
linux,0b02737e824af2e22223eb77935affee2b55e504,no_listener_check,64,1,2,1,65536,1039810387,15864.838,17643,29535,196616,65536,393232,0,0,0,0,0,0,0,589848,0,0,0,1572928,393232,counters
linux,0b02737e824af2e22223eb77935affee2b55e504,baseline,64,1,2,2,65536,1151627657,17568.970,19336,31479,196625,65536,393250,0,0,0,0,0,0,0,589875,0,196625,0,1573000,393250,counters
linux,0b02737e824af2e22223eb77935affee2b55e504,no_pre_manager,1024,128,3,0,262144,443076265,1689.999,232173,248072,20480,10240,40960,0,0,0,0,0,0,0,40960,0,20480,0,163840,40960,counters
linux,0b02737e824af2e22223eb77935affee2b55e504,no_listener_check,1024,128,3,1,262144,458304941,1748.055,241010,252521,20480,10240,40960,0,0,0,0,0,0,0,61440,0,0,0,163840,40960,counters
linux,0b02737e824af2e22223eb77935affee2b55e504,baseline,1024,128,3,2,262144,443230583,1690.723,231542,243454,20480,10240,40960,0,0,0,0,0,0,0,61440,0,20480,0,163840,40960,counters
linux,0b02737e824af2e22223eb77935affee2b55e504,no_listener_check,64,1,3,0,65536,1039736638,15861.862,17633,28764,196612,65536,393224,0,0,0,0,0,0,0,589836,0,0,0,1572896,393224,counters
linux,0b02737e824af2e22223eb77935affee2b55e504,baseline,64,1,3,1,65536,1151732477,17572.037,19326,31449,196620,65536,393240,0,0,0,0,0,0,0,589860,0,196620,0,1572960,393240,counters
linux,0b02737e824af2e22223eb77935affee2b55e504,no_pre_manager,64,1,3,2,65536,1154860900,17620.300,19356,31670,196617,65536,393234,0,0,0,0,0,0,0,393234,0,196617,0,1572936,393234,counters
linux,0b02737e824af2e22223eb77935affee2b55e504,baseline,64,128,3,0,262144,192212568,733.246,108042,116107,8198,4096,16396,0,0,0,0,0,0,0,24594,0,8198,0,65584,16396,counters
linux,0b02737e824af2e22223eb77935affee2b55e504,no_pre_manager,64,128,3,1,262144,191532781,730.610,106979,113903,8200,4096,16400,0,0,0,0,0,0,0,16400,0,8200,0,65600,16400,counters
linux,0b02737e824af2e22223eb77935affee2b55e504,no_listener_check,64,128,3,2,262144,185826300,708.805,104464,107560,8199,4096,16398,0,0,0,0,0,0,0,24597,0,0,0,65592,16398,counters
linux,0b02737e824af2e22223eb77935affee2b55e504,baseline,64,1,4,0,65536,1153766720,17603.180,19366,31188,196617,65536,393234,0,0,0,0,0,0,0,589851,0,196617,0,1572936,393234,counters
linux,0b02737e824af2e22223eb77935affee2b55e504,no_pre_manager,64,1,4,1,65536,1151654410,17570.389,19376,31459,196619,65536,393238,0,0,0,0,0,0,0,393238,0,196619,0,1572952,393238,counters
linux,0b02737e824af2e22223eb77935affee2b55e504,no_listener_check,64,1,4,2,65536,1044848469,15941.330,17663,29746,196615,65536,393230,0,0,0,0,0,0,0,589845,0,0,0,1572920,393230,counters
linux,0b02737e824af2e22223eb77935affee2b55e504,no_pre_manager,64,128,4,0,262144,191702868,731.293,107241,111438,8201,4096,16402,0,0,0,0,0,0,0,16402,0,8201,0,65608,16402,counters
linux,0b02737e824af2e22223eb77935affee2b55e504,no_listener_check,64,128,4,1,262144,187534523,715.343,105107,113121,8198,4096,16396,0,0,0,0,0,0,0,24594,0,0,0,65584,16396,counters
linux,0b02737e824af2e22223eb77935affee2b55e504,baseline,64,128,4,2,262144,191067682,728.828,105918,109845,8200,4096,16400,0,0,0,0,0,0,0,24600,0,8200,0,65600,16400,counters
linux,0b02737e824af2e22223eb77935affee2b55e504,no_listener_check,1024,128,4,0,262144,431766220,1646.675,229428,245047,20480,10240,40960,0,0,0,0,0,0,0,61440,0,0,0,163840,40960,counters
linux,0b02737e824af2e22223eb77935affee2b55e504,baseline,1024,128,4,1,262144,473308540,1805.412,251910,273961,20480,10240,40960,0,0,0,0,0,0,0,61440,0,20480,0,163840,40960,counters
linux,0b02737e824af2e22223eb77935affee2b55e504,no_pre_manager,1024,128,4,2,262144,445253421,1698.360,234347,245659,20480,10240,40960,0,0,0,0,0,0,0,40960,0,20480,0,163840,40960,counters
linux,0b02737e824af2e22223eb77935affee2b55e504,no_listener_check,64,128,5,0,262144,186479011,711.216,103493,110607,8197,4096,16394,0,0,0,0,0,0,0,24591,0,0,0,65576,16394,counters
linux,0b02737e824af2e22223eb77935affee2b55e504,baseline,64,128,5,1,262144,192250851,733.311,107250,115075,8197,4096,16394,0,0,0,0,0,0,0,24591,0,8197,0,65576,16394,counters
linux,0b02737e824af2e22223eb77935affee2b55e504,no_pre_manager,64,128,5,2,262144,190990407,728.455,106288,111007,8201,4096,16402,0,0,0,0,0,0,0,16402,0,8201,0,65608,16402,counters
linux,0b02737e824af2e22223eb77935affee2b55e504,baseline,1024,128,5,0,262144,444681092,1696.037,232985,242683,20480,10240,40960,0,0,0,0,0,0,0,61440,0,20480,0,163840,40960,counters
linux,0b02737e824af2e22223eb77935affee2b55e504,no_pre_manager,1024,128,5,1,262144,445115103,1697.926,233657,244216,20480,10240,40960,0,0,0,0,0,0,0,40960,0,20480,0,163840,40960,counters
linux,0b02737e824af2e22223eb77935affee2b55e504,no_listener_check,1024,128,5,2,262144,431992373,1647.861,227204,236863,20480,10240,40960,0,0,0,0,0,0,0,61440,0,0,0,163840,40960,counters
linux,0b02737e824af2e22223eb77935affee2b55e504,no_pre_manager,64,1,5,0,65536,1155801495,17633.667,19406,31679,196617,65536,393234,0,0,0,0,0,0,0,393234,0,196617,0,1572936,393234,counters
linux,0b02737e824af2e22223eb77935affee2b55e504,no_listener_check,64,1,5,1,65536,1039505919,15860.321,17603,29164,196618,65536,393236,0,0,0,0,0,0,0,589854,0,0,0,1572944,393236,counters
linux,0b02737e824af2e22223eb77935affee2b55e504,baseline,64,1,5,2,65536,1151314602,17566.025,19326,31178,196613,65536,393226,0,0,0,0,0,0,0,589839,0,196613,0,1572904,393226,counters
linux,0b02737e824af2e22223eb77935affee2b55e504,no_pre_manager,1024,128,6,0,262144,448265439,1709.953,233455,244947,20480,10240,40960,0,0,0,0,0,0,0,40960,0,20480,0,163840,40960,counters
linux,0b02737e824af2e22223eb77935affee2b55e504,no_listener_check,1024,128,6,1,262144,436564534,1665.298,230591,239367,20480,10240,40960,0,0,0,0,0,0,0,61440,0,0,0,163840,40960,counters
linux,0b02737e824af2e22223eb77935affee2b55e504,baseline,1024,128,6,2,262144,446105408,1701.725,232794,251820,20480,10240,40960,0,0,0,0,0,0,0,61440,0,20480,0,163840,40960,counters
linux,0b02737e824af2e22223eb77935affee2b55e504,no_listener_check,64,1,6,0,65536,1044333135,15933.273,17693,29044,196612,65536,393224,0,0,0,0,0,0,0,589836,0,0,0,1572896,393224,counters
linux,0b02737e824af2e22223eb77935affee2b55e504,baseline,64,1,6,1,65536,1157814815,17665.833,19446,31309,196615,65536,393230,0,0,0,0,0,0,0,589845,0,196615,0,1572920,393230,counters
linux,0b02737e824af2e22223eb77935affee2b55e504,no_pre_manager,64,1,6,2,65536,1154291100,17611.145,19397,31258,196619,65536,393238,0,0,0,0,0,0,0,393238,0,196619,0,1572952,393238,counters
linux,0b02737e824af2e22223eb77935affee2b55e504,baseline,64,128,6,0,262144,191558802,730.747,106849,111127,8198,4096,16396,0,0,0,0,0,0,0,24594,0,8198,0,65584,16396,counters
linux,0b02737e824af2e22223eb77935affee2b55e504,no_pre_manager,64,128,6,1,262144,192033749,732.521,107942,117199,8199,4096,16398,0,0,0,0,0,0,0,16398,0,8199,0,65592,16398,counters
linux,0b02737e824af2e22223eb77935affee2b55e504,no_listener_check,64,128,6,2,262144,185476622,707.512,103844,106389,8197,4096,16394,0,0,0,0,0,0,0,24591,0,0,0,65576,16394,counters
windows,0b02737e824af2e22223eb77935affee2b55e504,baseline,64,1,1,0,65536,1064060400,16212.463,16600,18500,196608,65536,393216,266091500,613766100,87774000,6335100,12651700,235187000,24302700,589824,0,196608,0,1572864,393216,phases
windows,0b02737e824af2e22223eb77935affee2b55e504,baseline,64,128,1,0,262144,175022900,655.651,86700,95400,8192,4096,16384,11562500,75952900,14619200,270100,576800,10257100,997400,24576,0,8192,0,65536,16384,phases
windows,0b02737e824af2e22223eb77935affee2b55e504,baseline,1024,128,1,0,262144,348668200,1370.907,174300,231400,22528,10240,45056,33052200,198375200,20257200,721300,1457500,29525900,2898300,67584,0,22528,0,180224,45056,phases
windows,0b02737e824af2e22223eb77935affee2b55e504,baseline,64,128,2,0,262144,187069200,715.256,133700,182700,8192,4096,16384,12298000,81365400,15250800,250300,517500,11020200,1014700,24576,0,8192,0,65536,16384,phases
windows,0b02737e824af2e22223eb77935affee2b55e504,baseline,1024,128,2,0,262144,344646700,1311.302,172600,206600,22528,10240,45056,32528700,197104500,19916100,707800,1467000,28999500,2774100,67584,0,22528,0,180224,45056,phases
windows,0b02737e824af2e22223eb77935affee2b55e504,baseline,64,1,2,0,65536,1062243600,16212.463,16600,17800,196608,65536,393216,266310600,612110600,87691600,6273900,12610400,235443800,24255300,589824,0,196608,0,1572864,393216,phases
windows,0b02737e824af2e22223eb77935affee2b55e504,baseline,1024,128,3,0,262144,346012000,1311.302,173300,195500,22528,10240,45056,32627000,197203000,19984400,726000,1457900,29116600,2776900,67584,0,22528,0,180224,45056,phases
windows,0b02737e824af2e22223eb77935affee2b55e504,baseline,64,1,3,0,65536,1060523200,15974.045,16500,17700,196608,65536,393216,265092000,611523600,87699300,6325200,12554500,234101800,24263800,589824,0,196608,0,1572864,393216,phases
windows,0b02737e824af2e22223eb77935affee2b55e504,baseline,64,128,3,0,262144,176789800,655.651,87400,96700,8192,4096,16384,11541400,77535800,14490500,261500,526500,10267600,1008500,24576,0,8192,0,65536,16384,phases
windows,0b02737e824af2e22223eb77935affee2b55e504,baseline,64,1,1,0,65536,907330800,13828.278,14100,17900,196608,65536,393216,0,0,0,0,0,0,0,589824,0,196608,0,1572864,393216,counters
windows,0b02737e824af2e22223eb77935affee2b55e504,no_pre_manager,64,1,1,1,65536,890253600,13589.859,13900,14600,196608,65536,393216,0,0,0,0,0,0,0,393216,0,196608,0,1572864,393216,counters
windows,0b02737e824af2e22223eb77935affee2b55e504,no_listener_check,64,1,1,2,65536,660435700,10013.580,10300,11000,196608,65536,393216,0,0,0,0,0,0,0,589824,0,0,0,1572864,393216,counters
windows,0b02737e824af2e22223eb77935affee2b55e504,no_pre_manager,64,128,1,0,262144,140626800,536.442,69600,78600,8192,4096,16384,0,0,0,0,0,0,0,16384,0,8192,0,65536,16384,counters
windows,0b02737e824af2e22223eb77935affee2b55e504,no_listener_check,64,128,1,1,262144,129802800,536.442,64300,72700,8192,4096,16384,0,0,0,0,0,0,0,24576,0,0,0,65536,16384,counters
windows,0b02737e824af2e22223eb77935affee2b55e504,baseline,64,128,1,2,262144,141103600,536.442,69800,78800,8192,4096,16384,0,0,0,0,0,0,0,24576,0,8192,0,65536,16384,counters
windows,0b02737e824af2e22223eb77935affee2b55e504,no_listener_check,1024,128,1,0,262144,271992900,1072.884,136700,156600,22528,10240,45056,0,0,0,0,0,0,0,67584,0,0,0,180224,45056,counters
windows,0b02737e824af2e22223eb77935affee2b55e504,baseline,1024,128,1,1,262144,304756100,1192.093,153100,179900,22528,10240,45056,0,0,0,0,0,0,0,67584,0,22528,0,180224,45056,counters
windows,0b02737e824af2e22223eb77935affee2b55e504,no_pre_manager,1024,128,1,2,262144,301323000,1132.488,151200,173900,22528,10240,45056,0,0,0,0,0,0,0,45056,0,22528,0,180224,45056,counters
windows,0b02737e824af2e22223eb77935affee2b55e504,no_listener_check,64,128,2,0,262144,130950600,536.442,65000,72900,8192,4096,16384,0,0,0,0,0,0,0,24576,0,0,0,65536,16384,counters
windows,0b02737e824af2e22223eb77935affee2b55e504,baseline,64,128,2,1,262144,141366600,536.442,70100,80600,8192,4096,16384,0,0,0,0,0,0,0,24576,0,8192,0,65536,16384,counters
windows,0b02737e824af2e22223eb77935affee2b55e504,no_pre_manager,64,128,2,2,262144,141032900,536.442,69900,78500,8192,4096,16384,0,0,0,0,0,0,0,16384,0,8192,0,65536,16384,counters
windows,0b02737e824af2e22223eb77935affee2b55e504,baseline,1024,128,2,0,262144,303280300,1132.488,152600,168100,22528,10240,45056,0,0,0,0,0,0,0,67584,0,22528,0,180224,45056,counters
windows,0b02737e824af2e22223eb77935affee2b55e504,no_pre_manager,1024,128,2,1,262144,301221200,1192.093,151200,173800,22528,10240,45056,0,0,0,0,0,0,0,45056,0,22528,0,180224,45056,counters
windows,0b02737e824af2e22223eb77935affee2b55e504,no_listener_check,1024,128,2,2,262144,274127300,1072.884,138900,194000,22528,10240,45056,0,0,0,0,0,0,0,67584,0,0,0,180224,45056,counters
windows,0b02737e824af2e22223eb77935affee2b55e504,no_pre_manager,64,1,2,0,65536,893881900,13589.859,13900,17900,196608,65536,393216,0,0,0,0,0,0,0,393216,0,196608,0,1572864,393216,counters
windows,0b02737e824af2e22223eb77935affee2b55e504,no_listener_check,64,1,2,1,65536,662125400,10251.999,10300,11100,196608,65536,393216,0,0,0,0,0,0,0,589824,0,0,0,1572864,393216,counters
windows,0b02737e824af2e22223eb77935affee2b55e504,baseline,64,1,2,2,65536,902741000,13828.278,14100,14900,196608,65536,393216,0,0,0,0,0,0,0,589824,0,196608,0,1572864,393216,counters
windows,0b02737e824af2e22223eb77935affee2b55e504,no_pre_manager,1024,128,3,0,262144,302939800,1192.093,152800,204500,22528,10240,45056,0,0,0,0,0,0,0,45056,0,22528,0,180224,45056,counters
windows,0b02737e824af2e22223eb77935affee2b55e504,no_listener_check,1024,128,3,1,262144,273592100,1013.279,137300,148200,22528,10240,45056,0,0,0,0,0,0,0,67584,0,0,0,180224,45056,counters
windows,0b02737e824af2e22223eb77935affee2b55e504,baseline,1024,128,3,2,262144,300208000,1132.488,150500,171300,22528,10240,45056,0,0,0,0,0,0,0,67584,0,22528,0,180224,45056,counters
windows,0b02737e824af2e22223eb77935affee2b55e504,no_listener_check,64,1,3,0,65536,660192000,10013.580,10300,11300,196608,65536,393216,0,0,0,0,0,0,0,589824,0,0,0,1572864,393216,counters
windows,0b02737e824af2e22223eb77935affee2b55e504,baseline,64,1,3,1,65536,895780100,13589.859,14000,14800,196608,65536,393216,0,0,0,0,0,0,0,589824,0,196608,0,1572864,393216,counters
windows,0b02737e824af2e22223eb77935affee2b55e504,no_pre_manager,64,1,3,2,65536,890851100,13589.859,13900,14900,196608,65536,393216,0,0,0,0,0,0,0,393216,0,196608,0,1572864,393216,counters
windows,0b02737e824af2e22223eb77935affee2b55e504,baseline,64,128,3,0,262144,141538800,536.442,70100,78700,8192,4096,16384,0,0,0,0,0,0,0,24576,0,8192,0,65536,16384,counters
windows,0b02737e824af2e22223eb77935affee2b55e504,no_pre_manager,64,128,3,1,262144,140566300,536.442,69700,77200,8192,4096,16384,0,0,0,0,0,0,0,16384,0,8192,0,65536,16384,counters
windows,0b02737e824af2e22223eb77935affee2b55e504,no_listener_check,64,128,3,2,262144,130889000,536.442,64800,72400,8192,4096,16384,0,0,0,0,0,0,0,24576,0,0,0,65536,16384,counters
windows,0b02737e824af2e22223eb77935affee2b55e504,baseline,64,1,4,0,65536,896692200,13589.859,14000,15000,196608,65536,393216,0,0,0,0,0,0,0,589824,0,196608,0,1572864,393216,counters
windows,0b02737e824af2e22223eb77935affee2b55e504,no_pre_manager,64,1,4,1,65536,896060100,13828.278,14000,18000,196608,65536,393216,0,0,0,0,0,0,0,393216,0,196608,0,1572864,393216,counters
windows,0b02737e824af2e22223eb77935affee2b55e504,no_listener_check,64,1,4,2,65536,654257300,10013.580,10200,10800,196608,65536,393216,0,0,0,0,0,0,0,589824,0,0,0,1572864,393216,counters
windows,0b02737e824af2e22223eb77935affee2b55e504,no_pre_manager,64,128,4,0,262144,140818900,536.442,69800,77700,8192,4096,16384,0,0,0,0,0,0,0,16384,0,8192,0,65536,16384,counters
windows,0b02737e824af2e22223eb77935affee2b55e504,no_listener_check,64,128,4,1,262144,130592600,476.837,64800,72500,8192,4096,16384,0,0,0,0,0,0,0,24576,0,0,0,65536,16384,counters
windows,0b02737e824af2e22223eb77935affee2b55e504,baseline,64,128,4,2,262144,141249300,536.442,70000,81500,8192,4096,16384,0,0,0,0,0,0,0,24576,0,8192,0,65536,16384,counters
windows,0b02737e824af2e22223eb77935affee2b55e504,no_listener_check,1024,128,4,0,262144,271959100,1072.884,137100,150200,22528,10240,45056,0,0,0,0,0,0,0,67584,0,0,0,180224,45056,counters
windows,0b02737e824af2e22223eb77935affee2b55e504,baseline,1024,128,4,1,262144,302112900,1132.488,151900,178100,22528,10240,45056,0,0,0,0,0,0,0,67584,0,22528,0,180224,45056,counters
windows,0b02737e824af2e22223eb77935affee2b55e504,no_pre_manager,1024,128,4,2,262144,301219900,1132.488,151000,182400,22528,10240,45056,0,0,0,0,0,0,0,45056,0,22528,0,180224,45056,counters
windows,0b02737e824af2e22223eb77935affee2b55e504,no_listener_check,64,128,5,0,262144,131496300,536.442,65100,91600,8192,4096,16384,0,0,0,0,0,0,0,24576,0,0,0,65536,16384,counters
windows,0b02737e824af2e22223eb77935affee2b55e504,baseline,64,128,5,1,262144,141334900,536.442,70200,77400,8192,4096,16384,0,0,0,0,0,0,0,24576,0,8192,0,65536,16384,counters
windows,0b02737e824af2e22223eb77935affee2b55e504,no_pre_manager,64,128,5,2,262144,140805100,536.442,69700,78400,8192,4096,16384,0,0,0,0,0,0,0,16384,0,8192,0,65536,16384,counters
windows,0b02737e824af2e22223eb77935affee2b55e504,baseline,1024,128,5,0,262144,303595800,1132.488,152400,184700,22528,10240,45056,0,0,0,0,0,0,0,67584,0,22528,0,180224,45056,counters
windows,0b02737e824af2e22223eb77935affee2b55e504,no_pre_manager,1024,128,5,1,262144,300684300,1192.093,151100,173100,22528,10240,45056,0,0,0,0,0,0,0,45056,0,22528,0,180224,45056,counters
windows,0b02737e824af2e22223eb77935affee2b55e504,no_listener_check,1024,128,5,2,262144,271956100,1013.279,136900,150200,22528,10240,45056,0,0,0,0,0,0,0,67584,0,0,0,180224,45056,counters
windows,0b02737e824af2e22223eb77935affee2b55e504,no_pre_manager,64,1,5,0,65536,895728400,13828.278,14000,15000,196608,65536,393216,0,0,0,0,0,0,0,393216,0,196608,0,1572864,393216,counters
windows,0b02737e824af2e22223eb77935affee2b55e504,no_listener_check,64,1,5,1,65536,653926500,10013.580,10200,10800,196608,65536,393216,0,0,0,0,0,0,0,589824,0,0,0,1572864,393216,counters
windows,0b02737e824af2e22223eb77935affee2b55e504,baseline,64,1,5,2,65536,902609600,13828.278,14100,20000,196608,65536,393216,0,0,0,0,0,0,0,589824,0,196608,0,1572864,393216,counters
windows,0b02737e824af2e22223eb77935affee2b55e504,no_pre_manager,1024,128,6,0,262144,302500900,1192.093,151800,178300,22528,10240,45056,0,0,0,0,0,0,0,45056,0,22528,0,180224,45056,counters
windows,0b02737e824af2e22223eb77935affee2b55e504,no_listener_check,1024,128,6,1,262144,269588800,1013.279,135700,152400,22528,10240,45056,0,0,0,0,0,0,0,67584,0,0,0,180224,45056,counters
windows,0b02737e824af2e22223eb77935affee2b55e504,baseline,1024,128,6,2,262144,302625400,1132.488,151700,176500,22528,10240,45056,0,0,0,0,0,0,0,67584,0,22528,0,180224,45056,counters
windows,0b02737e824af2e22223eb77935affee2b55e504,no_listener_check,64,1,6,0,65536,654619700,10013.580,10200,10800,196608,65536,393216,0,0,0,0,0,0,0,589824,0,0,0,1572864,393216,counters
windows,0b02737e824af2e22223eb77935affee2b55e504,baseline,64,1,6,1,65536,897371500,13828.278,14000,15000,196608,65536,393216,0,0,0,0,0,0,0,589824,0,196608,0,1572864,393216,counters
windows,0b02737e824af2e22223eb77935affee2b55e504,no_pre_manager,64,1,6,2,65536,899186400,13828.278,14000,14900,196608,65536,393216,0,0,0,0,0,0,0,393216,0,196608,0,1572864,393216,counters
windows,0b02737e824af2e22223eb77935affee2b55e504,baseline,64,128,6,0,262144,139855400,536.442,69400,77200,8192,4096,16384,0,0,0,0,0,0,0,24576,0,8192,0,65536,16384,counters
windows,0b02737e824af2e22223eb77935affee2b55e504,no_pre_manager,64,128,6,1,262144,140155300,536.442,69500,78000,8192,4096,16384,0,0,0,0,0,0,0,16384,0,8192,0,65536,16384,counters
windows,0b02737e824af2e22223eb77935affee2b55e504,no_listener_check,64,128,6,2,262144,129389200,536.442,64200,72500,8192,4096,16384,0,0,0,0,0,0,0,24576,0,0,0,65536,16384,counters
macos,0b02737e824af2e22223eb77935affee2b55e504,baseline,64,1,1,0,65536,10656001000,51337.814,244000,320000,197029,65536,394058,4077204000,6273913000,135046000,8941000,25695000,4037486000,29439000,591087,0,197029,0,1576232,394058,phases
macos,0b02737e824af2e22223eb77935affee2b55e504,baseline,64,128,1,0,262144,588329000,1234.669,468000,538000,8226,4096,16452,177805000,288680000,28323000,398000,1185000,176015000,1241000,24678,0,8226,0,65808,16452,phases
macos,0b02737e824af2e22223eb77935affee2b55e504,baseline,1024,128,1,0,262144,1157674000,2373.013,962000,1146000,20488,10240,40976,439494000,561972000,26532000,968000,2672000,435203000,2940000,61464,0,20488,0,163904,40976,phases
macos,0b02737e824af2e22223eb77935affee2b55e504,baseline,64,128,2,0,262144,586374000,1203.148,471000,556000,8221,4096,16442,178062000,287670000,27502000,377000,1260000,176180000,1135000,24663,0,8221,0,65768,16442,phases
macos,0b02737e824af2e22223eb77935affee2b55e504,baseline,1024,128,2,0,262144,1208534000,2516.575,995000,1261000,20496,10240,40992,453836000,591843000,29218000,1010000,2783000,449557000,3036000,61488,0,20496,0,163968,40992,phases
macos,0b02737e824af2e22223eb77935affee2b55e504,baseline,64,1,2,0,65536,12190002000,57867.249,314000,419000,197082,65536,394164,4688027000,7165348000,147202000,9995000,28648000,4643756000,29363000,591246,0,197082,0,1576656,394164,phases
macos,0b02737e824af2e22223eb77935affee2b55e504,baseline,1024,128,3,0,262144,1325845000,2612.862,1123000,1446000,20492,10240,40984,494215000,665291000,28979000,1117000,3030000,489306000,3000000,61476,0,20492,0,163936,40984,phases
macos,0b02737e824af2e22223eb77935affee2b55e504,baseline,64,1,3,0,65536,11437514000,58437.622,284000,402000,197053,65536,394106,4338715000,6763678000,148387000,8400000,29497000,4294478000,28908000,591159,0,197053,0,1576424,394106,phases
macos,0b02737e824af2e22223eb77935affee2b55e504,baseline,64,128,3,0,262144,515527000,1017.460,329000,416000,8209,4096,16418,161700000,245413000,24868000,384000,871000,160010000,1077000,24627,0,8209,0,65672,16418,phases
macos,0b02737e824af2e22223eb77935affee2b55e504,baseline,64,1,1,0,65536,11313418000,51369.125,262000,352000,197081,65536,394162,0,0,0,0,0,0,0,591243,0,197081,0,1576648,394162,counters
macos,0b02737e824af2e22223eb77935affee2b55e504,no_pre_manager,64,1,1,1,65536,11301347000,51393.082,278000,384000,197089,65536,394178,0,0,0,0,0,0,0,394178,0,197089,0,1576712,394178,counters
macos,0b02737e824af2e22223eb77935affee2b55e504,no_listener_check,64,1,1,2,65536,7336647000,37424.118,180000,252000,197563,65536,395126,0,0,0,0,0,0,0,592689,0,0,0,1580504,395126,counters
macos,0b02737e824af2e22223eb77935affee2b55e504,no_pre_manager,64,128,1,0,262144,513570000,908.787,324000,438000,8209,4096,16418,0,0,0,0,0,0,0,16418,0,8209,0,65672,16418,counters
macos,0b02737e824af2e22223eb77935affee2b55e504,no_listener_check,64,128,1,1,262144,394963000,860.306,278000,358000,8319,4096,16638,0,0,0,0,0,0,0,24957,0,0,0,66552,16638,counters
macos,0b02737e824af2e22223eb77935affee2b55e504,baseline,64,128,1,2,262144,567773000,1069.912,404000,478000,8228,4096,16456,0,0,0,0,0,0,0,24684,0,8228,0,65824,16456,counters
macos,0b02737e824af2e22223eb77935affee2b55e504,no_listener_check,1024,128,1,0,262144,839471000,2211.102,653000,795000,20832,10240,41664,0,0,0,0,0,0,0,62496,0,0,0,166656,41664,counters
macos,0b02737e824af2e22223eb77935affee2b55e504,baseline,1024,128,1,1,262144,1365490000,2971.996,1034000,1555000,20496,10240,40992,0,0,0,0,0,0,0,61488,0,20496,0,163968,40992,counters
macos,0b02737e824af2e22223eb77935affee2b55e504,no_pre_manager,1024,128,1,2,262144,1245768000,2565.331,978000,1157000,20511,10240,41022,0,0,0,0,0,0,0,41022,0,20511,0,164088,41022,counters
macos,0b02737e824af2e22223eb77935affee2b55e504,no_listener_check,64,128,2,0,262144,476168000,1153.805,393000,815000,8314,4096,16628,0,0,0,0,0,0,0,24942,0,0,0,66512,16628,counters
macos,0b02737e824af2e22223eb77935affee2b55e504,baseline,64,128,2,1,262144,530570000,1020.161,422000,494000,8212,4096,16424,0,0,0,0,0,0,0,24636,0,8212,0,65696,16424,counters
macos,0b02737e824af2e22223eb77935affee2b55e504,no_pre_manager,64,128,2,2,262144,501580000,915.722,373000,485000,8208,4096,16416,0,0,0,0,0,0,0,16416,0,8208,0,65664,16416,counters
macos,0b02737e824af2e22223eb77935affee2b55e504,baseline,1024,128,2,0,262144,1160283000,2265.766,932000,1176000,20490,10240,40980,0,0,0,0,0,0,0,61470,0,20490,0,163920,40980,counters
macos,0b02737e824af2e22223eb77935affee2b55e504,no_pre_manager,1024,128,2,1,262144,1338182000,2803.539,1064000,1389000,20497,10240,40994,0,0,0,0,0,0,0,40994,0,20497,0,163976,40994,counters
macos,0b02737e824af2e22223eb77935affee2b55e504,no_listener_check,1024,128,2,2,262144,818483000,1980.473,650000,1382000,20678,10240,41356,0,0,0,0,0,0,0,62034,0,0,0,165424,41356,counters
macos,0b02737e824af2e22223eb77935affee2b55e504,no_pre_manager,64,1,2,0,65536,12072248000,57545.624,303000,421000,197100,65536,394200,0,0,0,0,0,0,0,394200,0,197100,0,1576800,394200,counters
macos,0b02737e824af2e22223eb77935affee2b55e504,no_listener_check,64,1,2,1,65536,7307359000,38471.756,183000,261000,197749,65536,395498,0,0,0,0,0,0,0,593247,0,0,0,1581992,395498,counters
macos,0b02737e824af2e22223eb77935affee2b55e504,baseline,64,1,2,2,65536,10967718000,51267.303,255000,357000,197141,65536,394282,0,0,0,0,0,0,0,591423,0,197141,0,1577128,394282,counters
macos,0b02737e824af2e22223eb77935affee2b55e504,no_pre_manager,1024,128,3,0,262144,1023845000,1975.567,825000,992000,20497,10240,40994,0,0,0,0,0,0,0,40994,0,20497,0,163976,40994,counters
macos,0b02737e824af2e22223eb77935affee2b55e504,no_listener_check,1024,128,3,1,262144,588500000,1485.729,400000,651000,20754,10240,41508,0,0,0,0,0,0,0,62262,0,0,0,166032,41508,counters
macos,0b02737e824af2e22223eb77935affee2b55e504,baseline,1024,128,3,2,262144,1137664000,2300.983,924000,1101000,20497,10240,40994,0,0,0,0,0,0,0,61491,0,20497,0,163976,40994,counters
macos,0b02737e824af2e22223eb77935affee2b55e504,no_listener_check,64,1,3,0,65536,7341499000,37260.300,176000,253000,197737,65536,395474,0,0,0,0,0,0,0,593211,0,0,0,1581896,395474,counters
macos,0b02737e824af2e22223eb77935affee2b55e504,baseline,64,1,3,1,65536,10164666000,47007.187,233000,302000,197015,65536,394030,0,0,0,0,0,0,0,591045,0,197015,0,1576120,394030,counters
macos,0b02737e824af2e22223eb77935affee2b55e504,no_pre_manager,64,1,3,2,65536,10302364000,45962.830,228000,309000,197012,65536,394024,0,0,0,0,0,0,0,394024,0,197012,0,1576096,394024,counters
macos,0b02737e824af2e22223eb77935affee2b55e504,baseline,64,128,3,0,262144,489771000,858.711,336000,462000,8208,4096,16416,0,0,0,0,0,0,0,24624,0,8208,0,65664,16416,counters
macos,0b02737e824af2e22223eb77935affee2b55e504,no_pre_manager,64,128,3,1,262144,493462000,859.573,339000,448000,8205,4096,16410,0,0,0,0,0,0,0,16410,0,8205,0,65640,16410,counters
macos,0b02737e824af2e22223eb77935affee2b55e504,no_listener_check,64,128,3,2,262144,310488000,672.791,191000,251000,8208,4096,16416,0,0,0,0,0,0,0,24624,0,0,0,65664,16416,counters
macos,0b02737e824af2e22223eb77935affee2b55e504,baseline,64,1,4,0,65536,11306547000,47721.558,256000,404000,197062,65536,394124,0,0,0,0,0,0,0,591186,0,197062,0,1576496,394124,counters
macos,0b02737e824af2e22223eb77935affee2b55e504,no_pre_manager,64,1,4,1,65536,12427263000,51603.607,280000,394000,197072,65536,394144,0,0,0,0,0,0,0,394144,0,197072,0,1576576,394144,counters
macos,0b02737e824af2e22223eb77935affee2b55e504,no_listener_check,64,1,4,2,65536,8238861000,38124.191,191000,295000,197652,65536,395304,0,0,0,0,0,0,0,592956,0,0,0,1581216,395304,counters
macos,0b02737e824af2e22223eb77935affee2b55e504,no_pre_manager,64,128,4,0,262144,584684000,995.949,407000,565000,8212,4096,16424,0,0,0,0,0,0,0,16424,0,8212,0,65696,16424,counters
macos,0b02737e824af2e22223eb77935affee2b55e504,no_listener_check,64,128,4,1,262144,476603000,753.918,235000,813000,8211,4096,16422,0,0,0,0,0,0,0,24633,0,0,0,65688,16422,counters
macos,0b02737e824af2e22223eb77935affee2b55e504,baseline,64,128,4,2,262144,510811000,863.659,352000,508000,8205,4096,16410,0,0,0,0,0,0,0,24615,0,8205,0,65640,16410,counters
macos,0b02737e824af2e22223eb77935affee2b55e504,no_listener_check,1024,128,4,0,262144,836578000,1911.236,661000,1340000,20732,10240,41464,0,0,0,0,0,0,0,62196,0,0,0,165856,41464,counters
macos,0b02737e824af2e22223eb77935affee2b55e504,baseline,1024,128,4,1,262144,1152304000,1964.088,741000,1025000,20492,10240,40984,0,0,0,0,0,0,0,61476,0,20492,0,163936,40984,counters
macos,0b02737e824af2e22223eb77935affee2b55e504,no_pre_manager,1024,128,4,2,262144,1159893000,2145.821,914000,1485000,20495,10240,40990,0,0,0,0,0,0,0,40990,0,20495,0,163960,40990,counters
macos,0b02737e824af2e22223eb77935affee2b55e504,no_listener_check,64,128,5,0,262144,384295000,724.377,223000,275000,8213,4096,16426,0,0,0,0,0,0,0,24639,0,0,0,65704,16426,counters
macos,0b02737e824af2e22223eb77935affee2b55e504,baseline,64,128,5,1,262144,605300000,981.907,428000,559000,8201,4096,16402,0,0,0,0,0,0,0,24603,0,8201,0,65608,16402,counters
macos,0b02737e824af2e22223eb77935affee2b55e504,no_pre_manager,64,128,5,2,262144,503952000,856.415,388000,552000,8206,4096,16412,0,0,0,0,0,0,0,16412,0,8206,0,65648,16412,counters
macos,0b02737e824af2e22223eb77935affee2b55e504,baseline,1024,128,5,0,262144,1096385000,2050.770,831000,1006000,20492,10240,40984,0,0,0,0,0,0,0,61476,0,20492,0,163936,40984,counters
macos,0b02737e824af2e22223eb77935affee2b55e504,no_pre_manager,1024,128,5,1,262144,1345367000,2281.464,1002000,2896000,20490,10240,40980,0,0,0,0,0,0,0,40980,0,20490,0,163920,40980,counters
macos,0b02737e824af2e22223eb77935affee2b55e504,no_listener_check,1024,128,5,2,262144,671990000,1571.957,469000,714000,20637,10240,41274,0,0,0,0,0,0,0,61911,0,0,0,165096,41274,counters
macos,0b02737e824af2e22223eb77935affee2b55e504,no_pre_manager,64,1,5,0,65536,13007967000,59088.745,310000,450000,197135,65536,394270,0,0,0,0,0,0,0,394270,0,197135,0,1577080,394270,counters
macos,0b02737e824af2e22223eb77935affee2b55e504,no_listener_check,64,1,5,1,65536,8286670000,41161.057,195000,278000,197887,65536,395774,0,0,0,0,0,0,0,593661,0,0,0,1583096,395774,counters
macos,0b02737e824af2e22223eb77935affee2b55e504,baseline,64,1,5,2,65536,13566871000,66496.979,346000,469000,197120,65536,394240,0,0,0,0,0,0,0,591360,0,197120,0,1576960,394240,counters
macos,0b02737e824af2e22223eb77935affee2b55e504,no_pre_manager,1024,128,6,0,262144,1388177000,2818.378,1146000,2009000,20501,10240,41002,0,0,0,0,0,0,0,41002,0,20501,0,164008,41002,counters
macos,0b02737e824af2e22223eb77935affee2b55e504,no_listener_check,1024,128,6,1,262144,810527000,2078.171,685000,936000,20838,10240,41676,0,0,0,0,0,0,0,62514,0,0,0,166704,41676,counters
macos,0b02737e824af2e22223eb77935affee2b55e504,baseline,1024,128,6,2,262144,1270423000,2461.845,1014000,1414000,20509,10240,41018,0,0,0,0,0,0,0,61527,0,20509,0,164072,41018,counters
macos,0b02737e824af2e22223eb77935affee2b55e504,no_listener_check,64,1,6,0,65536,8097763000,41902.557,206000,282000,198090,65536,396180,0,0,0,0,0,0,0,594270,0,0,0,1584720,396180,counters
macos,0b02737e824af2e22223eb77935affee2b55e504,baseline,64,1,6,1,65536,13006542000,63226.959,335000,442000,197156,65536,394312,0,0,0,0,0,0,0,591468,0,197156,0,1577248,394312,counters
macos,0b02737e824af2e22223eb77935affee2b55e504,no_pre_manager,64,1,6,2,65536,13495524000,66404.175,344000,512000,197357,65536,394714,0,0,0,0,0,0,0,394714,0,197357,0,1578856,394714,counters
macos,0b02737e824af2e22223eb77935affee2b55e504,baseline,64,128,6,0,262144,680286000,1357.059,487000,632000,8240,4096,16480,0,0,0,0,0,0,0,24720,0,8240,0,65920,16480,counters
macos,0b02737e824af2e22223eb77935affee2b55e504,no_pre_manager,64,128,6,1,262144,662569000,1256.897,490000,739000,8239,4096,16478,0,0,0,0,0,0,0,16478,0,8239,0,65912,16478,counters
macos,0b02737e824af2e22223eb77935affee2b55e504,no_listener_check,64,128,6,2,262144,407312000,902.088,336000,415000,8301,4096,16602,0,0,0,0,0,0,0,24903,0,0,0,66408,16602,counters
