"scenario","frames_per_write","writes","variant","trial"
"router_identity","1","20000","probe","1"
"reqrep","1","7","probe","1"
"router_isolation","1","20000","probe","1"
"router_identity","1","20000","profile","1"
"reqrep","1","12","profile","1"
"router_isolation","1","20000","profile","1"
"router_identity","1","20000","probe","2"
"reqrep","1","9","probe","2"
"router_isolation","1","20000","probe","2"
"router_identity","1","20000","profile","2"
"reqrep","1","9","profile","2"
"router_isolation","1","20000","profile","2"
"router_identity","1","20000","probe","3"
"reqrep","1","7","probe","3"
"router_isolation","1","20000","probe","3"
"router_identity","1","20000","profile","3"
"reqrep","1","8","profile","3"
"router_isolation","1","20000","profile","3"
