platform,source_commit,policy,period_ms,repeat,order,messages,wall_ns,messages_per_second,cpu_ns,cpu_cores,p50_ns,p95_ns,p99_ns,scheduled_p99_ns,release_lag_p99_ns,receiver_polls,send_busy,cpu_cycles_available,cpu_cycles_per_message
linux,e396c1b07c1a4e2714e67a82b37d292aae20e0b8,ordinary_spin,5,1,0,256,1281055834,199.835,1285607000,1.003553,12447,27603,49534,1058239,1042030,2187255,0,0,0.000
linux,e396c1b07c1a4e2714e67a82b37d292aae20e0b8,ordinary_sleep,5,1,1,256,1281116820,199.826,20356000,0.015889,32894,40741,58618,1085452,1054814,1262,0,0,0.000
linux,e396c1b07c1a4e2714e67a82b37d292aae20e0b8,owner_spin,5,1,2,256,1280683228,199.893,1286789000,1.004768,19585,27563,33349,1078779,1055619,2157057,0,0,0.000
linux,e396c1b07c1a4e2714e67a82b37d292aae20e0b8,owner_wait,5,1,3,256,1280651999,199.898,11230000,0.008769,24952,43070,65041,1076491,1056897,256,0,0,0.000
linux,e396c1b07c1a4e2714e67a82b37d292aae20e0b8,ordinary_spin,20,1,0,256,5120314052,49.997,5133235000,1.002523,34116,48239,65446,1121232,1085141,8909193,0,0,0.000
linux,e396c1b07c1a4e2714e67a82b37d292aae20e0b8,ordinary_sleep,20,1,1,256,5120494009,49.995,42438000,0.008288,19865,52392,71903,1081051,1054804,4856,0,0,0.000
linux,e396c1b07c1a4e2714e67a82b37d292aae20e0b8,owner_spin,20,1,2,256,5120632966,49.994,5130660000,1.001958,31881,40345,53073,1115000,1083059,8520242,0,0,0.000
linux,e396c1b07c1a4e2714e67a82b37d292aae20e0b8,owner_wait,20,1,3,256,5120737592,49.993,32761000,0.006398,59178,262738,279907,1350021,1108412,291,0,0,0.000
linux,e396c1b07c1a4e2714e67a82b37d292aae20e0b8,ordinary_sleep,20,2,0,256,5121105958,49.989,48280000,0.009428,46790,65697,80803,1123843,1064382,4866,0,0,0.000
linux,e396c1b07c1a4e2714e67a82b37d292aae20e0b8,owner_spin,20,2,1,256,5121129462,49.989,5134011000,1.002515,33382,43490,68995,1110451,1076746,8706371,0,0,0.000
linux,e396c1b07c1a4e2714e67a82b37d292aae20e0b8,owner_wait,20,2,2,256,5121150744,49.989,31888000,0.006227,59006,253887,339678,1280382,1099230,305,0,0,0.000
linux,e396c1b07c1a4e2714e67a82b37d292aae20e0b8,ordinary_spin,20,2,3,256,5120799255,49.992,5133447000,1.002470,33097,43666,66742,1127911,1090589,8903981,0,0,0.000
linux,e396c1b07c1a4e2714e67a82b37d292aae20e0b8,ordinary_sleep,5,2,0,256,1280515580,199.919,19264000,0.015044,31407,39293,51898,1092084,1055868,1258,0,0,0.000
linux,e396c1b07c1a4e2714e67a82b37d292aae20e0b8,owner_spin,5,2,1,256,1280170434,199.973,1285541000,1.004195,17038,24708,40261,1077443,1055606,2165646,0,0,0.000
linux,e396c1b07c1a4e2714e67a82b37d292aae20e0b8,owner_wait,5,2,2,256,1280871832,199.864,10216000,0.007976,22426,40857,49700,1081225,1055652,256,0,0,0.000
linux,e396c1b07c1a4e2714e67a82b37d292aae20e0b8,ordinary_spin,5,2,3,256,1281046313,199.837,1284191000,1.002455,12103,19509,24633,1068993,1057870,2155427,0,0,0.000
linux,e396c1b07c1a4e2714e67a82b37d292aae20e0b8,owner_spin,5,3,0,256,1281058402,199.835,1286484000,1.004235,17597,24488,30325,1070356,1051776,2125374,0,0,0.000
linux,e396c1b07c1a4e2714e67a82b37d292aae20e0b8,owner_wait,5,3,1,256,1280223402,199.965,9800000,0.007655,20098,38353,44235,1067051,1050695,256,0,0,0.000
linux,e396c1b07c1a4e2714e67a82b37d292aae20e0b8,ordinary_spin,5,3,2,256,1280723103,199.887,1286258000,1.004322,16115,27041,51736,1081026,1058141,2177904,0,0,0.000
linux,e396c1b07c1a4e2714e67a82b37d292aae20e0b8,ordinary_sleep,5,3,3,256,1280859210,199.866,20878000,0.016300,33255,53486,93361,1092318,1055288,1259,0,0,0.000
linux,e396c1b07c1a4e2714e67a82b37d292aae20e0b8,owner_spin,20,3,0,256,5120915660,49.991,5126020000,1.000997,10709,23366,42924,1066405,1055260,8659637,0,0,0.000
linux,e396c1b07c1a4e2714e67a82b37d292aae20e0b8,owner_wait,20,3,1,256,5120390110,49.996,31098000,0.006073,55269,213027,256698,1209500,1082301,271,0,0,0.000
linux,e396c1b07c1a4e2714e67a82b37d292aae20e0b8,ordinary_spin,20,3,2,256,5120229375,49.998,5131732000,1.002247,32326,37325,54186,1192435,1159200,8874303,0,0,0.000
linux,e396c1b07c1a4e2714e67a82b37d292aae20e0b8,ordinary_sleep,20,3,3,256,5120807019,49.992,48175000,0.009408,46753,58691,71631,1123040,1075915,4877,0,0,0.000
linux,e396c1b07c1a4e2714e67a82b37d292aae20e0b8,owner_wait,20,4,0,256,5120344332,49.997,31195000,0.006092,57813,256273,301589,1263802,1082207,288,0,0,0.000
linux,e396c1b07c1a4e2714e67a82b37d292aae20e0b8,ordinary_spin,20,4,1,256,5120742875,49.993,5128980000,1.001609,14280,38839,54763,1146642,1076090,8901371,0,0,0.000
linux,e396c1b07c1a4e2714e67a82b37d292aae20e0b8,ordinary_sleep,20,4,2,256,5120834112,49.992,49770000,0.009719,47317,63805,77938,1143230,1097530,4869,0,0,0.000
linux,e396c1b07c1a4e2714e67a82b37d292aae20e0b8,owner_spin,20,4,3,256,5120320544,49.997,5128739000,1.001644,15512,38994,58691,1093789,1062724,8691581,0,0,0.000
linux,e396c1b07c1a4e2714e67a82b37d292aae20e0b8,owner_wait,5,4,0,256,1281135616,199.823,12624000,0.009854,31357,44337,56226,1096920,1061020,256,0,0,0.000
linux,e396c1b07c1a4e2714e67a82b37d292aae20e0b8,ordinary_spin,5,4,1,256,1280256127,199.960,1285611000,1.004183,17218,25606,33610,1065761,1046893,2232268,0,0,0.000
linux,e396c1b07c1a4e2714e67a82b37d292aae20e0b8,ordinary_sleep,5,4,2,256,1280297544,199.954,20805000,0.016250,33805,49731,63739,1075874,1039540,1261,0,0,0.000
linux,e396c1b07c1a4e2714e67a82b37d292aae20e0b8,owner_spin,5,4,3,256,1280174037,199.973,1285534000,1.004187,16703,23518,38627,1070765,1052506,2158770,0,0,0.000
linux,e396c1b07c1a4e2714e67a82b37d292aae20e0b8,ordinary_spin,5,5,0,256,1280850608,199.867,1286139000,1.004129,17315,24962,32685,1072823,1058112,2210805,0,0,0.000
linux,e396c1b07c1a4e2714e67a82b37d292aae20e0b8,ordinary_sleep,5,5,1,256,1280802984,199.875,19199000,0.014990,31412,42024,58343,1084124,1057621,1261,0,0,0.000
linux,e396c1b07c1a4e2714e67a82b37d292aae20e0b8,owner_spin,5,5,2,256,1280456073,199.929,1285966000,1.004303,18261,24540,40316,1061667,1043458,2170947,0,0,0.000
linux,e396c1b07c1a4e2714e67a82b37d292aae20e0b8,owner_wait,5,5,3,256,1280619841,199.903,12252000,0.009567,30410,38594,48478,1080225,1057153,256,0,0,0.000
linux,e396c1b07c1a4e2714e67a82b37d292aae20e0b8,ordinary_spin,20,5,0,256,5120354961,49.997,5127047000,1.001307,11466,37221,61816,1075301,1061057,8947504,0,0,0.000
linux,e396c1b07c1a4e2714e67a82b37d292aae20e0b8,ordinary_sleep,20,5,1,256,5120996843,49.990,46759000,0.009131,45060,59492,72376,1130110,1074640,4861,0,0,0.000
linux,e396c1b07c1a4e2714e67a82b37d292aae20e0b8,owner_spin,20,5,2,256,5120570998,49.994,5133950000,1.002613,33336,43655,58938,1126625,1093337,8566319,0,0,0.000
linux,e396c1b07c1a4e2714e67a82b37d292aae20e0b8,owner_wait,20,5,3,256,5120434595,49.996,31776000,0.006206,59316,253271,264641,1323049,1096152,297,0,0,0.000
windows,e396c1b07c1a4e2714e67a82b37d292aae20e0b8,ordinary_spin,5,1,0,256,1288830000,198.630,1296875000,1.006242,21800,74200,140900,15448500,15392000,2324989,0,1,12360951.145
windows,e396c1b07c1a4e2714e67a82b37d292aae20e0b8,ordinary_sleep,5,1,1,256,1294436800,197.769,0,0.000000,57500,110500,149600,15106500,14999700,341,0,1,192928.871
windows,e396c1b07c1a4e2714e67a82b37d292aae20e0b8,owner_spin,5,1,2,256,1291188900,198.267,1296875000,1.004404,16400,47000,72100,15535200,15494800,2252292,0,1,12414397.695
windows,e396c1b07c1a4e2714e67a82b37d292aae20e0b8,owner_wait,5,1,3,256,1293704400,197.881,0,0.000000,49800,102100,136900,15528000,15465900,256,0,1,191156.641
windows,e396c1b07c1a4e2714e67a82b37d292aae20e0b8,ordinary_spin,20,1,0,256,5125605400,49.945,5140625000,1.002930,37000,78000,100500,16529500,16492800,9264277,0,1,49057191.777
windows,e396c1b07c1a4e2714e67a82b37d292aae20e0b8,ordinary_sleep,20,1,1,256,5123936100,49.962,0,0.000000,79600,114000,144000,16198400,16112800,588,0,1,346987.945
windows,e396c1b07c1a4e2714e67a82b37d292aae20e0b8,owner_spin,20,1,2,256,5124455100,49.957,5125000000,1.000106,33700,60400,87400,16082200,16049300,8965237,0,1,49042483.391
windows,e396c1b07c1a4e2714e67a82b37d292aae20e0b8,owner_wait,20,1,3,256,5126394400,49.938,0,0.000000,74100,115400,151100,16167000,16089900,330,0,1,356378.465
windows,e396c1b07c1a4e2714e67a82b37d292aae20e0b8,ordinary_sleep,20,2,0,256,5123469000,49.966,0,0.000000,85200,122000,140600,16171400,16070400,542,0,1,361538.383
windows,e396c1b07c1a4e2714e67a82b37d292aae20e0b8,owner_spin,20,2,1,256,5123755700,49.963,5125000000,1.000243,32700,61800,107600,16169500,16134700,8910571,0,1,49038341.363
windows,e396c1b07c1a4e2714e67a82b37d292aae20e0b8,owner_wait,20,2,2,256,5133502900,49.868,0,0.000000,76700,113100,131900,16151100,16099300,322,0,1,359094.133
windows,e396c1b07c1a4e2714e67a82b37d292aae20e0b8,ordinary_spin,20,2,3,256,5125108900,49.950,5140625000,1.003027,37900,63200,107700,15999800,15968700,9188631,0,1,49041401.391
windows,e396c1b07c1a4e2714e67a82b37d292aae20e0b8,ordinary_sleep,5,2,0,256,1292396900,198.082,0,0.000000,56200,108400,124500,15508500,15426200,315,0,1,180613.695
windows,e396c1b07c1a4e2714e67a82b37d292aae20e0b8,owner_spin,5,2,1,256,1293134900,197.969,1296875000,1.002892,14300,43200,83000,15459900,15427000,2250941,0,1,12419636.277
windows,e396c1b07c1a4e2714e67a82b37d292aae20e0b8,owner_wait,5,2,2,256,1280848000,199.868,0,0.000000,52400,102300,125900,15201200,15136000,256,0,1,188123.949
windows,e396c1b07c1a4e2714e67a82b37d292aae20e0b8,ordinary_spin,5,2,3,256,1291468500,198.224,1296875000,1.004186,16500,54500,90400,15167500,15132500,2352901,0,1,12397592.516
windows,e396c1b07c1a4e2714e67a82b37d292aae20e0b8,owner_spin,5,3,0,256,1294766600,197.719,1312500000,1.013696,15600,48200,80400,15363900,15322600,2237635,0,1,12429385.203
windows,e396c1b07c1a4e2714e67a82b37d292aae20e0b8,owner_wait,5,3,1,256,1293195900,197.959,0,0.000000,49200,98000,117800,15398500,15330800,256,0,1,192635.859
windows,e396c1b07c1a4e2714e67a82b37d292aae20e0b8,ordinary_spin,5,3,2,256,1292821500,198.017,1296875000,1.003135,16900,48300,80300,15500600,15452900,2344091,0,1,12413906.996
windows,e396c1b07c1a4e2714e67a82b37d292aae20e0b8,ordinary_sleep,5,3,3,256,1293076600,197.977,0,0.000000,54300,105100,134000,15265400,15129300,342,0,1,185537.402
windows,e396c1b07c1a4e2714e67a82b37d292aae20e0b8,owner_spin,20,3,0,256,5124809700,49.953,5125000000,1.000037,33600,67000,84100,16181500,16148900,8908293,0,1,49057491.090
windows,e396c1b07c1a4e2714e67a82b37d292aae20e0b8,owner_wait,20,3,1,256,5124993900,49.951,0,0.000000,73000,113900,134300,16094600,16016300,328,0,1,357049.879
windows,e396c1b07c1a4e2714e67a82b37d292aae20e0b8,ordinary_spin,20,3,2,256,5122968600,49.971,5125000000,1.000397,35900,74700,99900,16124900,16092100,9318965,0,1,49031139.195
windows,e396c1b07c1a4e2714e67a82b37d292aae20e0b8,ordinary_sleep,20,3,3,256,5123712100,49.964,0,0.000000,78800,128200,176200,16131300,16055100,592,0,1,350966.363
windows,e396c1b07c1a4e2714e67a82b37d292aae20e0b8,owner_wait,20,4,0,256,5127414400,49.928,0,0.000000,77000,123700,142600,16101200,16033000,319,0,1,367452.191
windows,e396c1b07c1a4e2714e67a82b37d292aae20e0b8,ordinary_spin,20,4,1,256,5122252200,49.978,5125000000,1.000536,36100,73600,98600,16072400,16036100,9333488,0,1,49030194.695
windows,e396c1b07c1a4e2714e67a82b37d292aae20e0b8,ordinary_sleep,20,4,2,256,5124286200,49.958,0,0.000000,84800,129900,151700,16083400,15986600,547,0,1,369146.785
windows,e396c1b07c1a4e2714e67a82b37d292aae20e0b8,owner_spin,20,4,3,256,5123292800,49.968,5140625000,1.003383,32600,56900,89800,15975800,15949400,8926635,0,1,49028389.473
windows,e396c1b07c1a4e2714e67a82b37d292aae20e0b8,owner_wait,5,4,0,256,1293399300,197.928,0,0.000000,50700,98000,126000,15516400,15410500,256,0,1,186847.199
windows,e396c1b07c1a4e2714e67a82b37d292aae20e0b8,ordinary_spin,5,4,1,256,1293371100,197.932,1296875000,1.002709,16500,46400,87900,15510100,15488100,2343945,0,1,12412534.449
windows,e396c1b07c1a4e2714e67a82b37d292aae20e0b8,ordinary_sleep,5,4,2,256,1293544100,197.906,0,0.000000,52100,100300,129200,15140800,15076500,335,0,1,179057.090
windows,e396c1b07c1a4e2714e67a82b37d292aae20e0b8,owner_spin,5,4,3,256,1291281700,198.253,1296875000,1.004332,15200,42800,61300,15357500,15320100,2250031,0,1,12404680.637
windows,e396c1b07c1a4e2714e67a82b37d292aae20e0b8,ordinary_spin,5,5,0,256,1292908100,198.003,1296875000,1.003068,15900,51100,86400,15371600,15340500,2346961,0,1,12416760.520
windows,e396c1b07c1a4e2714e67a82b37d292aae20e0b8,ordinary_sleep,5,5,1,256,1293772900,197.871,0,0.000000,55600,105700,122400,15419700,15329900,305,0,1,180636.602
windows,e396c1b07c1a4e2714e67a82b37d292aae20e0b8,owner_spin,5,5,2,256,1293897200,197.852,1296875000,1.002301,14000,43800,63400,15423700,15400400,2254233,0,1,12424225.062
windows,e396c1b07c1a4e2714e67a82b37d292aae20e0b8,owner_wait,5,5,3,256,1294590600,197.746,0,0.000000,56700,100500,110900,15199500,15114200,256,0,1,182040.848
windows,e396c1b07c1a4e2714e67a82b37d292aae20e0b8,ordinary_spin,20,5,0,256,5123973700,49.961,5125000000,1.000200,37000,86100,103500,16160600,16132400,9264509,0,1,49033384.539
windows,e396c1b07c1a4e2714e67a82b37d292aae20e0b8,ordinary_sleep,20,5,1,256,5125587600,49.945,0,0.000000,85000,127900,140500,16089200,15993500,527,0,1,364958.715
windows,e396c1b07c1a4e2714e67a82b37d292aae20e0b8,owner_spin,20,5,2,256,5123779900,49.963,5125000000,1.000238,32900,67800,99500,16022400,15975900,8936619,0,1,49036392.156
windows,e396c1b07c1a4e2714e67a82b37d292aae20e0b8,owner_wait,20,5,3,256,5125501300,49.946,0,0.000000,74700,119900,177100,16171500,16090100,321,0,1,359512.562
macos,e396c1b07c1a4e2714e67a82b37d292aae20e0b8,ordinary_spin,5,1,0,256,1284760000,199.259,197625000,0.153823,63000,98000,135000,20191000,20127000,57606,0,0,0.000
macos,e396c1b07c1a4e2714e67a82b37d292aae20e0b8,ordinary_sleep,5,1,1,256,1285424000,199.156,28627000,0.022270,83000,219000,1834000,23586000,23474000,1018,0,0,0.000
macos,e396c1b07c1a4e2714e67a82b37d292aae20e0b8,owner_spin,5,1,2,256,1286899000,198.928,206123000,0.160170,63000,108000,149000,23279000,23216000,57983,0,0,0.000
macos,e396c1b07c1a4e2714e67a82b37d292aae20e0b8,owner_wait,5,1,3,256,1281361000,199.788,25848000,0.020172,114000,262000,413000,22967000,22681000,269,0,0,0.000
macos,e396c1b07c1a4e2714e67a82b37d292aae20e0b8,ordinary_spin,20,1,0,256,5138093000,49.824,828581000,0.161262,81000,183000,240000,72478000,72316000,226967,0,0,0.000
macos,e396c1b07c1a4e2714e67a82b37d292aae20e0b8,ordinary_sleep,20,1,1,256,5130492000,49.898,107704000,0.020993,150000,326000,426000,71218000,70900000,3604,0,0,0.000
macos,e396c1b07c1a4e2714e67a82b37d292aae20e0b8,owner_spin,20,1,2,256,5121882000,49.982,960588000,0.187546,73000,153000,180000,128242000,128185000,261005,0,0,0.000
macos,e396c1b07c1a4e2714e67a82b37d292aae20e0b8,owner_wait,20,1,3,256,5171141000,49.506,23078000,0.004463,59000,129000,161000,129983000,129859000,457,0,0,0.000
macos,e396c1b07c1a4e2714e67a82b37d292aae20e0b8,ordinary_sleep,20,2,0,256,5152437000,49.685,63542000,0.012332,88000,185000,287000,143357000,143249000,3743,0,0,0.000
macos,e396c1b07c1a4e2714e67a82b37d292aae20e0b8,owner_spin,20,2,1,256,5190241000,49.323,889976000,0.171471,62000,141000,196000,147094000,146987000,245377,0,0,0.000
macos,e396c1b07c1a4e2714e67a82b37d292aae20e0b8,owner_wait,20,2,2,256,5121524000,49.985,24580000,0.004799,72000,149000,199000,129930000,129848000,452,0,0,0.000
macos,e396c1b07c1a4e2714e67a82b37d292aae20e0b8,ordinary_spin,20,2,3,256,5174075000,49.477,929060000,0.179561,66000,171000,226000,140088000,139963000,246250,0,0,0.000
macos,e396c1b07c1a4e2714e67a82b37d292aae20e0b8,ordinary_sleep,5,2,0,256,1282730000,199.574,28622000,0.022313,74000,164000,4099000,35970000,35799000,1111,0,0,0.000
macos,e396c1b07c1a4e2714e67a82b37d292aae20e0b8,owner_spin,5,2,1,256,1280600000,199.906,230550000,0.180033,66000,152000,413000,33836000,33760000,57851,0,0,0.000
macos,e396c1b07c1a4e2714e67a82b37d292aae20e0b8,owner_wait,5,2,2,256,1291375000,198.238,19606000,0.015182,76000,206000,366000,39926000,39810000,282,0,0,0.000
macos,e396c1b07c1a4e2714e67a82b37d292aae20e0b8,ordinary_spin,5,2,3,256,1292979000,197.992,227392000,0.175867,61000,132000,199000,36868000,36745000,60418,0,0,0.000
macos,e396c1b07c1a4e2714e67a82b37d292aae20e0b8,owner_spin,5,3,0,256,1280297000,199.954,244655000,0.191092,68000,127000,170000,35987000,35895000,65774,0,0,0.000
macos,e396c1b07c1a4e2714e67a82b37d292aae20e0b8,owner_wait,5,3,1,256,1285535000,199.139,16978000,0.013207,62000,198000,787000,35996000,35937000,282,0,0,0.000
macos,e396c1b07c1a4e2714e67a82b37d292aae20e0b8,ordinary_spin,5,3,2,256,1291611000,198.202,238430000,0.184599,67000,136000,183000,37322000,37186000,60798,0,0,0.000
macos,e396c1b07c1a4e2714e67a82b37d292aae20e0b8,ordinary_sleep,5,3,3,256,1284315000,199.328,26798000,0.020866,65000,120000,153000,35836000,35792000,1250,0,0,0.000
macos,e396c1b07c1a4e2714e67a82b37d292aae20e0b8,owner_spin,20,3,0,256,5245608000,48.803,1025905000,0.195574,71000,178000,248000,144402000,144292000,256070,0,0,0.000
macos,e396c1b07c1a4e2714e67a82b37d292aae20e0b8,owner_wait,20,3,1,256,5136404000,49.840,25062000,0.004879,74000,188000,408000,136206000,136103000,449,0,0,0.000
macos,e396c1b07c1a4e2714e67a82b37d292aae20e0b8,ordinary_spin,20,3,2,256,5121280000,49.988,1005903000,0.196416,79000,152000,253000,139531000,139402000,272252,0,0,0.000
macos,e396c1b07c1a4e2714e67a82b37d292aae20e0b8,ordinary_sleep,20,3,3,256,5121148000,49.989,64953000,0.012683,67000,137000,208000,125209000,125099000,4181,0,0,0.000
macos,e396c1b07c1a4e2714e67a82b37d292aae20e0b8,owner_wait,20,4,0,256,5242101000,48.835,25051000,0.004779,67000,147000,234000,127456000,127340000,450,0,0,0.000
macos,e396c1b07c1a4e2714e67a82b37d292aae20e0b8,ordinary_spin,20,4,1,256,5135507000,49.849,932510000,0.181581,72000,138000,243000,141382000,141266000,265052,0,0,0.000
macos,e396c1b07c1a4e2714e67a82b37d292aae20e0b8,ordinary_sleep,20,4,2,256,5129814000,49.904,59515000,0.011602,66000,139000,187000,135062000,134918000,3912,0,0,0.000
macos,e396c1b07c1a4e2714e67a82b37d292aae20e0b8,owner_spin,20,4,3,256,5123523000,49.966,904211000,0.176482,63000,128000,165000,140944000,140834000,252375,0,0,0.000
macos,e396c1b07c1a4e2714e67a82b37d292aae20e0b8,owner_wait,5,4,0,256,1306146000,195.996,17554000,0.013440,60000,155000,318000,32755000,32645000,284,0,0,0.000
macos,e396c1b07c1a4e2714e67a82b37d292aae20e0b8,ordinary_spin,5,4,1,256,1280533000,199.917,223622000,0.174632,61000,121000,216000,39082000,38945000,60043,0,0,0.000
macos,e396c1b07c1a4e2714e67a82b37d292aae20e0b8,ordinary_sleep,5,4,2,256,1293354000,197.935,28565000,0.022086,64000,142000,197000,32832000,32700000,1236,0,0,0.000
macos,e396c1b07c1a4e2714e67a82b37d292aae20e0b8,owner_spin,5,4,3,256,1295023000,197.680,248804000,0.192123,72000,147000,237000,35696000,35528000,65067,0,0,0.000
macos,e396c1b07c1a4e2714e67a82b37d292aae20e0b8,ordinary_spin,5,5,0,256,1280990000,199.845,259408000,0.202506,70000,133000,166000,38635000,38523000,69621,0,0,0.000
macos,e396c1b07c1a4e2714e67a82b37d292aae20e0b8,ordinary_sleep,5,5,1,256,1290564000,198.363,29779000,0.023074,69000,146000,316000,33591000,33459000,1230,0,0,0.000
macos,e396c1b07c1a4e2714e67a82b37d292aae20e0b8,owner_spin,5,5,2,256,1288323000,198.708,249109000,0.193359,57000,113000,127000,35435000,35318000,68447,0,0,0.000
macos,e396c1b07c1a4e2714e67a82b37d292aae20e0b8,owner_wait,5,5,3,256,1292780000,198.023,14859000,0.011494,54000,127000,171000,35477000,35429000,278,0,0,0.000
macos,e396c1b07c1a4e2714e67a82b37d292aae20e0b8,ordinary_spin,20,5,0,256,5122626000,49.974,904104000,0.176492,67000,152000,350000,141576000,141442000,251423,0,0,0.000
macos,e396c1b07c1a4e2714e67a82b37d292aae20e0b8,ordinary_sleep,20,5,1,256,5127626000,49.926,68209000,0.013302,65000,137000,169000,126592000,126428000,4150,0,0,0.000
macos,e396c1b07c1a4e2714e67a82b37d292aae20e0b8,owner_spin,20,5,2,256,5128177000,49.920,959834000,0.187169,62000,134000,674000,135566000,135451000,275385,0,0,0.000
macos,e396c1b07c1a4e2714e67a82b37d292aae20e0b8,owner_wait,20,5,3,256,5137971000,49.825,24188000,0.004708,64000,163000,213000,134872000,134720000,450,0,0,0.000
