profile,run,engine,workload,samples,operations_per_sample,bytes_per_sample,avg_operation_ns,avg_sample_us,min_sample_us,max_sample_us,messages_per_second,mib_per_second
short,1,flowmq,PAIR 64-byte one-way,10000,1,64,9984.580,9.985,8.900,50.500,100154,6.11
short,1,flowmq,PAIR 64-KiB one-way,1000,1,65536,39108.799,39.109,21.300,15212.400,25570,1598.11
short,1,flowmq,PAIR 64-message queued batch,1000,64,4096,1010.475,64.670,59.500,146.300,989634,60.40
short,1,libzmq,PAIR 64-byte one-way,10000,1,64,24025.490,24.025,16.300,603.400,41622,2.54
short,1,libzmq,PAIR 64-KiB one-way,1000,1,65536,129074.199,129.074,46.800,17315.500,7747,484.22
short,1,libzmq,PAIR 64-message queued batch,1000,64,4096,782.402,50.074,30.300,318.000,1278116,78.01
short,2,flowmq,PAIR 64-byte one-way,10000,1,64,9168.320,9.168,8.300,175.600,109071,6.66
short,2,flowmq,PAIR 64-KiB one-way,1000,1,65536,70277.800,70.278,21.100,30304.500,14229,889.33
short,2,flowmq,PAIR 64-message queued batch,1000,64,4096,1057.798,67.699,63.300,150.400,945360,57.70
short,2,libzmq,PAIR 64-byte one-way,10000,1,64,24876.590,24.877,16.800,273.300,40198,2.45
short,2,libzmq,PAIR 64-KiB one-way,1000,1,65536,164627.299,164.627,80.800,17576.000,6074,379.65
short,2,libzmq,PAIR 64-message queued batch,1000,64,4096,607.541,38.883,28.900,165.600,1645980,100.46
short,3,flowmq,PAIR 64-byte one-way,10000,1,64,9858.520,9.859,8.800,42.500,101435,6.19
short,3,flowmq,PAIR 64-KiB one-way,1000,1,65536,38764.099,38.764,20.800,15597.200,25797,1612.32
short,3,flowmq,PAIR 64-message queued batch,1000,64,4096,1029.886,65.913,61.800,823.800,970981,59.26
short,3,libzmq,PAIR 64-byte one-way,10000,1,64,22908.630,22.909,16.400,316.700,43652,2.66
short,3,libzmq,PAIR 64-KiB one-way,1000,1,65536,113232.299,113.232,42.800,16925.200,8831,551.96
short,3,libzmq,PAIR 64-message queued batch,1000,64,4096,613.870,39.288,26.900,177.100,1629009,99.43
full,1,flowmq,PAIR 64-byte one-way,100000,1,64,9276.626,9.277,7.900,1064.100,107798,6.58
full,1,flowmq,PAIR 64-KiB one-way,5000,1,65536,90815.600,90.816,19.700,32595.400,11011,688.21
full,1,flowmq,PAIR 64-message queued batch,10000,64,4096,1111.991,71.167,59.300,888.500,899288,54.89
full,1,libzmq,PAIR 64-byte one-way,100000,1,64,34916.636,34.917,13.900,843.900,28640,1.75
full,1,libzmq,PAIR 64-KiB one-way,5000,1,65536,95271.780,95.272,44.600,11984.500,10496,656.02
full,1,libzmq,PAIR 64-message queued batch,10000,64,4096,1007.151,64.458,32.100,978.200,992900,60.60
full,2,flowmq,PAIR 64-byte one-way,100000,1,64,9899.809,9.900,8.300,862.700,101012,6.17
full,2,flowmq,PAIR 64-KiB one-way,5000,1,65536,76818.200,76.818,19.300,35038.000,13018,813.61
full,2,flowmq,PAIR 64-message queued batch,10000,64,4096,1168.455,74.781,62.800,809.600,855831,52.24
full,2,libzmq,PAIR 64-byte one-way,100000,1,64,40834.373,40.834,18.600,1227.400,24489,1.49
full,2,libzmq,PAIR 64-KiB one-way,5000,1,65536,161038.399,161.038,46.300,29980.300,6210,388.11
full,2,libzmq,PAIR 64-message queued batch,10000,64,4096,896.645,57.385,31.100,972.400,1115268,68.07
full,3,flowmq,PAIR 64-byte one-way,100000,1,64,10464.420,10.464,8.200,696.300,95562,5.83
full,3,flowmq,PAIR 64-KiB one-way,5000,1,65536,82631.860,82.632,20.200,33710.300,12102,756.37
full,3,flowmq,PAIR 64-message queued batch,10000,64,4096,1091.741,69.871,60.600,338.800,915968,55.91
full,3,libzmq,PAIR 64-byte one-way,100000,1,64,28978.858,28.979,16.500,712.200,34508,2.11
full,3,libzmq,PAIR 64-KiB one-way,5000,1,65536,125446.040,125.446,42.700,19600.600,7972,498.22
full,3,libzmq,PAIR 64-message queued batch,10000,64,4096,906.678,58.027,29.700,711.400,1102927,67.32
