"scenario","omit_listener","samples","expected_messages","wall_ns","direct_writes","queued_writes","messages","payload_bytes","queued_ranges","submitted_ranges","coalesced_writes","coalesced_ranges","drive_calls","listener_checks","listener_ready","manager_calls","manager_work","local_slots","local_used_peers","listener_ns","listener_wait_ns","client_poll_ns","local_progress_ns","receive_callback_ns","listener_manager_ns","local_manager_ns","reconnect_ns","trial","variant","avg_us_per_sample","order"
"pub_fanout","0","20000","80000","1158803900","80000","0","80000","5120000","0","80000","0","0","800000","160000","0","960000","0","3200000","1280000","0","0","0","0","0","0","0","0","1","probe","57.911","1"
"push_round_robin","0","20000","80000","2114095100","80000","0","80000","5120000","0","80000","0","0","1200000","960000","0","2160000","0","4800000","1920000","0","0","0","0","0","0","0","0","1","probe","105.680","1"
"router_identity","0","20000","20000","321264100","0","20000","20000","1280000","20000","20000","0","0","200000","100000","0","300000","0","800000","200000","0","0","0","0","0","0","0","0","1","probe","16.038","1"
"reqrep","0","20000","40000","532119000","39987","13","40000","2560000","13","40000","0","0","280026","140013","0","420039","0","1120104","280026","0","0","0","0","0","0","0","0","1","probe","26.580","1"
"pub_filtered","0","20000","40000","516653000","40000","0","40000","2560000","0","40000","0","0","400000","80000","0","480000","0","1600000","640000","0","0","0","0","0","0","0","0","1","probe","25.808","1"
"router_isolation","0","20000","20000","351849000","0","20000","20000","1280000","20000","20000","0","0","260000","100000","0","360000","0","1040000","360000","0","0","0","0","0","0","0","0","1","probe","17.566","1"
"pollout_push","0","1000000","0","509685100","0","0","0","0","0","0","0","0","1000000","0","0","1000000","0","4000000","4000000","0","0","0","0","0","0","0","0","1","probe","0.485","1"
"pollout_blocked_pair","0","1000000","0","439166300","0","0","0","0","0","0","0","0","1000000","0","0","1000000","0","4000000","1000000","0","0","0","0","0","0","0","0","1","probe","0.415","1"
"pollout_rep","0","1000000","0","1484947300","0","0","0","0","0","0","0","0","1000000","1000000","0","2000000","0","4000000","1000000","0","0","0","0","0","0","0","0","1","probe","1.460","1"
"pub_fanout","1","20000","80000","840201300","80000","0","80000","5120000","0","80000","0","0","800000","0","0","960000","0","3200000","1280000","0","0","0","0","0","0","0","0","1","no_listener","41.982","2"
"push_round_robin","1","20000","80000","1014387700","80000","0","80000","5120000","0","80000","0","0","1200000","0","0","2160000","0","4800000","1920000","0","0","0","0","0","0","0","0","1","no_listener","50.694","2"
"router_identity","1","20000","20000","205138700","0","20000","20000","1280000","20000","20000","0","0","200000","0","0","300000","0","800000","200000","0","0","0","0","0","0","0","0","1","no_listener","10.232","2"
"reqrep","1","20000","40000","370545800","39997","3","40000","2560000","3","40000","0","0","280006","0","0","420009","0","1120024","280006","0","0","0","0","0","0","0","0","1","no_listener","18.502","2"
"pub_filtered","1","20000","40000","420271100","40000","0","40000","2560000","0","40000","0","0","400000","0","0","480000","0","1600000","640000","0","0","0","0","0","0","0","0","1","no_listener","20.988","2"
"router_isolation","1","20000","20000","233378400","0","20000","20000","1280000","20000","20000","0","0","260000","0","0","360000","0","1040000","360000","0","0","0","0","0","0","0","0","1","no_listener","11.644","2"
"pollout_push","1","1000000","0","513602200","0","0","0","0","0","0","0","0","1000000","0","0","1000000","0","4000000","4000000","0","0","0","0","0","0","0","0","1","no_listener","0.489","2"
"pollout_blocked_pair","1","1000000","0","443524200","0","0","0","0","0","0","0","0","1000000","0","0","1000000","0","4000000","1000000","0","0","0","0","0","0","0","0","1","no_listener","0.419","2"
"pollout_rep","1","1000000","0","471688500","0","0","0","0","0","0","0","0","1000000","0","0","2000000","0","4000000","1000000","0","0","0","0","0","0","0","0","1","no_listener","0.446","2"
"pub_fanout","0","20000","80000","1126251900","80000","0","80000","5120000","0","80000","0","0","800000","160000","0","960000","0","3200000","1280000","0","0","0","0","0","0","0","0","2","probe","56.284","2"
"push_round_robin","0","20000","80000","2393505000","80000","0","80000","5120000","0","80000","0","0","1200000","960000","0","2160000","0","4800000","1920000","0","0","0","0","0","0","0","0","2","probe","119.647","2"
"router_identity","0","20000","20000","368459700","0","20000","20000","1280000","20000","20000","0","0","200000","100000","0","300000","0","800000","200000","0","0","0","0","0","0","0","0","2","probe","18.394","2"
"reqrep","0","20000","40000","618655200","39987","13","40000","2560000","13","40000","0","0","280026","140013","0","420039","0","1120104","280026","0","0","0","0","0","0","0","0","2","probe","30.905","2"
"pub_filtered","0","20000","40000","625492400","40000","0","40000","2560000","0","40000","0","0","400000","80000","0","480000","0","1600000","640000","0","0","0","0","0","0","0","0","2","probe","31.245","2"
"router_isolation","0","20000","20000","394844100","0","20000","20000","1280000","20000","20000","0","0","260000","100000","0","360000","0","1040000","360000","0","0","0","0","0","0","0","0","2","probe","19.714","2"
"pollout_push","0","1000000","0","593556500","0","0","0","0","0","0","0","0","1000000","0","0","1000000","0","4000000","4000000","0","0","0","0","0","0","0","0","2","probe","0.566","2"
"pollout_blocked_pair","0","1000000","0","512659800","0","0","0","0","0","0","0","0","1000000","0","0","1000000","0","4000000","1000000","0","0","0","0","0","0","0","0","2","probe","0.484","2"
"pollout_rep","0","1000000","0","1648470800","0","0","0","0","0","0","0","0","1000000","1000000","0","2000000","0","4000000","1000000","0","0","0","0","0","0","0","0","2","probe","1.621","2"
"pub_fanout","1","20000","80000","915433100","80000","0","80000","5120000","0","80000","0","0","800000","0","0","960000","0","3200000","1280000","0","0","0","0","0","0","0","0","2","no_listener","45.740","1"
"push_round_robin","1","20000","80000","1091490600","80000","0","80000","5120000","0","80000","0","0","1200000","0","0","2160000","0","4800000","1920000","0","0","0","0","0","0","0","0","2","no_listener","54.547","1"
"router_identity","1","20000","20000","218906400","0","20000","20000","1280000","20000","20000","0","0","200000","0","0","300000","0","800000","200000","0","0","0","0","0","0","0","0","2","no_listener","10.919","1"
"reqrep","1","20000","40000","402851200","39997","3","40000","2560000","3","40000","0","0","280006","0","0","420009","0","1120024","280006","0","0","0","0","0","0","0","0","2","no_listener","20.114","1"
"pub_filtered","1","20000","40000","454335900","40000","0","40000","2560000","0","40000","0","0","400000","0","0","480000","0","1600000","640000","0","0","0","0","0","0","0","0","2","no_listener","22.690","1"
"router_isolation","1","20000","20000","250358100","0","20000","20000","1280000","20000","20000","0","0","260003","0","0","360004","0","1040012","360004","0","0","0","0","0","0","0","0","2","no_listener","12.491","1"
"pollout_push","1","1000000","0","568346600","0","0","0","0","0","0","0","0","1000000","0","0","1000000","0","4000000","4000000","0","0","0","0","0","0","0","0","2","no_listener","0.542","1"
"pollout_blocked_pair","1","1000000","0","513879600","0","0","0","0","0","0","0","0","1000000","0","0","1000000","0","4000000","1000000","0","0","0","0","0","0","0","0","2","no_listener","0.486","1"
"pollout_rep","1","1000000","0","476790800","0","0","0","0","0","0","0","0","1000000","0","0","2000000","0","4000000","1000000","0","0","0","0","0","0","0","0","2","no_listener","0.450","1"
"pub_fanout","0","20000","80000","1111890900","80000","0","80000","5120000","0","80000","0","0","800000","160000","0","960000","0","3200000","1280000","0","0","0","0","0","0","0","0","3","probe","55.567","1"
"push_round_robin","0","20000","80000","2207001500","80000","0","80000","5120000","0","80000","0","0","1200000","960000","0","2160000","0","4800000","1920000","0","0","0","0","0","0","0","0","3","probe","110.323","1"
"router_identity","0","20000","20000","342473300","0","20000","20000","1280000","20000","20000","0","0","200000","100000","0","300000","0","800000","200000","0","0","0","0","0","0","0","0","3","probe","17.097","1"
"reqrep","0","20000","40000","544260200","39996","4","40000","2560000","4","40000","0","0","280008","140004","0","420012","0","1120032","280008","0","0","0","0","0","0","0","0","3","probe","27.187","1"
"pub_filtered","0","20000","40000","562706700","40000","0","40000","2560000","0","40000","0","0","400000","80000","0","480000","0","1600000","640000","0","0","0","0","0","0","0","0","3","probe","28.108","1"
"router_isolation","0","20000","20000","378526400","0","20000","20000","1280000","20000","20000","0","0","260000","100000","0","360000","0","1040000","360000","0","0","0","0","0","0","0","0","3","probe","18.899","1"
"pollout_push","0","1000000","0","550804200","0","0","0","0","0","0","0","0","1000000","0","0","1000000","0","4000000","4000000","0","0","0","0","0","0","0","0","3","probe","0.525","1"
"pollout_blocked_pair","0","1000000","0","456186400","0","0","0","0","0","0","0","0","1000000","0","0","1000000","0","4000000","1000000","0","0","0","0","0","0","0","0","3","probe","0.431","1"
"pollout_rep","0","1000000","0","1524682200","0","0","0","0","0","0","0","0","1000000","1000000","0","2000000","0","4000000","1000000","0","0","0","0","0","0","0","0","3","probe","1.499","1"
"pub_fanout","1","20000","80000","870138500","80000","0","80000","5120000","0","80000","0","0","800000","0","0","960000","0","3200000","1280000","0","0","0","0","0","0","0","0","3","no_listener","43.480","2"
"push_round_robin","1","20000","80000","1149255400","80000","0","80000","5120000","0","80000","0","0","1200000","0","0","2160000","0","4800000","1920000","0","0","0","0","0","0","0","0","3","no_listener","57.435","2"
"router_identity","1","20000","20000","236492300","0","20000","20000","1280000","20000","20000","0","0","200000","0","0","300000","0","800000","200000","0","0","0","0","0","0","0","0","3","no_listener","11.797","2"
"reqrep","1","20000","40000","398417700","39996","4","40000","2560000","4","40000","0","0","280008","0","0","420012","0","1120032","280008","0","0","0","0","0","0","0","0","3","no_listener","19.894","2"
"pub_filtered","1","20000","40000","451977700","40000","0","40000","2560000","0","40000","0","0","400000","0","0","480000","0","1600000","640000","0","0","0","0","0","0","0","0","3","no_listener","22.572","2"
"router_isolation","1","20000","20000","248816600","0","20000","20000","1280000","20000","20000","0","0","260000","0","0","360000","0","1040000","360000","0","0","0","0","0","0","0","0","3","no_listener","12.415","2"
"pollout_push","1","1000000","0","527708100","0","0","0","0","0","0","0","0","1000000","0","0","1000000","0","4000000","4000000","0","0","0","0","0","0","0","0","3","no_listener","0.503","2"
"pollout_blocked_pair","1","1000000","0","448269900","0","0","0","0","0","0","0","0","1000000","0","0","1000000","0","4000000","1000000","0","0","0","0","0","0","0","0","3","no_listener","0.424","2"
"pollout_rep","1","1000000","0","458593700","0","0","0","0","0","0","0","0","1000000","0","0","2000000","0","4000000","1000000","0","0","0","0","0","0","0","0","3","no_listener","0.433","2"
"pub_fanout","0","20000","80000","1147856100","80000","0","80000","5120000","0","80000","0","0","800000","160000","0","960000","0","3200000","1280000","0","0","0","0","0","0","0","0","4","probe","57.364","2"
"push_round_robin","0","20000","80000","2313138300","80000","0","80000","5120000","0","80000","0","0","1200000","960000","0","2160000","0","4800000","1920000","0","0","0","0","0","0","0","0","4","probe","115.628","2"
"router_identity","0","20000","20000","343920400","0","20000","20000","1280000","20000","20000","0","0","200000","100000","0","300000","0","800000","200000","0","0","0","0","0","0","0","0","4","probe","17.168","2"
"reqrep","0","20000","40000","575217100","39996","4","40000","2560000","4","40000","0","0","280008","140004","0","420012","0","1120032","280008","0","0","0","0","0","0","0","0","4","probe","28.734","2"
"pub_filtered","0","20000","40000","559919400","40000","0","40000","2560000","0","40000","0","0","400000","80000","0","480000","0","1600000","640000","0","0","0","0","0","0","0","0","4","probe","27.969","2"
"router_isolation","0","20000","20000","384155200","0","20000","20000","1280000","20000","20000","0","0","260000","100000","0","360000","0","1040000","360000","0","0","0","0","0","0","0","0","4","probe","19.179","2"
"pollout_push","0","1000000","0","547136200","0","0","0","0","0","0","0","0","1000000","0","0","1000000","0","4000000","4000000","0","0","0","0","0","0","0","0","4","probe","0.521","2"
"pollout_blocked_pair","0","1000000","0","449010300","0","0","0","0","0","0","0","0","1000000","0","0","1000000","0","4000000","1000000","0","0","0","0","0","0","0","0","4","probe","0.424","2"
"pollout_rep","0","1000000","0","1525280600","0","0","0","0","0","0","0","0","1000000","1000000","0","2000000","0","4000000","1000000","0","0","0","0","0","0","0","0","4","probe","1.500","2"
"pub_fanout","1","20000","80000","904845000","80000","0","80000","5120000","0","80000","0","0","800000","0","0","960000","0","3200000","1280000","0","0","0","0","0","0","0","0","4","no_listener","45.215","1"
"push_round_robin","1","20000","80000","1303132600","80000","0","80000","5120000","0","80000","0","0","1200000","0","0","2160000","0","4800000","1920000","0","0","0","0","0","0","0","0","4","no_listener","65.127","1"
"router_identity","1","20000","20000","326429700","0","20000","20000","1280000","20000","20000","0","0","200000","0","0","300000","0","800000","200000","0","0","0","0","0","0","0","0","4","no_listener","16.292","1"
"reqrep","1","20000","40000","438790300","39995","5","40000","2560000","5","40000","0","0","280010","0","0","420015","0","1120040","280010","0","0","0","0","0","0","0","0","4","no_listener","21.911","1"
"pub_filtered","1","20000","40000","479956900","40000","0","40000","2560000","0","40000","0","0","400000","0","0","480000","0","1600000","640000","0","0","0","0","0","0","0","0","4","no_listener","23.969","1"
"router_isolation","1","20000","20000","265367100","0","20000","20000","1280000","20000","20000","0","0","260000","0","0","360000","0","1040000","360000","0","0","0","0","0","0","0","0","4","no_listener","13.240","1"
"pollout_push","1","1000000","0","572404300","0","0","0","0","0","0","0","0","1000000","0","0","1000000","0","4000000","4000000","0","0","0","0","0","0","0","0","4","no_listener","0.546","1"
"pollout_blocked_pair","1","1000000","0","493957300","0","0","0","0","0","0","0","0","1000000","0","0","1000000","0","4000000","1000000","0","0","0","0","0","0","0","0","4","no_listener","0.467","1"
"pollout_rep","1","1000000","0","475801600","0","0","0","0","0","0","0","0","1000000","0","0","2000000","0","4000000","1000000","0","0","0","0","0","0","0","0","4","no_listener","0.449","1"
