engine,engine_order,payload_bytes,lanes,repeat,order,connections,batch,messages,wall_ns,messages_per_second,cpu_ns_per_message,burst_p95_ns,burst_p99_ns,poll_calls,send_retries,process_peak_rss_bytes
flowmq,0,64,1,1,0,8,128,2097152,1229111100,1706234.693,581.145,623600,829900,8192,0,15249408
flowmq_shared,1,64,1,1,0,8,128,2097152,1088563300,1926531.971,514.090,574400,844400,8192,0,15441920
flowmq_shared,0,64,2,1,1,8,128,2097152,695707100,3014417.993,640.750,400700,542500,16384,0,15974400
flowmq,1,64,2,1,1,8,128,2097152,962044000,2179891.980,856.817,515500,597900,16384,0,16269312
flowmq,0,64,4,1,2,8,128,2097152,558184900,3757091.960,1035.631,306100,409600,32768,0,16769024
flowmq_shared,1,64,4,1,2,8,128,2097152,500276600,4191984.994,931.323,271300,347300,32768,0,17141760
flowmq_shared,0,64,8,1,3,8,128,2097152,288191100,7276949.219,1080.334,173400,211000,65536,0,17985536
flowmq,1,64,8,1,3,8,128,2097152,316911200,6617475.179,1162.291,197300,251700,65536,0,18886656
flowmq,0,1024,1,1,0,8,128,2097152,6091620300,344268.339,2890.825,3430300,3933100,22528,0,23199744
flowmq_shared,1,1024,1,1,0,8,128,2097152,4431944100,473190.084,2093.613,2660400,3421700,22528,0,23199744
flowmq_shared,0,1024,2,1,1,8,128,2097152,2146374700,977067.052,1989.305,1331500,1671100,45056,0,23683072
flowmq,1,1024,2,1,1,8,128,2097152,2575441100,814288.473,2384.186,1660900,2161400,45056,0,23994368
flowmq,0,1024,4,1,2,8,128,2097152,1292671900,1622338.971,2428.889,792200,1057900,90112,0,23994368
flowmq_shared,1,1024,4,1,2,8,128,2097152,1121855700,1869359.847,2056.360,697900,972800,90112,0,24313856
flowmq_shared,0,1024,8,1,3,8,128,2097152,575371200,3644867.870,2138.317,350000,457600,180224,0,24313856
flowmq,1,1024,8,1,3,8,128,2097152,687707500,3049482.520,2548.099,418600,560000,180224,0,24313856
flowmq,0,1024,2,2,0,8,128,2097152,2452353800,855158.827,2317.131,1487000,1854800,45056,0,26861568
flowmq_shared,1,1024,2,2,0,8,128,2097152,1872195100,1120156.761,1765.788,1132800,1447300,45056,0,27394048
flowmq_shared,0,1024,4,2,1,8,128,2097152,923131200,2271781.086,1706.183,555400,718000,90112,0,27394048
flowmq,1,1024,4,2,1,8,128,2097152,1121799700,1869453.165,2056.360,661600,848000,90112,0,27394048
flowmq,0,1024,8,2,2,8,128,2097152,620910900,3377540.964,2287.328,357800,423500,180224,0,27394048
flowmq_shared,1,1024,8,2,2,8,128,2097152,546424900,3837951.016,2041.459,316200,417400,180224,0,27394048
flowmq_shared,0,1024,1,2,3,8,128,2097152,2893359900,724815.465,1363.456,1634300,2008700,22528,0,27394048
flowmq,1,1024,1,2,3,8,128,2097152,3608350400,581194.110,1713.634,2102400,2471800,22528,0,27394048
flowmq,0,64,2,2,0,8,128,2097152,774953200,2706165.998,737.607,435100,542400,16384,0,27394048
flowmq_shared,1,64,2,2,0,8,128,2097152,844071600,2484566.475,789.762,463600,549200,16384,0,27394048
flowmq_shared,0,64,4,2,1,8,128,2097152,444552200,4717448.255,819.564,248400,311300,32768,0,27394048
flowmq,1,64,4,2,1,8,128,2097152,529664200,3959399.182,968.575,280200,354500,32768,0,27394048
flowmq,0,64,8,2,2,8,128,2097152,307949800,6810045.014,1147.389,179900,214800,65536,0,27394048
flowmq_shared,1,64,8,2,2,8,128,2097152,315728600,6642261.740,1110.137,184900,225000,65536,0,27394048
flowmq_shared,0,64,1,2,3,8,128,2097152,1133214700,1850621.952,536.442,672600,858300,8192,0,27394048
flowmq,1,64,1,2,3,8,128,2097152,1419883100,1476989.197,678.003,820600,1075800,8192,0,27394048
flowmq,0,64,4,3,0,8,128,2097152,529678700,3959290.793,983.477,296500,388700,32768,0,27394048
flowmq_shared,1,64,4,3,0,8,128,2097152,442416200,4740224.250,819.564,246100,284300,32768,0,27394048
flowmq_shared,0,64,8,3,1,8,128,2097152,284142300,7380639.912,1020.730,166100,210000,65536,0,27394048
flowmq,1,64,8,3,1,8,128,2097152,296569200,7071374.910,1072.884,169900,211900,65536,0,27394048
flowmq,0,64,1,3,2,8,128,2097152,1245595800,1683653.718,573.695,689300,964000,8192,0,27394048
flowmq_shared,1,64,1,3,2,8,128,2097152,1406245100,1491313.285,663.102,856400,1086400,8192,0,27394048
flowmq_shared,0,64,2,3,3,8,128,2097152,716763900,2925861.640,685.453,408000,473500,16384,0,27394048
flowmq,1,64,2,3,3,8,128,2097152,858388700,2443126.290,804.663,486500,588400,16384,0,27394048
flowmq,0,1024,4,3,0,8,128,2097152,1152512600,1819634.770,2175.570,708200,915900,90112,0,29224960
flowmq_shared,1,1024,4,3,0,8,128,2097152,942224900,2225744.618,1728.535,556100,644500,90112,0,29478912
flowmq_shared,0,1024,8,3,1,8,128,2097152,526185600,3985574.672,1877.546,306100,359800,180224,0,29478912
flowmq,1,1024,8,3,1,8,128,2097152,626472400,3347556.892,2227.724,353600,434800,180224,0,29478912
flowmq,0,1024,1,3,2,8,128,2097152,4812226800,435796.584,2287.328,2876800,3320600,22528,0,31309824
flowmq_shared,1,1024,1,3,2,8,128,2097152,3901684800,537499.082,1840.293,2198800,2529700,22528,0,31309824
flowmq_shared,0,1024,2,3,3,8,128,2097152,1940942000,1080481.539,1825.392,1200800,1503500,45056,0,31309824
flowmq,1,1024,2,3,3,8,128,2097152,2257999200,928765.608,2093.613,1417300,1800100,45056,0,31309824
flowmq,0,1024,8,4,0,8,128,2097152,585252700,3583327.339,2145.767,348200,399600,180224,0,31309824
flowmq_shared,1,1024,8,4,0,8,128,2097152,363489100,5769504.505,1318.753,213200,278800,180224,0,31309824
flowmq_shared,0,1024,1,4,1,8,128,2097152,2557675700,819944.452,1206.994,1245100,1570000,22528,0,31309824
flowmq,1,1024,1,4,1,8,128,2097152,3598879000,582723.676,1713.634,2001500,2448500,22528,0,31309824
flowmq,0,1024,2,4,2,8,128,2097152,1532201600,1368718.059,1452.863,901000,1192900,45056,0,31309824
flowmq_shared,1,1024,2,4,2,8,128,2097152,1247573100,1680985.267,1192.093,704800,935300,45056,0,31309824
flowmq_shared,0,1024,4,4,3,8,128,2097152,651612800,3218402.094,1214.445,367900,478900,90112,0,31309824
flowmq,1,1024,4,4,3,8,128,2097152,774596400,2707412.531,1475.215,430100,498900,90112,0,31309824
flowmq,0,64,8,4,0,8,128,2097152,278924600,7518705.772,923.872,172300,232700,65536,0,31309824
flowmq_shared,1,64,8,4,0,8,128,2097152,270622600,7749360.179,953.674,178300,245200,65536,0,31309824
flowmq_shared,0,64,1,4,1,8,128,2097152,1145533900,1830720.156,536.442,585400,774400,8192,0,31309824
flowmq,1,64,1,4,1,8,128,2097152,1096336300,1912872.902,521.541,505100,576300,8192,0,31309824
flowmq,0,64,2,4,2,8,128,2097152,629126900,3333432.412,603.497,315200,435400,16384,0,31309824
flowmq_shared,1,64,2,4,2,8,128,2097152,534552300,3923193.297,506.639,265900,389700,16384,0,31309824
flowmq_shared,0,64,4,4,3,8,128,2097152,316994300,6615740.409,603.497,166100,186500,32768,0,31309824
flowmq,1,64,4,4,3,8,128,2097152,362535800,5784675.610,678.003,191400,224700,32768,0,31309824
flowmq_shared,0,64,1,5,0,8,128,2097152,1026353600,2043303.594,491.738,508600,734600,8192,0,31309824
flowmq,1,64,1,5,0,8,128,2097152,1275965100,1643581.004,603.497,657300,817100,8192,0,31309824
flowmq,0,64,2,5,1,8,128,2097152,679706800,3085377.401,633.299,344600,444200,16384,0,31309824
flowmq_shared,1,64,2,5,1,8,128,2097152,599467200,3498359.877,528.991,310400,386000,16384,0,31309824
flowmq_shared,0,64,4,5,2,8,128,2097152,325785500,6437217.126,588.596,175200,232500,32768,0,31309824
flowmq,1,64,4,5,2,8,128,2097152,432829000,4845220.630,782.311,253100,381600,32768,0,31309824
flowmq,0,64,8,5,3,8,128,2097152,294392100,7123669.419,1028.180,190800,266200,65536,0,31309824
flowmq_shared,1,64,8,5,3,8,128,2097152,246829300,8496365.707,908.971,158100,202800,65536,0,31309824
flowmq_shared,0,1024,1,5,0,8,128,2097152,2849319900,736018.444,1356.006,1519600,1860000,22528,0,31309824
flowmq,1,1024,1,5,0,8,128,2097152,2697644400,777401.202,1281.500,1407800,1721300,22528,0,31309824
flowmq,0,1024,2,5,1,8,128,2097152,1330045400,1576752.192,1259.148,671700,1042300,45056,0,31309824
flowmq_shared,1,1024,2,5,1,8,128,2097152,1144768000,1831944.988,1080.334,585500,719100,45056,0,31309824
flowmq_shared,0,1024,4,5,2,8,128,2097152,610719200,3433905.468,1162.291,332200,366100,90112,0,31309824
flowmq,1,1024,4,5,2,8,128,2097152,735020100,2853190.001,1341.105,392600,483800,90112,0,31309824
flowmq,0,1024,8,5,3,8,128,2097152,398425600,5263597.520,1452.863,236100,283400,180224,0,31309824
flowmq_shared,1,1024,8,5,3,8,128,2097152,361182400,5806351.583,1296.401,213000,282100,180224,0,31309824
flowmq_shared,0,1024,2,6,0,8,128,2097152,1183612500,1771823.126,1110.137,619200,743100,45056,0,31309824
flowmq,1,1024,2,6,0,8,128,2097152,1364269800,1537197.408,1259.148,734800,929000,45056,0,31309824
flowmq,0,1024,4,6,1,8,128,2097152,1059210200,1979920.511,1937.151,644800,869600,90112,0,31309824
flowmq_shared,1,1024,4,6,1,8,128,2097152,858601600,2442520.489,1579.523,524600,623600,90112,0,31309824
flowmq_shared,0,1024,8,6,2,8,128,2097152,485051700,4323563.859,1765.788,282500,306500,180224,0,31309824
flowmq,1,1024,8,6,2,8,128,2097152,589251100,3559012.448,2145.767,340300,365200,180224,0,31309824
flowmq,0,1024,1,6,3,8,128,2097152,3329447700,629879.845,1586.974,2249400,2753200,22528,0,31547392
flowmq_shared,1,1024,1,6,3,8,128,2097152,3551790800,590449.190,1676.381,2104400,2472600,22528,0,31547392
flowmq_shared,0,64,2,6,0,8,128,2097152,844112600,2484445.796,804.663,473100,586700,16384,0,31547392
flowmq,1,64,2,6,0,8,128,2097152,879878400,2383456.623,819.564,489400,564200,16384,0,31547392
flowmq,0,64,4,6,1,8,128,2097152,521690900,4019912.941,946.224,276700,321300,32768,0,31547392
flowmq_shared,1,64,4,6,1,8,128,2097152,456185800,4597144.409,849.366,249600,283700,32768,0,31547392
flowmq_shared,0,64,8,6,2,8,128,2097152,280300300,7481804.336,1043.081,169800,212700,65536,0,31547392
flowmq,1,64,8,6,2,8,128,2097152,301417900,6957622.623,1139.939,179800,228600,65536,0,31547392
flowmq,0,64,1,6,3,8,128,2097152,1685555700,1244190.269,804.663,957600,1193600,8192,0,31547392
flowmq_shared,1,64,1,6,3,8,128,2097152,1569928500,1335826.441,745.058,837300,970200,8192,0,31547392
flowmq_shared,0,64,4,7,0,8,128,2097152,509071500,4119562.773,901.520,290000,370000,32768,0,31547392
flowmq,1,64,4,7,0,8,128,2097152,536061000,3912151.789,990.927,308400,442300,32768,0,31547392
flowmq,0,64,8,7,1,8,128,2097152,327547800,6402583.073,1147.389,190700,265500,65536,0,31547392
flowmq_shared,1,64,8,7,1,8,128,2097152,291473100,7195010.449,1087.785,183600,227800,65536,0,31547392
flowmq_shared,0,64,1,7,2,8,128,2097152,1464001000,1432479.896,700.355,824100,1009000,8192,0,31547392
flowmq,1,64,1,7,2,8,128,2097152,1936696900,1082849.877,901.520,1050200,1411200,8192,0,31547392
flowmq,0,64,2,7,3,8,128,2097152,1049999200,1997289.141,976.026,568500,728900,16384,0,31547392
flowmq_shared,1,64,2,7,3,8,128,2097152,887626500,2362651.408,827.014,494400,632200,16384,0,31547392
flowmq_shared,0,1024,4,7,0,8,128,2097152,1019980800,2056070.075,1877.546,605000,915000,90112,0,31547392
flowmq,1,1024,4,7,0,8,128,2097152,1178438200,1779602.868,2190.471,681100,827200,90112,0,31547392
flowmq,0,1024,8,7,1,8,128,2097152,626414500,3347866.309,2302.229,364400,428700,180224,0,31547392
flowmq_shared,1,1024,8,7,1,8,128,2097152,527082800,3978790.429,1929.700,306600,392200,180224,0,31547392
flowmq_shared,0,1024,1,7,2,8,128,2097152,2884972800,726922.625,1370.907,1747400,2161000,22528,0,31547392
flowmq,1,1024,1,7,2,8,128,2097152,4311292500,486432.317,2041.459,2688100,3462200,22528,0,31547392
flowmq,0,1024,2,7,3,8,128,2097152,2362525800,887673.692,2250.075,1359100,1699400,45056,0,31547392
flowmq_shared,1,1024,2,7,3,8,128,2097152,1800677500,1164646.085,1691.282,1080200,1324600,45056,0,31547392
flowmq_shared,0,1024,8,8,0,8,128,2097152,529016500,3964246.862,1944.602,308400,374300,180224,0,31547392
flowmq,1,1024,8,8,0,8,128,2097152,636862200,3292944.690,2391.636,370700,480800,180224,0,31547392
flowmq,0,1024,1,8,1,8,128,2097152,3223525500,650577.140,1519.918,2033100,2441900,22528,0,31879168
flowmq_shared,1,1024,1,8,1,8,128,2097152,2940153700,713279.717,1370.907,1813100,2195700,22528,0,31879168
flowmq_shared,0,1024,2,8,2,8,128,2097152,1959173400,1070426.946,1855.195,1142900,1347200,45056,0,31879168
flowmq,1,1024,2,8,2,8,128,2097152,2426922800,864119.782,2294.779,1455000,1750200,45056,0,31879168
flowmq,0,1024,4,8,3,8,128,2097152,1272019600,1648678.998,2361.834,792900,1050500,90112,0,31879168
flowmq_shared,1,1024,4,8,3,8,128,2097152,1024854500,2046292.425,1870.096,590600,797100,90112,0,31879168
flowmq_shared,0,64,8,8,0,8,128,2097152,295027500,7108327.190,1065.433,176800,236100,65536,0,31879168
flowmq,1,64,8,8,0,8,128,2097152,319453000,6564821.742,1102.686,190600,244300,65536,0,31879168
flowmq,0,64,1,8,1,8,128,2097152,1839863000,1139841.390,879.169,974000,1141000,8192,0,31879168
flowmq_shared,1,64,1,8,1,8,128,2097152,1660253200,1263151.910,797.212,865100,1026500,8192,0,31879168
flowmq_shared,0,64,2,8,2,8,128,2097152,831197600,2523048.671,789.762,460800,543300,16384,0,31879168
flowmq,1,64,2,8,2,8,128,2097152,1008856100,2078742.449,938.773,522200,605000,16384,0,31879168
flowmq,0,64,4,8,3,8,128,2097152,532077600,3941440.121,983.477,294500,361400,32768,0,31879168
flowmq_shared,1,64,4,8,3,8,128,2097152,458377300,4575165.480,856.817,256000,306500,32768,0,31879168
