policy,period_ms,policy_order,max_release_lag_ns,scheduled_completion_p99_ns,cpu_cycles_available,cpu_cycles_per_message,payload_bytes,lanes,repeat,order,connections,batch,messages,wall_ns,messages_per_second,cpu_ns_per_message,burst_p95_ns,burst_p99_ns,poll_calls,send_retries,process_peak_rss_bytes
spin,5,0,378300,1290600,1,11573.410,64,1,1,0,8,128,262144,1280681700,204690.986,4768.372,824800,1094900,240180,0,15118336
wait,5,1,14955300,14917300,1,2092.365,64,1,1,0,8,128,262144,1292856400,202763.431,536.442,1284600,1625000,1114,0,15437824
spin,5,0,596800,388300,1,92698.970,64,8,1,1,8,128,262144,1280209900,204766.422,38862.228,286800,361100,9866859,0,17367040
wait,5,1,15675000,15302500,1,4499.271,64,8,1,1,8,128,262144,1286324400,203793.071,1370.907,433400,511100,8880,0,18194432
spin,5,0,141100,3626500,1,11576.028,1024,1,1,0,8,128,262144,1282783700,204355.575,4589.558,2795300,3359800,137769,0,20992000
wait,5,1,16193000,17416700,1,5140.261,1024,1,1,0,8,128,262144,1284550000,204074.579,1966.953,2706100,3606700,2896,0,21209088
spin,5,0,292000,614900,1,92561.341,1024,8,1,1,8,128,262144,1280578300,204707.514,38564.205,463500,614300,10111754,0,21209088
wait,5,1,15124000,15591800,1,7504.040,1024,8,1,1,8,128,262144,1282707700,204367.683,4470.348,772000,1067700,23192,0,21864448
wait,5,0,15392200,15135900,1,6779.527,1024,8,2,0,8,128,262144,1285829500,203871.509,1907.349,650600,807800,23217,0,22777856
spin,5,1,560200,598900,1,92543.237,1024,8,2,0,8,128,262144,1280544400,204712.933,38862.228,398700,584500,10777032,0,23003136
wait,5,0,14154300,16523600,1,5399.143,1024,1,2,1,8,128,262144,1286792200,203718.984,1490.116,3143200,3681800,2902,0,24698880
spin,5,1,6800,3366900,1,11582.993,1024,1,2,1,8,128,262144,1281533700,204554.902,4887.581,2339600,3157100,186254,0,25255936
wait,5,0,22563700,15777300,1,3988.137,64,8,2,0,8,128,262144,1284248900,204122.425,834.465,375200,424500,8904,0,25255936
spin,5,1,587400,259400,1,93002.346,64,8,2,0,8,128,262144,1280231300,204762.999,38862.228,180400,250800,11612029,0,25255936
wait,5,0,23266400,19635800,1,1433.552,64,1,2,1,8,128,262144,1297184800,202086.858,298.023,975000,1135300,1107,0,25255936
spin,5,1,538800,947700,1,11612.439,64,1,2,1,8,128,262144,1280885600,204658.402,4887.581,616600,724800,270534,0,25255936
spin,5,0,408600,1064600,1,11506.545,64,1,3,0,8,128,262144,1280510500,204718.353,4827.976,604100,945800,281669,0,25255936
wait,5,1,17237800,15746800,1,1465.789,64,1,3,0,8,128,262144,1282217900,204445.750,417.233,971200,1125100,1111,0,25255936
spin,5,0,173000,259400,1,92864.195,64,8,3,1,8,128,262144,1280373800,204740.209,38981.438,187000,250800,11625891,0,25255936
wait,5,1,22137400,17814000,1,3971.117,64,8,3,1,8,128,262144,1294574400,202494.349,1847.744,393700,499900,8900,0,25255936
spin,5,0,331700,1746600,1,11654.438,1024,1,3,0,8,128,262144,1281474700,204564.320,4887.581,1425700,1610600,244224,0,26550272
wait,5,1,19563400,17354600,1,3405.056,1024,1,3,0,8,128,262144,1288926700,203381.620,2145.767,1952200,2556400,2901,0,26550272
spin,5,0,464300,380900,1,92975.558,1024,8,3,1,8,128,262144,1280407500,204734.821,38921.833,318600,374000,10989620,0,26550272
wait,5,1,21718700,17548000,1,5668.345,1024,8,3,1,8,128,262144,1282325700,204428.563,4351.139,567600,676300,23209,0,26550272
wait,5,0,26948100,18074700,1,5532.410,1024,8,4,0,8,128,262144,1284123500,204142.359,774.860,548700,686900,23192,0,26550272
spin,5,1,1401800,364900,1,92608.826,1024,8,4,0,8,128,262144,1280268300,204757.081,38802.624,263000,344900,11663751,0,26550272
wait,5,0,18144700,15522600,1,2879.071,1024,1,4,1,8,128,262144,1282617900,204381.991,596.046,1702300,2002400,2899,0,27516928
spin,5,1,715700,1841500,1,11651.565,1024,1,4,1,8,128,262144,1281303600,204591.636,4827.976,1340700,1647000,245540,0,27516928
wait,5,0,20264600,15856100,1,3805.768,64,8,4,0,8,128,262144,1290835600,203080.857,1192.093,381400,467900,8860,0,27516928
spin,5,1,511700,203200,1,93026.434,64,8,4,0,8,128,262144,1280167300,204773.235,38504.601,149800,186300,12836970,0,27516928
wait,5,0,26354800,18477700,1,1736.760,64,1,4,1,8,128,262144,1284891600,204020.324,2324.581,1069600,1241000,1106,0,27516928
spin,5,1,12800,663500,1,11659.391,64,1,4,1,8,128,262144,1280515400,204717.569,4887.581,501200,588300,282288,0,27516928
spin,5,0,4400,708300,1,11679.384,64,1,5,0,8,128,262144,1280497500,204720.431,4887.581,503200,632500,293796,0,27516928
wait,5,1,27480300,19981600,1,1670.050,64,1,5,0,8,128,262144,1290152800,203188.336,0.000,1046900,1228900,1107,0,27516928
spin,5,0,28800,177300,1,93235.196,64,8,5,1,8,128,262144,1280200600,204767.909,38981.438,136600,176300,12892459,0,27516928
wait,5,1,18854800,18961600,1,3895.680,64,8,5,1,8,128,262144,1294824800,202455.189,3576.279,384500,469600,8880,0,27516928
spin,5,0,223200,1482900,1,11676.161,1024,1,5,0,8,128,262144,1281224800,204604.219,4827.976,1232200,1362500,259081,0,27615232
wait,5,1,19784300,18568100,1,3086.355,1024,1,5,0,8,128,262144,1285566000,203913.296,1132.488,1642700,2044100,2896,0,27615232
spin,5,0,466100,331400,1,92873.984,1024,8,5,1,8,128,262144,1280237900,204761.943,38683.414,255200,318200,12759900,0,27615232
wait,5,1,24684800,21015100,1,5559.821,1024,8,5,1,8,128,262144,1286725400,203729.560,2205.372,557200,650600,23212,0,27615232
wait,5,0,15578900,15230800,1,5626.859,1024,8,6,0,8,128,262144,1285177300,203974.969,1370.907,572500,694400,23206,0,27615232
spin,5,1,330200,396100,1,92667.608,1024,8,6,0,8,128,262144,1280312500,204750.012,38743.019,269600,367500,12644430,0,27615232
wait,5,0,21802200,16306200,1,3610.055,1024,1,6,1,8,128,262144,1292820700,202769.031,2026.558,1914400,2217900,2897,0,27615232
spin,5,1,29700,1683200,1,11682.812,1024,1,6,1,8,128,262144,1281259800,204598.630,4887.581,1353700,1509200,251782,0,27615232
wait,5,0,22464500,17736200,1,3978.448,64,8,6,0,8,128,262144,1280749500,204680.150,3516.674,384200,500000,8872,0,27615232
spin,5,1,376700,284000,1,92767.818,64,8,6,0,8,128,262144,1280165200,204773.571,38743.019,181600,271900,12897301,0,27615232
wait,5,0,20397000,18184600,1,1470.428,64,1,6,1,8,128,262144,1286325700,203792.865,1251.698,1009000,1191800,1106,0,27615232
spin,5,1,6800,601200,1,11669.540,64,1,6,1,8,128,262144,1280496000,204720.671,4827.976,432500,539800,319052,0,27615232
