batch,messages,wall_ns,send_ns,recv_ns,poll_ns,listener_ns,client_poll_ns,local_progress_ns,receive_callback_ns,receive_callbacks,receive_bytes,drive_calls,fast_slices,stream_slices,decoder_slices
1,262144,4653599600,73004800,38186800,4461727200,1216549300,2894364200,162065100,53952700,262608,25191808,1572864,262144,464,0
8,262144,1234992200,50966700,22633300,1133626100,249950900,808749900,43458100,56232200,65659,25172712,262144,32768,32891,0
16,262144,540498400,37196400,15061400,468885700,92611700,340473400,21664500,39597700,32822,25168848,131072,16384,16438,0
32,262144,400963300,36877700,14526400,332030800,59761900,246370600,17078700,38268900,24616,25168064,81920,8192,16424,0
64,262144,354677800,39758100,14639300,283092900,46489200,214700400,15510700,39386300,20515,25167784,57344,4096,16419,0
128,262144,403370500,53125800,17596900,314495400,48305000,243005900,17555100,47791200,18472,25168064,45056,2048,16424,0
1,262144,4280083500,65311500,33547800,4105391200,1118288100,2656485000,152733000,47946600,262571,25189736,1572864,262144,427,0
8,262144,1277742000,52052800,23413500,1174329400,253785000,845601300,43164300,57369000,65663,25172936,262144,32768,32895,0
16,262144,649519700,44002000,18336200,565629300,116518700,407970000,25103100,48624800,32832,25169408,131072,16384,16448,0
32,262144,567316500,51430700,20340100,474098500,90873700,348288800,24180100,54189400,24632,25168960,81920,8192,16440,0
64,262144,365750900,41670400,15302600,290844800,48526600,219827800,15764600,41648700,20516,25167840,57344,4096,16420,0
128,262144,362147400,46292400,16062000,281071200,44537900,215154300,15805900,43947100,18468,25167840,45056,2048,16420,0
1,262144,4558296300,71657400,36857100,4369153400,1191991500,2830922000,159734500,53893400,262599,25191304,1572864,262144,455,0
8,262144,1305043400,54423200,23934200,1198070100,262967300,857163400,45014500,61055600,65666,25173104,262144,32768,32898,0
16,262144,762614700,51088200,21232800,667309600,139012100,483101100,28798500,55532800,32844,25170080,131072,16384,16460,0
32,262144,516683200,46786700,18812600,431411300,79358200,320172100,21896400,49185900,24627,25168680,81920,8192,16435,0
64,262144,407285600,45904300,17093500,326189100,54390600,247213500,17817100,46223000,20520,25168064,57344,4096,16424,0
128,262144,399094800,50106800,18170500,311518900,48945700,239122100,17470900,48028800,18471,25168008,45056,2048,16423,0
