platform,source_commit,payload_bytes,lanes,repeat,pause_ms,send,wait,messages,wall_ns,messages_per_second,cpu_ns_per_message,cpu_cycles_available,cpu_cycles_per_message,prepare_receive_p99_ns,poll_calls,send_busy,wake_calls,queue_full,buffer_waits,receive_segments,sg_writes,sg_messages,sg_ranges,sg_max_messages,sg_max_ranges,app_full,peak_inflight_per_lane,send_event_checks,path,application_workers,buffer_probes
linux,4eb1afa220937297b14b331fca9eded35cfb718e,64,1,1,0,copy,wake,65536,79507563,824273.786,3634.903,0,0.000,279856,10234,4604,4096,0,219284,65536,0,0,0,0,0,1533,128,0,mailbox,3,14099712
linux,4eb1afa220937297b14b331fca9eded35cfb718e,64,1,1,0,copy,local,65536,64220050,1020491.264,979.858,0,0.000,125820,10234,4604,0,0,0,65536,0,0,0,0,0,1533,128,0,direct,1,65536
linux,4eb1afa220937297b14b331fca9eded35cfb718e,64,1,1,0,batch_sg,wake,65536,125898991,520544.283,5756.119,0,0.000,422907,14330,4612,4096,0,353086,65536,4609,65536,131072,16,32,5621,128,0,mailbox,3,22663040
linux,4eb1afa220937297b14b331fca9eded35cfb718e,64,1,1,0,batch_sg,local,65536,100112299,654624.863,1527.679,0,0.000,177978,14330,4612,0,0,0,65536,4609,65536,131072,16,32,5621,128,0,direct,1,65536
linux,4eb1afa220937297b14b331fca9eded35cfb718e,64,1,1,0,zmq_copy_events,wake,65536,31514521,2079549.297,1873.383,0,0.000,132505,12533,27,4096,0,71151,65536,0,0,0,0,0,8416,128,12533,mailbox,3,4619310
linux,4eb1afa220937297b14b331fca9eded35cfb718e,64,1,1,0,zmq_copy_events,local,65536,25380807,2582108.599,738.907,0,0.000,71257,12555,25,0,0,0,65536,0,0,0,0,0,8439,128,12555,direct,1,65536
linux,4eb1afa220937297b14b331fca9eded35cfb718e,64,1,1,0,zmq_owned_events,wake,65536,30025406,2182684.890,1794.815,0,0.000,136120,11610,0,4096,0,67415,65536,0,0,0,0,0,7496,128,11610,mailbox,3,4380096
linux,4eb1afa220937297b14b331fca9eded35cfb718e,64,1,1,0,zmq_owned_events,local,65536,25695236,2550511.698,747.406,0,0.000,60290,12135,85,0,0,0,65536,0,0,0,0,0,8029,128,12135,direct,1,65536
linux,4eb1afa220937297b14b331fca9eded35cfb718e,64,8,1,0,copy,wake,524288,288713960,1815942.672,2147.379,0,0.000,6211376,97150,31286,32768,1,253022,524288,0,0,0,0,0,8095,128,0,mailbox,24,16728198
linux,4eb1afa220937297b14b331fca9eded35cfb718e,64,8,1,0,copy,local,524288,176666119,2967677.124,1234.678,0,0.000,3127279,81872,36832,0,0,0,524288,0,0,0,0,0,12264,128,0,direct,8,524288
linux,4eb1afa220937297b14b331fca9eded35cfb718e,64,8,1,0,batch_sg,wake,524288,445850995,1175926.500,3306.383,0,0.000,6132018,128004,37084,32768,0,436302,524288,43197,524288,1048576,16,32,24538,128,0,mailbox,24,28455455
linux,4eb1afa220937297b14b331fca9eded35cfb718e,64,8,1,0,batch_sg,local,524288,273340544,1918076.229,1970.486,0,0.000,5191706,114640,36896,0,0,0,524288,36872,524288,1048576,16,32,44968,128,0,direct,8,524288
linux,4eb1afa220937297b14b331fca9eded35cfb718e,64,8,1,0,zmq_copy_events,wake,524288,2697373259,194369.837,20407.673,0,0.000,20107578,7550881,1812934,32768,0,176656,524288,0,0,0,0,0,1129288,128,7550881,mailbox,24,11831230
linux,4eb1afa220937297b14b331fca9eded35cfb718e,64,8,1,0,zmq_copy_events,local,524288,518330359,1011493.907,3797.428,0,0.000,8997717,958649,182510,0,0,0,524288,0,0,0,0,0,743595,128,958649,direct,8,524288
linux,4eb1afa220937297b14b331fca9eded35cfb718e,64,8,1,0,zmq_owned_events,wake,524288,3049541608,171923.544,23232.519,0,0.000,21001810,8093146,2806914,32768,1,734412,524288,0,0,0,0,0,47291,128,8093146,mailbox,24,47527514
linux,4eb1afa220937297b14b331fca9eded35cfb718e,64,8,1,0,zmq_owned_events,local,524288,1105026111,474457.567,8261.698,0,0.000,8492413,1885503,681997,0,0,361632,524288,0,0,0,0,0,809414,128,1885503,direct,8,23669168
linux,4eb1afa220937297b14b331fca9eded35cfb718e,65536,1,1,0,copy,wake,1024,76740642,13343.647,194044.922,0,0.000,18272405,1259,1118,64,0,143641,2185,0,0,0,0,0,1,128,0,mailbox,3,9194048
linux,4eb1afa220937297b14b331fca9eded35cfb718e,65536,1,1,0,copy,local,1024,81339264,12589.246,79480.469,0,0.000,9673190,1199,1063,0,0,0,2132,0,0,0,0,0,0,125,0,direct,1,1024
linux,4eb1afa220937297b14b331fca9eded35cfb718e,65536,1,1,0,sg,wake,1024,81820098,12515.262,217522.461,0,0.000,13598894,2101,2045,64,0,194248,2072,0,0,0,0,0,0,54,0,mailbox,3,12432896
linux,4eb1afa220937297b14b331fca9eded35cfb718e,65536,1,1,0,sg,local,1024,81728510,12529.288,79815.430,0,0.000,5947353,2039,2018,0,0,0,2016,0,0,0,0,0,0,65,0,direct,1,1024
linux,4eb1afa220937297b14b331fca9eded35cfb718e,65536,1,1,0,zmq_copy_events,wake,1024,25420921,40281.782,88835.938,0,0.000,6067970,793,645,64,0,37951,1024,0,0,0,0,0,0,119,793,mailbox,3,2429888
linux,4eb1afa220937297b14b331fca9eded35cfb718e,65536,1,1,0,zmq_copy_events,local,1024,25820056,39659.093,44687.500,0,0.000,712753,64,0,0,0,0,1024,0,0,0,0,0,0,32,64,direct,1,1024
linux,4eb1afa220937297b14b331fca9eded35cfb718e,65536,1,1,0,zmq_owned_events,wake,1024,23919080,42811.011,86298.828,0,0.000,3233557,1091,901,64,0,40161,1024,0,0,0,0,0,0,127,1091,mailbox,3,2571328
linux,4eb1afa220937297b14b331fca9eded35cfb718e,65536,1,1,0,zmq_owned_events,local,1024,24694312,41467.039,43517.578,0,0.000,680094,64,0,0,0,0,1024,0,0,0,0,0,0,32,64,direct,1,1024
linux,4eb1afa220937297b14b331fca9eded35cfb718e,65536,8,1,0,copy,wake,8192,322997867,25362.397,154641.479,0,0.000,84707605,9747,8322,512,0,205078,17181,0,0,0,0,0,2,128,0,mailbox,24,13133184
linux,4eb1afa220937297b14b331fca9eded35cfb718e,65536,8,1,0,copy,local,8192,240751287,34026.817,116309.326,0,0.000,40067063,9417,8083,0,0,0,16889,0,0,0,0,0,0,127,0,direct,8,8192
linux,4eb1afa220937297b14b331fca9eded35cfb718e,65536,8,1,0,sg,wake,8192,277487781,29522.021,131909.058,0,0.000,58733466,16480,16244,512,0,145323,16468,0,0,0,0,0,0,68,0,mailbox,24,9308864
linux,4eb1afa220937297b14b331fca9eded35cfb718e,65536,8,1,0,sg,local,8192,227011470,36086.282,110113.281,0,0.000,17884962,16319,16002,0,0,0,16255,0,0,0,0,0,0,66,0,direct,8,8192
linux,4eb1afa220937297b14b331fca9eded35cfb718e,65536,8,1,0,zmq_copy_events,wake,8192,246897358,33179.780,116509.277,0,0.000,139796835,180641,132218,512,0,49409,8192,0,0,0,0,0,26670,128,180641,mailbox,24,3170368
linux,4eb1afa220937297b14b331fca9eded35cfb718e,65536,8,1,0,zmq_copy_events,local,8192,170011768,48184.900,79839.722,0,0.000,43583386,63829,56844,0,0,0,8192,0,0,0,0,0,5648,128,63829,direct,8,8192
linux,4eb1afa220937297b14b331fca9eded35cfb718e,65536,8,1,0,zmq_owned_events,wake,8192,153431730,53391.824,73960.571,0,0.000,40774718,76796,34763,512,0,17875,8192,0,0,0,0,0,2559,128,76796,mailbox,24,1152192
linux,4eb1afa220937297b14b331fca9eded35cfb718e,65536,8,1,0,zmq_owned_events,local,8192,144401366,56730.765,66290.161,0,0.000,34226311,43024,30237,0,0,0,8192,0,0,0,0,0,10365,128,43024,direct,8,8192
linux,4eb1afa220937297b14b331fca9eded35cfb718e,65536,8,2,0,sg,local,8192,229829717,35643.781,110582.764,0,0.000,17785042,16145,15889,0,0,0,16000,0,0,0,0,0,0,68,0,direct,8,8192
linux,4eb1afa220937297b14b331fca9eded35cfb718e,65536,8,2,0,sg,wake,8192,232748902,35196.729,112879.639,0,0.000,45783327,16751,16491,512,0,684,16773,0,0,0,0,0,0,68,0,mailbox,24,51968
linux,4eb1afa220937297b14b331fca9eded35cfb718e,65536,8,2,0,zmq_copy_events,local,8192,342486112,23919.218,96290.283,0,0.000,206048954,158792,152435,0,0,0,8192,0,0,0,0,0,1079,128,158792,direct,8,8192
linux,4eb1afa220937297b14b331fca9eded35cfb718e,65536,8,2,0,zmq_copy_events,wake,8192,165720734,49432.559,79851.807,0,0.000,60053848,54732,28773,512,0,29982,8192,0,0,0,0,0,9280,128,54732,mailbox,24,1927040
linux,4eb1afa220937297b14b331fca9eded35cfb718e,65536,8,2,0,zmq_owned_events,local,8192,146572805,55890.313,69438.721,0,0.000,32855177,72072,59402,0,0,2698,8192,0,0,0,0,0,3681,128,72072,direct,8,180864
linux,4eb1afa220937297b14b331fca9eded35cfb718e,65536,8,2,0,zmq_owned_events,wake,8192,157937842,51868.507,76436.646,0,0.000,44147730,72456,37022,512,0,31084,8192,0,0,0,0,0,865,128,72456,mailbox,24,1997568
linux,4eb1afa220937297b14b331fca9eded35cfb718e,65536,8,2,0,copy,local,8192,243290824,33671.636,114846.313,0,0.000,32855142,9647,8313,0,0,0,17127,0,0,0,0,0,5,128,0,direct,8,8192
linux,4eb1afa220937297b14b331fca9eded35cfb718e,65536,8,2,0,copy,wake,8192,266722932,30713.520,128654.785,0,0.000,79221326,9565,8073,512,0,96874,17018,0,0,0,0,0,2,128,0,mailbox,24,6208128
linux,4eb1afa220937297b14b331fca9eded35cfb718e,65536,1,2,0,sg,local,1024,83807240,12218.515,81843.750,0,0.000,5911448,2039,2018,0,0,0,2016,0,0,0,0,0,0,65,0,direct,1,1024
linux,4eb1afa220937297b14b331fca9eded35cfb718e,65536,1,2,0,sg,wake,1024,82441042,12420.998,218876.953,0,0.000,13671074,2101,2045,64,0,192670,2072,0,0,0,0,0,0,54,0,mailbox,3,12331904
linux,4eb1afa220937297b14b331fca9eded35cfb718e,65536,1,2,0,zmq_copy_events,local,1024,26961329,37980.324,45493.164,0,0.000,981707,64,0,0,0,0,1024,0,0,0,0,0,0,30,64,direct,1,1024
linux,4eb1afa220937297b14b331fca9eded35cfb718e,65536,1,2,0,zmq_copy_events,wake,1024,24270680,42190.824,84166.992,0,0.000,5427505,538,335,64,0,34145,1024,0,0,0,0,0,0,115,538,mailbox,3,2186304
linux,4eb1afa220937297b14b331fca9eded35cfb718e,65536,1,2,0,zmq_owned_events,local,1024,28109523,36428.935,48101.562,0,0.000,1206717,64,0,0,0,0,1024,0,0,0,0,0,0,32,64,direct,1,1024
linux,4eb1afa220937297b14b331fca9eded35cfb718e,65536,1,2,0,zmq_owned_events,wake,1024,22739950,45030.882,82846.680,0,0.000,2995184,1114,938,64,0,35679,1024,0,0,0,0,0,5,128,1114,mailbox,3,2284480
linux,4eb1afa220937297b14b331fca9eded35cfb718e,65536,1,2,0,copy,local,1024,83129134,12318.184,81207.031,0,0.000,10579295,1125,952,0,0,0,2057,0,0,0,0,0,0,127,0,direct,1,1024
linux,4eb1afa220937297b14b331fca9eded35cfb718e,65536,1,2,0,copy,wake,1024,79059538,12952.264,200287.109,0,0.000,19513009,1255,1100,64,0,170848,2179,0,0,0,0,0,5,128,0,mailbox,3,10935296
linux,4eb1afa220937297b14b331fca9eded35cfb718e,64,8,2,0,batch_sg,local,524288,272493077,1924041.542,1967.644,0,0.000,3254539,114639,36901,0,0,0,524288,36873,524288,1048576,16,32,44957,128,0,direct,8,524288
linux,4eb1afa220937297b14b331fca9eded35cfb718e,64,8,2,0,batch_sg,wake,524288,462124598,1134516.540,3442.202,0,0.000,4657381,128369,35810,32768,0,453186,524288,43339,524288,1048576,16,32,23842,128,0,mailbox,24,29528705
linux,4eb1afa220937297b14b331fca9eded35cfb718e,64,8,2,0,zmq_copy_events,local,524288,587942330,891733.718,4376.425,0,0.000,8961030,1010029,277937,0,0,0,524288,0,0,0,0,0,699332,128,1010029,direct,8,524288
linux,4eb1afa220937297b14b331fca9eded35cfb718e,64,8,2,0,zmq_copy_events,wake,524288,2927767319,179074.340,22294.863,0,0.000,21944583,8140900,2152413,32768,3,402462,524288,0,0,0,0,0,1674899,128,8140900,mailbox,24,26282305
linux,4eb1afa220937297b14b331fca9eded35cfb718e,64,8,2,0,zmq_owned_events,local,524288,1341669836,390772.741,10168.213,0,0.000,8831773,2292772,941706,0,0,407574,524288,0,0,0,0,0,908923,128,2292772,direct,8,26609390
linux,4eb1afa220937297b14b331fca9eded35cfb718e,64,8,2,0,zmq_owned_events,wake,524288,2275185365,230437.488,17319.284,0,0.000,23999812,3996593,1231437,32768,0,1511245,524288,0,0,0,0,0,209286,128,3996593,mailbox,24,97245612
linux,4eb1afa220937297b14b331fca9eded35cfb718e,64,8,2,0,copy,local,524288,174877340,2998032.793,1264.561,0,0.000,3123110,81872,36832,0,0,0,524288,0,0,0,0,0,12264,128,0,direct,8,524288
linux,4eb1afa220937297b14b331fca9eded35cfb718e,64,8,2,0,copy,wake,524288,267389814,1960762.799,2009.968,0,0.000,3464925,102110,32997,32768,0,128714,524288,0,0,0,0,0,6745,128,0,mailbox,24,8761984
linux,4eb1afa220937297b14b331fca9eded35cfb718e,64,1,2,0,batch_sg,local,65536,100364216,652981.736,1531.586,0,0.000,176736,14330,4612,0,0,0,65536,4609,65536,131072,16,32,5621,128,0,direct,1,65536
linux,4eb1afa220937297b14b331fca9eded35cfb718e,64,1,2,0,batch_sg,wake,65536,123997592,528526.393,5666.916,0,0.000,423377,14330,4612,4096,0,343694,65536,4609,65536,131072,16,32,5621,128,0,mailbox,3,22062016
linux,4eb1afa220937297b14b331fca9eded35cfb718e,64,1,2,0,zmq_copy_events,local,65536,25456329,2574448.185,735.825,0,0.000,59449,12413,101,0,0,0,65536,0,0,0,0,0,8300,128,12413,direct,1,65536
linux,4eb1afa220937297b14b331fca9eded35cfb718e,64,1,2,0,zmq_copy_events,wake,65536,32239718,2032772.123,1928.131,0,0.000,138534,13028,0,4096,0,72973,65536,0,0,0,0,0,8915,128,13028,mailbox,3,4735936
linux,4eb1afa220937297b14b331fca9eded35cfb718e,64,1,2,0,zmq_owned_events,local,65536,26073052,2513553.074,758.972,0,0.000,59840,12350,67,0,0,0,65536,0,0,0,0,0,8238,128,12350,direct,1,65536
linux,4eb1afa220937297b14b331fca9eded35cfb718e,64,1,2,0,zmq_owned_events,wake,65536,29061485,2255080.909,1723.831,0,0.000,127281,11646,1,4096,0,68387,65536,0,0,0,0,0,7542,128,11646,mailbox,3,4442304
linux,4eb1afa220937297b14b331fca9eded35cfb718e,64,1,2,0,copy,local,65536,64180642,1021117.863,979.492,0,0.000,107342,10234,4604,0,0,0,65536,0,0,0,0,0,1533,128,0,direct,1,65536
linux,4eb1afa220937297b14b331fca9eded35cfb718e,64,1,2,0,copy,wake,65536,63667490,1029347.945,2908.920,0,0.000,227121,10234,4604,4096,0,158419,65536,0,0,0,0,0,1533,128,0,mailbox,3,10211648
linux,4eb1afa220937297b14b331fca9eded35cfb718e,64,1,3,0,zmq_copy_events,wake,65536,27920588,2347228.504,1675.400,0,0.000,137722,9958,1,4096,0,61208,65536,0,0,0,0,0,5850,128,9958,mailbox,3,3982848
linux,4eb1afa220937297b14b331fca9eded35cfb718e,64,1,3,0,zmq_copy_events,local,65536,25606115,2559388.646,744.995,0,0.000,59319,12376,85,0,0,0,65536,0,0,0,0,0,8264,128,12376,direct,1,65536
linux,4eb1afa220937297b14b331fca9eded35cfb718e,64,1,3,0,zmq_owned_events,wake,65536,31244786,2097501.964,1862.213,0,0.000,127156,12662,33,4096,0,69879,65536,0,0,0,0,0,8553,128,12662,mailbox,3,4537792
linux,4eb1afa220937297b14b331fca9eded35cfb718e,64,1,3,0,zmq_owned_events,local,65536,25936031,2526832.267,754.425,0,0.000,67031,12249,72,0,0,0,65536,0,0,0,0,0,8133,128,12249,direct,1,65536
linux,4eb1afa220937297b14b331fca9eded35cfb718e,64,1,3,0,copy,wake,65536,79399638,825394.191,3629.730,0,0.000,277447,10234,4604,4096,0,215946,65536,0,0,0,0,0,1533,128,0,mailbox,3,13886080
linux,4eb1afa220937297b14b331fca9eded35cfb718e,64,1,3,0,copy,local,65536,63741921,1028145.983,972.778,0,0.000,105809,10234,4604,0,0,0,65536,0,0,0,0,0,1533,128,0,direct,1,65536
linux,4eb1afa220937297b14b331fca9eded35cfb718e,64,1,3,0,batch_sg,wake,65536,100334076,653177.889,4585.846,0,0.000,347011,14339,4620,4096,0,255204,65536,4609,65536,131072,16,32,5621,128,0,mailbox,3,16398720
linux,4eb1afa220937297b14b331fca9eded35cfb718e,64,1,3,0,batch_sg,local,65536,100228111,653868.454,1529.358,0,0.000,177878,14330,4612,0,0,0,65536,4609,65536,131072,16,32,5621,128,0,direct,1,65536
linux,4eb1afa220937297b14b331fca9eded35cfb718e,64,8,3,0,zmq_copy_events,wake,524288,3020970037,173549.553,22962.431,0,0.000,19076786,8451391,2759866,32768,3,223622,524288,0,0,0,0,0,1187535,128,8451391,mailbox,24,14836347
linux,4eb1afa220937297b14b331fca9eded35cfb718e,64,8,3,0,zmq_copy_events,local,524288,425784211,1231346.740,3112.881,0,0.000,8995691,715252,149776,0,0,0,524288,0,0,0,0,0,532766,128,715252,direct,8,524288
linux,4eb1afa220937297b14b331fca9eded35cfb718e,64,8,3,0,zmq_owned_events,wake,524288,2585167812,202806.177,19685.545,0,0.000,27072387,4938053,1385485,32768,2,1637935,524288,0,0,0,0,0,141796,128,4938053,mailbox,24,105353228
linux,4eb1afa220937297b14b331fca9eded35cfb718e,64,8,3,0,zmq_owned_events,local,524288,734102205,714189.382,5518.854,0,0.000,9132908,1378580,460799,0,0,319459,524288,0,0,0,0,0,565961,128,1378580,direct,8,20970017
linux,4eb1afa220937297b14b331fca9eded35cfb718e,64,8,3,0,copy,wake,524288,273258802,1918649.998,2053.316,0,0.000,631240,119483,29024,32768,0,45345,524288,0,0,0,0,0,1119,128,0,mailbox,24,3426368
linux,4eb1afa220937297b14b331fca9eded35cfb718e,64,8,3,0,copy,local,524288,165641120,3165204.389,1253.599,0,0.000,3127288,81872,36832,0,0,0,524288,0,0,0,0,0,12264,128,0,direct,8,524288
linux,4eb1afa220937297b14b331fca9eded35cfb718e,64,8,3,0,batch_sg,wake,524288,408776074,1282579.958,3082.945,0,0.000,7409689,130701,33200,32768,0,314041,524288,44565,524288,1048576,16,32,20805,128,0,mailbox,24,20622912
linux,4eb1afa220937297b14b331fca9eded35cfb718e,64,8,3,0,batch_sg,local,524288,278939007,1879579.359,1973.398,0,0.000,4262777,114640,36896,0,0,0,524288,36872,524288,1048576,16,32,44968,128,0,direct,8,524288
linux,4eb1afa220937297b14b331fca9eded35cfb718e,65536,1,3,0,zmq_copy_events,wake,1024,22728302,45053.960,81624.023,0,0.000,4578016,81,0,64,0,36749,1024,0,0,0,0,0,0,46,81,mailbox,3,2352960
linux,4eb1afa220937297b14b331fca9eded35cfb718e,65536,1,3,0,zmq_copy_events,local,1024,29435073,34788.431,52312.500,0,0.000,820656,64,0,0,0,0,1024,0,0,0,0,0,0,32,64,direct,1,1024
linux,4eb1afa220937297b14b331fca9eded35cfb718e,65536,1,3,0,zmq_owned_events,wake,1024,22063271,46411.976,80932.617,0,0.000,2933792,833,692,64,0,36371,1024,0,0,0,0,0,0,127,833,mailbox,3,2328768
linux,4eb1afa220937297b14b331fca9eded35cfb718e,65536,1,3,0,zmq_owned_events,local,1024,24874913,41165.973,43632.812,0,0.000,685111,64,0,0,0,0,1024,0,0,0,0,0,0,32,64,direct,1,1024
linux,4eb1afa220937297b14b331fca9eded35cfb718e,65536,1,3,0,copy,wake,1024,90085962,11366.921,215463.867,0,0.000,25883657,10970,10801,64,0,173635,2071,0,0,0,0,0,0,125,0,mailbox,3,11113664
linux,4eb1afa220937297b14b331fca9eded35cfb718e,65536,1,3,0,copy,local,1024,81348320,12587.844,79441.406,0,0.000,9664707,1137,1006,0,0,0,2072,0,0,0,0,0,0,126,0,direct,1,1024
linux,4eb1afa220937297b14b331fca9eded35cfb718e,65536,1,3,0,sg,wake,1024,81363453,12585.503,215348.633,0,0.000,14699461,2079,2045,64,0,187466,2047,0,0,0,0,0,0,66,0,mailbox,3,11998848
linux,4eb1afa220937297b14b331fca9eded35cfb718e,65536,1,3,0,sg,local,1024,81795563,12519.016,79881.836,0,0.000,5912309,2039,2018,0,0,0,2016,0,0,0,0,0,0,65,0,direct,1,1024
linux,4eb1afa220937297b14b331fca9eded35cfb718e,65536,8,3,0,zmq_copy_events,wake,8192,176777178,46340.823,85104.126,0,0.000,57809803,77627,41996,512,0,30673,8192,0,0,0,0,0,8381,128,77627,mailbox,24,1971264
linux,4eb1afa220937297b14b331fca9eded35cfb718e,65536,8,3,0,zmq_copy_events,local,8192,146488421,55922.509,69470.947,0,0.000,31179914,17136,13201,0,0,0,8192,0,0,0,0,0,252,128,17136,direct,8,8192
linux,4eb1afa220937297b14b331fca9eded35cfb718e,65536,8,3,0,zmq_owned_events,wake,8192,164010652,49947.975,79584.717,0,0.000,44060907,93542,44868,512,0,17545,8192,0,0,0,0,0,1727,128,93542,mailbox,24,1131072
linux,4eb1afa220937297b14b331fca9eded35cfb718e,65536,8,3,0,zmq_owned_events,local,8192,140683793,58229.877,68114.258,0,0.000,27193784,35645,30664,0,0,0,8192,0,0,0,0,0,1217,128,35645,direct,8,8192
linux,4eb1afa220937297b14b331fca9eded35cfb718e,65536,8,3,0,copy,wake,8192,310872408,26351.647,148940.308,0,0.000,96191490,9433,8072,512,0,284861,16888,0,0,0,0,0,4,128,0,mailbox,24,18239296
linux,4eb1afa220937297b14b331fca9eded35cfb718e,65536,8,3,0,copy,local,8192,245417637,33379.834,114561.157,0,0.000,40541640,10038,8617,0,0,0,17494,0,0,0,0,0,4,128,0,direct,8,8192
linux,4eb1afa220937297b14b331fca9eded35cfb718e,65536,8,3,0,sg,wake,8192,305392506,26824.496,145752.686,0,0.000,66433295,16486,16247,512,0,246701,16466,0,0,0,0,0,0,68,0,mailbox,24,15797056
linux,4eb1afa220937297b14b331fca9eded35cfb718e,65536,8,3,0,sg,local,8192,233488957,35085.171,110391.724,0,0.000,22257570,15946,15746,0,0,0,15822,0,0,0,0,0,0,71,0,direct,8,8192
linux,4eb1afa220937297b14b331fca9eded35cfb718e,65536,8,4,0,zmq_owned_events,local,8192,139891296,58559.755,66336.548,0,0.000,24929111,35614,27264,0,0,1072,8192,0,0,0,0,0,2124,128,35614,direct,8,76800
linux,4eb1afa220937297b14b331fca9eded35cfb718e,65536,8,4,0,zmq_owned_events,wake,8192,161883079,50604.424,77493.774,0,0.000,39717975,75255,33260,512,0,31760,8192,0,0,0,0,0,693,128,75255,mailbox,24,2040832
linux,4eb1afa220937297b14b331fca9eded35cfb718e,65536,8,4,0,copy,local,8192,243781178,33603.907,112962.280,0,0.000,44154448,9212,7931,0,0,0,16683,0,0,0,0,0,3,128,0,direct,8,8192
linux,4eb1afa220937297b14b331fca9eded35cfb718e,65536,8,4,0,copy,wake,8192,249048472,32893.195,117855.225,0,0.000,70818255,9218,7778,512,0,29780,16679,0,0,0,0,0,0,128,0,mailbox,24,1914112
linux,4eb1afa220937297b14b331fca9eded35cfb718e,65536,8,4,0,sg,local,8192,237009742,34563.980,109346.069,0,0.000,20194185,15978,15793,0,0,0,15975,0,0,0,0,0,0,66,0,direct,8,8192
linux,4eb1afa220937297b14b331fca9eded35cfb718e,65536,8,4,0,sg,wake,8192,245974689,33304.240,118047.485,0,0.000,53491700,16352,16064,512,0,26043,16437,0,0,0,0,0,0,73,0,mailbox,24,1674944
linux,4eb1afa220937297b14b331fca9eded35cfb718e,65536,8,4,0,zmq_copy_events,local,8192,143897412,56929.446,68417.725,0,0.000,27625449,16356,9677,0,0,0,8192,0,0,0,0,0,1473,128,16356,direct,8,8192
linux,4eb1afa220937297b14b331fca9eded35cfb718e,65536,8,4,0,zmq_copy_events,wake,8192,192795795,42490.553,92760.132,0,0.000,60239728,95519,57665,512,0,26862,8192,0,0,0,0,0,17790,128,95519,mailbox,24,1727360
linux,4eb1afa220937297b14b331fca9eded35cfb718e,65536,1,4,0,zmq_owned_events,local,1024,25279243,40507.542,44153.320,0,0.000,861046,64,0,0,0,0,1024,0,0,0,0,0,0,32,64,direct,1,1024
linux,4eb1afa220937297b14b331fca9eded35cfb718e,65536,1,4,0,zmq_owned_events,wake,1024,23617282,43358.080,85363.281,0,0.000,3121338,855,683,64,0,39695,1024,0,0,0,0,0,0,126,855,mailbox,3,2541504
linux,4eb1afa220937297b14b331fca9eded35cfb718e,65536,1,4,0,copy,local,1024,84255409,12153.522,82288.086,0,0.000,10072651,1199,1063,0,0,0,2132,0,0,0,0,0,0,125,0,direct,1,1024
linux,4eb1afa220937297b14b331fca9eded35cfb718e,65536,1,4,0,copy,wake,1024,89420393,11451.526,232828.125,0,0.000,28849301,9509,9353,64,0,195710,2052,0,0,0,0,0,1,128,0,mailbox,3,12526464
linux,4eb1afa220937297b14b331fca9eded35cfb718e,65536,1,4,0,sg,local,1024,81617078,12546.394,79724.609,0,0.000,5902854,2039,2018,0,0,0,2016,0,0,0,0,0,0,65,0,direct,1,1024
linux,4eb1afa220937297b14b331fca9eded35cfb718e,65536,1,4,0,sg,wake,1024,75541383,13555.484,197696.289,0,0.000,13863285,2190,2141,64,0,153580,2166,0,0,0,0,0,0,65,0,mailbox,3,9830144
linux,4eb1afa220937297b14b331fca9eded35cfb718e,65536,1,4,0,zmq_copy_events,local,1024,29286926,34964.407,51899.414,0,0.000,811522,64,0,0,0,0,1024,0,0,0,0,0,0,32,64,direct,1,1024
linux,4eb1afa220937297b14b331fca9eded35cfb718e,65536,1,4,0,zmq_copy_events,wake,1024,24156683,42389.926,83691.406,0,0.000,5386081,609,433,64,0,34637,1024,0,0,0,0,0,0,116,609,mailbox,3,2217792
linux,4eb1afa220937297b14b331fca9eded35cfb718e,64,8,4,0,zmq_owned_events,local,524288,947221946,553500.689,7094.145,0,0.000,8739374,1528876,545063,0,0,230649,524288,0,0,0,0,0,720893,128,1528876,direct,8,15286070
linux,4eb1afa220937297b14b331fca9eded35cfb718e,64,8,4,0,zmq_owned_events,wake,524288,3032599091,172884.046,23099.854,0,0.000,21016993,8401714,2659281,32768,1,191129,524288,0,0,0,0,0,26125,128,8401714,mailbox,24,12757585
linux,4eb1afa220937297b14b331fca9eded35cfb718e,64,8,4,0,copy,local,524288,182118194,2878833.731,1286.913,0,0.000,3129260,81872,36832,0,0,0,524288,0,0,0,0,0,12264,128,0,direct,8,524288
linux,4eb1afa220937297b14b331fca9eded35cfb718e,64,8,4,0,copy,wake,524288,284298322,1844147.360,2132.824,0,0.000,3223868,109674,31224,32768,1,125547,524288,0,0,0,0,0,4691,128,0,mailbox,24,8559352
linux,4eb1afa220937297b14b331fca9eded35cfb718e,64,8,4,0,batch_sg,local,524288,267741185,1958189.585,2030.739,0,0.000,3379997,114640,36896,0,0,0,524288,36872,524288,1048576,16,32,44968,128,0,direct,8,524288
linux,4eb1afa220937297b14b331fca9eded35cfb718e,64,8,4,0,batch_sg,wake,524288,396061154,1323755.169,2958.244,0,0.000,3143307,136726,37102,32768,0,282333,524288,47602,524288,1048576,16,32,11899,128,0,mailbox,24,18593603
linux,4eb1afa220937297b14b331fca9eded35cfb718e,64,8,4,0,zmq_copy_events,local,524288,590927639,887228.766,4398.323,0,0.000,8997283,988946,264154,0,0,0,524288,0,0,0,0,0,691748,128,988946,direct,8,524288
linux,4eb1afa220937297b14b331fca9eded35cfb718e,64,8,4,0,zmq_copy_events,wake,524288,1916268549,273598.395,14575.947,0,0.000,21001683,4447037,952205,32768,1,683102,524288,0,0,0,0,0,1335688,128,4447037,mailbox,24,44243990
linux,4eb1afa220937297b14b331fca9eded35cfb718e,64,1,4,0,zmq_owned_events,local,65536,25625672,2557435.372,745.651,0,0.000,59289,12483,62,0,0,0,65536,0,0,0,0,0,8370,128,12483,direct,1,65536
linux,4eb1afa220937297b14b331fca9eded35cfb718e,64,1,4,0,zmq_owned_events,wake,65536,31363744,2089546.452,1870.621,0,0.000,125829,13080,18,4096,0,70542,65536,0,0,0,0,0,8969,128,13080,mailbox,3,4580224
linux,4eb1afa220937297b14b331fca9eded35cfb718e,64,1,4,0,copy,local,65536,64049645,1023206.296,977.722,0,0.000,110046,10234,4604,0,0,0,65536,0,0,0,0,0,1533,128,0,direct,1,65536
linux,4eb1afa220937297b14b331fca9eded35cfb718e,64,1,4,0,copy,wake,65536,63666538,1029363.337,2907.623,0,0.000,266716,10234,4604,4096,0,159561,65536,0,0,0,0,0,1533,128,0,mailbox,3,10277440
linux,4eb1afa220937297b14b331fca9eded35cfb718e,64,1,4,0,batch_sg,local,65536,100444232,652461.557,1532.883,0,0.000,177688,14330,4612,0,0,0,65536,4609,65536,131072,16,32,5621,128,0,direct,1,65536
linux,4eb1afa220937297b14b331fca9eded35cfb718e,64,1,4,0,batch_sg,wake,65536,124474213,526502.626,5690.033,0,0.000,413787,14330,4612,4096,0,347032,65536,4609,65536,131072,16,32,5621,128,0,mailbox,3,22275584
linux,4eb1afa220937297b14b331fca9eded35cfb718e,64,1,4,0,zmq_copy_events,local,65536,26642649,2459815.464,782.944,0,0.000,67993,13718,0,0,0,0,65536,0,0,0,0,0,9619,128,13718,direct,1,65536
linux,4eb1afa220937297b14b331fca9eded35cfb718e,64,1,4,0,zmq_copy_events,wake,65536,31856152,2057247.843,1905.685,0,0.000,138745,12468,0,4096,0,70640,65536,0,0,0,0,0,8355,128,12468,mailbox,3,4586496
linux,4eb1afa220937297b14b331fca9eded35cfb718e,64,1,5,0,copy,wake,65536,79475930,824601.864,3632.660,0,0.000,277373,10234,4604,4096,0,217125,65536,0,0,0,0,0,1533,128,0,mailbox,3,13961536
linux,4eb1afa220937297b14b331fca9eded35cfb718e,64,1,5,0,copy,local,65536,63577364,1030807.128,970.261,0,0.000,105789,10234,4604,0,0,0,65536,0,0,0,0,0,1533,128,0,direct,1,65536
linux,4eb1afa220937297b14b331fca9eded35cfb718e,64,1,5,0,batch_sg,wake,65536,125263701,523184.286,5727.234,0,0.000,415070,14330,4612,4096,0,347055,65536,4609,65536,131072,16,32,5621,128,0,mailbox,3,22277056
linux,4eb1afa220937297b14b331fca9eded35cfb718e,64,1,5,0,batch_sg,local,65536,99931735,655807.687,1524.765,0,0.000,177657,14330,4612,0,0,0,65536,4609,65536,131072,16,32,5621,128,0,direct,1,65536
linux,4eb1afa220937297b14b331fca9eded35cfb718e,64,1,5,0,zmq_copy_events,wake,65536,31675900,2068954.631,1881.454,0,0.000,135369,12513,121,4096,0,70303,65536,0,0,0,0,0,8294,128,12513,mailbox,3,4565568
linux,4eb1afa220937297b14b331fca9eded35cfb718e,64,1,5,0,zmq_copy_events,local,65536,25666995,2553317.987,748.688,0,0.000,71999,12172,40,0,0,0,65536,0,0,0,0,0,8066,128,12172,direct,1,65536
linux,4eb1afa220937297b14b331fca9eded35cfb718e,64,1,5,0,zmq_owned_events,wake,65536,31475138,2082151.316,1875.198,0,0.000,132234,12387,0,4096,0,70205,65536,0,0,0,0,0,8281,128,12387,mailbox,3,4558656
linux,4eb1afa220937297b14b331fca9eded35cfb718e,64,1,5,0,zmq_owned_events,local,65536,25813230,2538853.138,754.028,0,0.000,71969,12385,16,0,0,0,65536,0,0,0,0,0,8278,128,12385,direct,1,65536
linux,4eb1afa220937297b14b331fca9eded35cfb718e,64,8,5,0,copy,wake,524288,356207275,1471862.134,2684.309,0,0.000,9279684,88538,34380,32768,1,460581,524288,0,0,0,0,0,10422,128,0,mailbox,24,30001472
linux,4eb1afa220937297b14b331fca9eded35cfb718e,64,8,5,0,copy,local,524288,166415529,3150475.218,1261.211,0,0.000,3127458,81872,36832,0,0,0,524288,0,0,0,0,0,12264,128,0,direct,8,524288
linux,4eb1afa220937297b14b331fca9eded35cfb718e,64,8,5,0,batch_sg,wake,524288,409748431,1279536.321,3065.308,0,0.000,4154258,130260,36450,32768,0,247216,524288,44462,524288,1048576,16,32,20032,128,0,mailbox,24,16346241
linux,4eb1afa220937297b14b331fca9eded35cfb718e,64,8,5,0,batch_sg,local,524288,267695979,1958520.266,2032.360,0,0.000,3385926,114640,36896,0,0,0,524288,36872,524288,1048576,16,32,44968,128,0,direct,8,524288
linux,4eb1afa220937297b14b331fca9eded35cfb718e,64,8,5,0,zmq_copy_events,wake,524288,2948620539,177807.891,22452.696,0,0.000,21003946,7664877,2362298,32768,0,448521,524288,0,0,0,0,0,1162524,128,7664877,mailbox,24,29229801
linux,4eb1afa220937297b14b331fca9eded35cfb718e,64,8,5,0,zmq_copy_events,local,524288,995457457,526680.469,7531.088,0,0.000,9504026,1871641,496686,0,0,0,524288,0,0,0,0,0,1342149,128,1871641,direct,8,524288
linux,4eb1afa220937297b14b331fca9eded35cfb718e,64,8,5,0,zmq_owned_events,wake,524288,2335467641,224489.516,17785.257,0,0.000,23516293,5330056,1486011,32768,3,737451,524288,0,0,0,0,0,52103,128,5330056,mailbox,24,47721590
linux,4eb1afa220937297b14b331fca9eded35cfb718e,64,8,5,0,zmq_owned_events,local,524288,502633608,1043081.863,3747.828,0,0.000,8996983,906165,292838,0,0,214605,524288,0,0,0,0,0,364756,128,906165,direct,8,14259302
linux,4eb1afa220937297b14b331fca9eded35cfb718e,65536,1,5,0,copy,wake,1024,75237626,13610.211,189834.961,0,0.000,17901521,1306,1121,64,0,137682,2231,0,0,0,0,0,1,128,0,mailbox,3,8812672
linux,4eb1afa220937297b14b331fca9eded35cfb718e,65536,1,5,0,copy,local,1024,80629937,12699.998,78751.953,0,0.000,10441417,1125,952,0,0,0,2057,0,0,0,0,0,0,127,0,direct,1,1024
linux,4eb1afa220937297b14b331fca9eded35cfb718e,65536,1,5,0,sg,wake,1024,76097880,13456.354,201261.719,0,0.000,12371457,2006,1994,64,0,159463,2072,0,0,0,0,0,0,42,0,mailbox,3,10206656
linux,4eb1afa220937297b14b331fca9eded35cfb718e,65536,1,5,0,sg,local,1024,81844155,12511.584,79933.594,0,0.000,5901403,2039,2018,0,0,0,2016,0,0,0,0,0,0,65,0,direct,1,1024
linux,4eb1afa220937297b14b331fca9eded35cfb718e,65536,1,5,0,zmq_copy_events,wake,1024,24446483,41887.416,85201.172,0,0.000,5476138,475,335,64,0,38537,1024,0,0,0,0,0,0,116,475,mailbox,3,2467392
linux,4eb1afa220937297b14b331fca9eded35cfb718e,65536,1,5,0,zmq_copy_events,local,1024,25683709,39869.631,44579.102,0,0.000,707936,64,0,0,0,0,1024,0,0,0,0,0,0,32,64,direct,1,1024
linux,4eb1afa220937297b14b331fca9eded35cfb718e,65536,1,5,0,zmq_owned_events,wake,1024,22354855,45806.604,82191.406,0,0.000,2871973,1029,859,64,0,37635,1024,0,0,0,0,0,0,127,1029,mailbox,3,2409664
linux,4eb1afa220937297b14b331fca9eded35cfb718e,65536,1,5,0,zmq_owned_events,local,1024,24599994,41626.026,43456.055,0,0.000,677129,64,0,0,0,0,1024,0,0,0,0,0,0,32,64,direct,1,1024
linux,4eb1afa220937297b14b331fca9eded35cfb718e,65536,8,5,0,copy,wake,8192,357911326,22888.351,173104.126,0,0.000,118050484,17021,15554,512,0,320368,16924,0,0,0,0,0,7,128,0,mailbox,24,20511744
linux,4eb1afa220937297b14b331fca9eded35cfb718e,65536,8,5,0,copy,local,8192,296602547,27619.453,142733.521,0,0.000,59374382,9113,7921,0,0,0,16584,0,0,0,0,0,6,128,0,direct,8,8192
linux,4eb1afa220937297b14b331fca9eded35cfb718e,65536,8,5,0,sg,wake,8192,304745653,26881.433,145157.227,0,0.000,60978923,18081,17792,512,0,200742,16479,0,0,0,0,0,0,68,0,mailbox,24,12855680
linux,4eb1afa220937297b14b331fca9eded35cfb718e,65536,8,5,0,sg,local,8192,232118433,35292.329,112452.393,0,0.000,17506401,16005,15842,0,0,0,15928,0,0,0,0,0,0,68,0,direct,8,8192
linux,4eb1afa220937297b14b331fca9eded35cfb718e,65536,8,5,0,zmq_copy_events,wake,8192,181137239,45225.377,87252.563,0,0.000,65660684,53529,44130,512,0,35234,8192,0,0,0,0,0,4400,128,53529,mailbox,24,2263168
linux,4eb1afa220937297b14b331fca9eded35cfb718e,65536,8,5,0,zmq_copy_events,local,8192,151283858,54149.862,71987.305,0,0.000,30742244,33836,27369,0,0,0,8192,0,0,0,0,0,1710,128,33836,direct,8,8192
linux,4eb1afa220937297b14b331fca9eded35cfb718e,65536,8,5,0,zmq_owned_events,wake,8192,184814349,44325.563,88494.629,0,0.000,44032595,139594,81252,512,0,35516,8192,0,0,0,0,0,392,128,139594,mailbox,24,2281216
linux,4eb1afa220937297b14b331fca9eded35cfb718e,65536,8,5,0,zmq_owned_events,local,8192,137550801,59556.178,64350.952,0,0.000,27044458,26919,17596,0,0,1752,8192,0,0,0,0,0,2565,128,26919,direct,8,120361
windows,4eb1afa220937297b14b331fca9eded35cfb718e,64,1,1,0,copy,wake,65536,89791500,729868.640,4291.534,1,10028.474,336200,6657,2560,4096,0,556674,65536,0,0,0,0,0,0,80,0,mailbox,3,35692672
windows,4eb1afa220937297b14b331fca9eded35cfb718e,64,1,1,0,copy,local,65536,91986300,712453.920,1430.511,1,3433.299,68600,5633,1537,0,0,0,65536,0,0,0,0,0,0,48,0,direct,1,65536
windows,4eb1afa220937297b14b331fca9eded35cfb718e,64,1,1,0,batch_sg,wake,65536,222686300,294297.404,10013.580,1,24763.685,570900,13308,9212,4096,0,1537735,65536,4609,65536,131072,16,32,0,111,0,mailbox,3,98495040
windows,4eb1afa220937297b14b331fca9eded35cfb718e,64,1,1,0,batch_sg,local,65536,147298700,444919.066,2145.767,1,5498.224,171700,9729,5633,0,0,0,65536,4609,65536,131072,16,32,0,88,0,direct,1,65536
windows,4eb1afa220937297b14b331fca9eded35cfb718e,64,1,1,0,zmq_copy_events,wake,65536,75138000,872208.470,4529.953,1,10754.506,357300,6687,0,4096,0,414898,65536,0,0,0,0,0,2580,128,6687,mailbox,3,26624896
windows,4eb1afa220937297b14b331fca9eded35cfb718e,64,1,1,0,zmq_copy_events,local,65536,53694200,1220541.511,1907.349,1,3665.663,148100,8016,9,0,0,0,65536,0,0,0,0,0,3911,128,8016,direct,1,65536
windows,4eb1afa220937297b14b331fca9eded35cfb718e,64,1,1,0,zmq_owned_events,wake,65536,77861300,841701.847,4768.372,1,11118.015,308600,7658,0,4096,0,432046,65536,0,0,0,0,0,3550,128,7658,mailbox,3,27716480
windows,4eb1afa220937297b14b331fca9eded35cfb718e,64,1,1,0,zmq_owned_events,local,65536,53506500,1224823.152,1430.511,1,3644.484,160300,7770,19,0,0,0,65536,0,0,0,0,0,3669,128,7770,direct,1,65536
windows,4eb1afa220937297b14b331fca9eded35cfb718e,64,8,1,0,copy,wake,524288,402745000,1301786.490,2920.628,1,7312.950,1023400,70340,19680,32768,1,13774,524288,0,0,0,0,0,0,80,0,mailbox,24,1405824
windows,4eb1afa220937297b14b331fca9eded35cfb718e,64,8,1,0,copy,local,524288,307471200,1705161.329,2294.779,1,5610.726,116800,45052,12279,0,0,0,524288,0,0,0,0,0,0,48,0,direct,8,524288
windows,4eb1afa220937297b14b331fca9eded35cfb718e,64,8,1,0,batch_sg,wake,524288,604832500,866831.726,4529.953,1,11200.943,1378700,100859,33460,32768,6,22634,524288,47629,524288,1048576,16,32,0,103,0,mailbox,24,1972864
windows,4eb1afa220937297b14b331fca9eded35cfb718e,64,8,1,0,batch_sg,local,524288,555903400,943127.889,3755.093,1,9077.665,327100,77813,45012,0,0,0,524288,36870,524288,1048576,16,32,0,104,0,direct,8,524288
windows,4eb1afa220937297b14b331fca9eded35cfb718e,64,8,1,0,zmq_copy_events,wake,524288,574904700,911956.364,4351.139,1,10560.157,2217300,88549,8,32768,3,98565,524288,0,0,0,0,0,3264,128,88549,mailbox,24,6833328
windows,4eb1afa220937297b14b331fca9eded35cfb718e,64,8,1,0,zmq_copy_events,local,524288,346492500,1513129.433,2533.197,1,6146.782,1637200,48194,25,0,0,0,524288,0,0,0,0,0,15379,128,48194,direct,8,524288
windows,4eb1afa220937297b14b331fca9eded35cfb718e,64,8,1,0,zmq_owned_events,wake,524288,496335800,1056317.114,3755.093,1,9178.649,1462900,76953,10,32768,7,10687,524288,0,0,0,0,0,5498,128,76953,mailbox,24,1208509
windows,4eb1afa220937297b14b331fca9eded35cfb718e,64,8,1,0,zmq_owned_events,local,524288,351232000,1492711.370,2533.197,1,6243.899,1667500,46586,76,0,0,0,524288,0,0,0,0,0,13728,128,46586,direct,8,524288
windows,4eb1afa220937297b14b331fca9eded35cfb718e,65536,1,1,0,copy,wake,1024,204492800,5007.511,549316.406,1,1312980.775,53852800,1036,864,64,0,1133819,2026,0,0,0,0,0,0,127,0,mailbox,3,72565440
windows,4eb1afa220937297b14b331fca9eded35cfb718e,65536,1,1,0,copy,local,1024,160170800,6393.175,152587.891,1,382334.966,21224000,1005,838,0,0,0,2026,0,0,0,0,0,0,126,0,direct,1,1024
windows,4eb1afa220937297b14b331fca9eded35cfb718e,65536,1,1,0,sg,wake,1024,126704400,8081.803,335693.359,1,845057.528,20582200,1087,1085,64,0,652517,1024,0,0,0,0,0,0,2,0,mailbox,3,41762112
windows,4eb1afa220937297b14b331fca9eded35cfb718e,65536,1,1,0,sg,local,1024,117906700,8684.833,106811.523,1,281536.127,2116100,1024,1023,0,0,0,1024,0,0,0,0,0,0,2,0,direct,1,1024
windows,4eb1afa220937297b14b331fca9eded35cfb718e,65536,1,1,0,zmq_copy_events,wake,1024,154726100,6618.147,442504.883,1,1132929.404,25401000,64,0,64,0,793052,1024,0,0,0,0,0,0,16,64,mailbox,3,50756352
windows,4eb1afa220937297b14b331fca9eded35cfb718e,65536,1,1,0,zmq_copy_events,local,1024,129396400,7913.667,152587.891,1,394598.243,1750700,63,0,0,0,0,1024,0,0,0,0,0,0,16,63,direct,1,1024
windows,4eb1afa220937297b14b331fca9eded35cfb718e,65536,1,1,0,zmq_owned_events,wake,1024,140424600,7292.170,396728.516,1,1044353.103,22592200,78,0,64,0,745440,1024,0,0,0,0,0,0,32,78,mailbox,3,47709184
windows,4eb1afa220937297b14b331fca9eded35cfb718e,65536,1,1,0,zmq_owned_events,local,1024,109239000,9373.942,137329.102,1,338081.142,4662900,64,0,0,0,0,1024,0,0,0,0,0,0,32,64,direct,1,1024
windows,4eb1afa220937297b14b331fca9eded35cfb718e,65536,8,1,0,copy,wake,8192,561015800,14602.084,265121.460,1,639779.889,152639700,8470,2641,512,0,90229,16126,0,0,0,0,0,0,127,0,mailbox,24,5782848
windows,4eb1afa220937297b14b331fca9eded35cfb718e,65536,8,1,0,copy,local,8192,553736100,14794.051,249862.671,1,625060.991,141965500,8040,6680,0,0,0,16208,0,0,0,0,0,0,127,0,direct,8,8192
windows,4eb1afa220937297b14b331fca9eded35cfb718e,65536,8,1,0,sg,wake,8192,463553300,17672.186,221252.441,1,548011.645,90301400,8566,8323,512,0,128,8540,0,0,0,0,0,0,4,0,mailbox,24,16384
windows,4eb1afa220937297b14b331fca9eded35cfb718e,65536,8,1,0,sg,local,8192,495182500,16543.396,225067.139,1,526085.719,33643100,8192,8184,0,0,0,8192,0,0,0,0,0,0,2,0,direct,8,8192
windows,4eb1afa220937297b14b331fca9eded35cfb718e,65536,8,1,0,zmq_copy_events,wake,8192,519201300,15778.081,251770.020,1,614030.167,98614000,749,0,512,0,108,8192,0,0,0,0,0,0,32,749,mailbox,24,15104
windows,4eb1afa220937297b14b331fca9eded35cfb718e,65536,8,1,0,zmq_copy_events,local,8192,521747100,15701.093,240325.928,1,592697.999,185590300,690,175,0,0,0,8192,0,0,0,0,0,0,92,690,direct,8,8192
windows,4eb1afa220937297b14b331fca9eded35cfb718e,65536,8,1,0,zmq_owned_events,wake,8192,504767400,16229.257,240325.928,1,589518.965,107470900,1386,37,512,0,40611,8192,0,0,0,0,0,0,127,1386,mailbox,24,2607296
windows,4eb1afa220937297b14b331fca9eded35cfb718e,65536,8,1,0,zmq_owned_events,local,8192,532846400,15374.036,236511.230,1,571333.951,187227600,512,0,0,0,0,8192,0,0,0,0,0,0,32,512,direct,8,8192
windows,4eb1afa220937297b14b331fca9eded35cfb718e,65536,8,2,0,sg,local,8192,458061400,17884.065,225067.139,1,539850.725,49902300,8192,8184,0,0,0,8192,0,0,0,0,0,0,2,0,direct,8,8192
windows,4eb1afa220937297b14b331fca9eded35cfb718e,65536,8,2,0,sg,wake,8192,466849700,17547.403,223159.790,1,550667.491,83040200,8554,8334,512,0,8228,8651,0,0,0,0,0,0,3,0,mailbox,24,534784
windows,4eb1afa220937297b14b331fca9eded35cfb718e,65536,8,2,0,zmq_copy_events,local,8192,510372000,16051.037,240325.928,1,588452.961,207976700,512,0,0,0,0,8192,0,0,0,0,0,0,32,512,direct,8,8192
windows,4eb1afa220937297b14b331fca9eded35cfb718e,65536,8,2,0,zmq_copy_events,wake,8192,515922700,15878.348,244140.625,1,602888.022,81301600,618,0,512,0,25002,8192,0,0,0,0,0,0,32,618,mailbox,24,1608320
windows,4eb1afa220937297b14b331fca9eded35cfb718e,65536,8,2,0,zmq_owned_events,local,8192,513846700,15942.498,238418.579,1,568841.191,195416100,512,0,0,0,0,8192,0,0,0,0,0,0,32,512,direct,8,8192
windows,4eb1afa220937297b14b331fca9eded35cfb718e,65536,8,2,0,zmq_owned_events,wake,8192,502019500,16318.091,244140.625,1,590156.726,93195500,1638,41,512,0,93,8192,0,0,0,0,0,0,127,1638,mailbox,24,14144
windows,4eb1afa220937297b14b331fca9eded35cfb718e,65536,8,2,0,copy,local,8192,538134500,15222.960,238418.579,1,606541.387,279707100,8040,6714,0,0,0,16208,0,0,0,0,0,0,127,0,direct,8,8192
windows,4eb1afa220937297b14b331fca9eded35cfb718e,65536,8,2,0,copy,wake,8192,499111200,16413.176,238418.579,1,581680.540,105018400,8458,2312,512,0,79,16150,0,0,0,0,0,0,127,0,mailbox,24,13248
windows,4eb1afa220937297b14b331fca9eded35cfb718e,65536,1,2,0,sg,local,1024,116412500,8796.306,106811.523,1,278155.749,2066100,1024,1023,0,0,0,1024,0,0,0,0,0,0,2,0,direct,1,1024
windows,4eb1afa220937297b14b331fca9eded35cfb718e,65536,1,2,0,sg,wake,1024,153152000,6686.168,427246.094,1,1035616.599,20487000,1088,1086,64,0,924326,1024,0,0,0,0,0,0,2,0,mailbox,3,59157888
windows,4eb1afa220937297b14b331fca9eded35cfb718e,65536,1,2,0,zmq_copy_events,local,1024,107392400,9535.125,122070.312,1,323239.722,3300600,64,0,0,0,0,1024,0,0,0,0,0,0,32,64,direct,1,1024
windows,4eb1afa220937297b14b331fca9eded35cfb718e,65536,1,2,0,zmq_copy_events,wake,1024,116632800,8779.691,335693.359,1,851024.973,22846200,73,0,64,0,534911,1024,0,0,0,0,0,0,32,73,mailbox,3,34235328
windows,4eb1afa220937297b14b331fca9eded35cfb718e,65536,1,2,0,zmq_owned_events,local,1024,112215700,9125.283,167846.680,1,334207.283,5196000,64,0,0,0,0,1024,0,0,0,0,0,0,32,64,direct,1,1024
windows,4eb1afa220937297b14b331fca9eded35cfb718e,65536,1,2,0,zmq_owned_events,wake,1024,113207000,9045.377,350952.148,1,826647.698,21981400,78,0,64,0,517665,1024,0,0,0,0,0,0,32,78,mailbox,3,33131584
windows,4eb1afa220937297b14b331fca9eded35cfb718e,65536,1,2,0,copy,local,1024,133937300,7645.368,137329.102,1,319356.902,18920100,1005,820,0,0,0,2026,0,0,0,0,0,0,126,0,direct,1,1024
windows,4eb1afa220937297b14b331fca9eded35cfb718e,65536,1,2,0,copy,wake,1024,149450000,6851.790,396728.516,1,946508.211,43352200,1063,867,64,0,766421,2026,0,0,0,0,0,0,126,0,mailbox,3,49051968
windows,4eb1afa220937297b14b331fca9eded35cfb718e,64,8,2,0,batch_sg,local,524288,567787700,923387.386,3665.686,1,9054.476,325600,77817,45017,0,0,0,524288,36869,524288,1048576,16,32,0,104,0,direct,8,524288
windows,4eb1afa220937297b14b331fca9eded35cfb718e,64,8,2,0,batch_sg,wake,524288,584666600,896729.863,4470.348,1,10803.771,1504000,91848,37585,32768,0,67875,524288,43513,524288,1048576,16,32,0,111,0,mailbox,24,4868288
windows,4eb1afa220937297b14b331fca9eded35cfb718e,64,8,2,0,zmq_copy_events,local,524288,342156700,1532303.766,2563.000,1,6198.498,1701800,45791,32,0,0,0,524288,0,0,0,0,0,12976,128,45791,direct,8,524288
windows,4eb1afa220937297b14b331fca9eded35cfb718e,64,8,2,0,zmq_copy_events,wake,524288,524561200,999479.184,4023.314,1,9704.121,1820500,81817,22,32768,4,10979,524288,0,0,0,0,0,4318,128,81817,mailbox,24,1227676
windows,4eb1afa220937297b14b331fca9eded35cfb718e,64,8,2,0,zmq_owned_events,local,524288,349296000,1500984.838,2473.593,1,6199.144,1608400,47686,19,0,0,0,524288,0,0,0,0,0,14889,128,47686,direct,8,524288
windows,4eb1afa220937297b14b331fca9eded35cfb718e,64,8,2,0,zmq_owned_events,wake,524288,544742200,962451.596,4172.325,1,10073.420,2000100,85989,12,32768,9,8849,524288,0,0,0,0,0,3890,128,85989,mailbox,24,1091422
windows,4eb1afa220937297b14b331fca9eded35cfb718e,64,8,2,0,copy,local,524288,306691600,1709495.793,2324.581,1,5628.818,117200,45050,12277,0,0,0,524288,0,0,0,0,0,0,48,0,direct,8,524288
windows,4eb1afa220937297b14b331fca9eded35cfb718e,64,8,2,0,copy,wake,524288,381289100,1375040.619,2861.023,1,7023.904,1363100,64091,19377,32768,2,80248,524288,0,0,0,0,0,0,80,0,mailbox,24,5660160
windows,4eb1afa220937297b14b331fca9eded35cfb718e,64,1,2,0,batch_sg,local,65536,148648100,440880.173,2384.186,1,5547.991,172900,9729,5633,0,0,0,65536,4609,65536,131072,16,32,0,88,0,direct,1,65536
windows,4eb1afa220937297b14b331fca9eded35cfb718e,64,1,2,0,batch_sg,wake,65536,206234700,317773.876,9298.325,1,23044.640,502000,13309,9212,4096,0,1394851,65536,4609,65536,131072,16,32,0,102,0,mailbox,3,89340160
windows,4eb1afa220937297b14b331fca9eded35cfb718e,64,1,2,0,zmq_copy_events,local,65536,53548700,1223857.909,1668.930,1,3657.170,117500,7685,16,0,0,0,65536,0,0,0,0,0,3584,128,7685,direct,1,65536
windows,4eb1afa220937297b14b331fca9eded35cfb718e,64,1,2,0,zmq_copy_events,wake,65536,75949300,862891.429,4768.372,1,10857.410,347700,6890,0,4096,0,411719,65536,0,0,0,0,0,2785,128,6890,mailbox,3,26426432
windows,4eb1afa220937297b14b331fca9eded35cfb718e,64,1,2,0,zmq_owned_events,local,65536,53548100,1223871.622,1907.349,1,3645.779,127100,7864,26,0,0,0,65536,0,0,0,0,0,3762,128,7864,direct,1,65536
windows,4eb1afa220937297b14b331fca9eded35cfb718e,64,1,2,0,zmq_owned_events,wake,65536,74507900,879584.581,4291.534,1,10774.584,360100,5798,1,4096,0,404437,65536,0,0,0,0,0,1691,128,5798,mailbox,3,25957423
windows,4eb1afa220937297b14b331fca9eded35cfb718e,64,1,2,0,copy,local,65536,90757100,722103.284,1430.511,1,3387.707,67300,5633,1537,0,0,0,65536,0,0,0,0,0,0,48,0,direct,1,65536
windows,4eb1afa220937297b14b331fca9eded35cfb718e,64,1,2,0,copy,wake,65536,108839500,602134.335,5006.790,1,12152.728,344300,6657,2560,4096,0,740246,65536,0,0,0,0,0,0,80,0,mailbox,3,47445632
windows,4eb1afa220937297b14b331fca9eded35cfb718e,64,1,3,0,zmq_copy_events,wake,65536,77014100,850961.058,4529.953,1,10993.835,335500,7365,0,4096,0,420173,65536,0,0,0,0,0,3255,128,7365,mailbox,3,26968320
windows,4eb1afa220937297b14b331fca9eded35cfb718e,64,1,3,0,zmq_copy_events,local,65536,53173700,1232488.994,1430.511,1,3630.104,133200,7961,13,0,0,0,65536,0,0,0,0,0,3858,128,7961,direct,1,65536
windows,4eb1afa220937297b14b331fca9eded35cfb718e,64,1,3,0,zmq_owned_events,wake,65536,75536400,867608.199,4768.372,1,10813.389,316800,7067,0,4096,0,418140,65536,0,0,0,0,0,2956,128,7067,mailbox,3,26826496
windows,4eb1afa220937297b14b331fca9eded35cfb718e,64,1,3,0,zmq_owned_events,local,65536,52825200,1240620.007,1430.511,1,3610.878,115900,7732,28,0,0,0,65536,0,0,0,0,0,3627,128,7732,direct,1,65536
windows,4eb1afa220937297b14b331fca9eded35cfb718e,64,1,3,0,copy,wake,65536,106899500,613061.801,4291.534,1,11938.352,336700,6656,2560,4096,0,738777,65536,0,0,0,0,0,0,80,0,mailbox,3,47347264
windows,4eb1afa220937297b14b331fca9eded35cfb718e,64,1,3,0,copy,local,65536,91359600,717341.144,1430.511,1,3411.962,67700,5633,1537,0,0,0,65536,0,0,0,0,0,0,48,0,direct,1,65536
windows,4eb1afa220937297b14b331fca9eded35cfb718e,64,1,3,0,batch_sg,wake,65536,216771800,302327.148,10013.580,1,24150.040,530300,13306,9210,4096,0,1498830,65536,4609,65536,131072,16,32,0,102,0,mailbox,3,95990656
windows,4eb1afa220937297b14b331fca9eded35cfb718e,64,1,3,0,batch_sg,local,65536,147463700,444421.237,2145.767,1,5504.146,172100,9729,5633,0,0,0,65536,4609,65536,131072,16,32,0,88,0,direct,1,65536
windows,4eb1afa220937297b14b331fca9eded35cfb718e,64,8,3,0,zmq_copy_events,wake,524288,511769100,1024462.008,3814.697,1,9468.899,1691400,79164,6,32768,4,9740,524288,0,0,0,0,0,4121,128,79164,mailbox,24,1147964
windows,4eb1afa220937297b14b331fca9eded35cfb718e,64,8,3,0,zmq_copy_events,local,524288,347865000,1507159.387,2533.197,1,6298.250,1558600,45048,18,0,0,0,524288,0,0,0,0,0,12262,128,45048,direct,8,524288
windows,4eb1afa220937297b14b331fca9eded35cfb718e,64,8,3,0,zmq_owned_events,wake,524288,534802800,980338.921,3963.709,1,9819.811,1799100,80304,10,32768,3,9790,524288,0,0,0,0,0,3939,128,80304,mailbox,24,1151088
windows,4eb1afa220937297b14b331fca9eded35cfb718e,64,8,3,0,zmq_owned_events,local,524288,366357300,1431083.808,2682.209,1,6230.200,1537600,47712,28,0,0,0,524288,0,0,0,0,0,14916,128,47712,direct,8,524288
windows,4eb1afa220937297b14b331fca9eded35cfb718e,64,8,3,0,copy,wake,524288,394290800,1329698.791,2980.232,1,7282.653,1020600,70746,19630,32768,2,12650,524288,0,0,0,0,0,0,80,0,mailbox,24,1333979
windows,4eb1afa220937297b14b331fca9eded35cfb718e,64,8,3,0,copy,local,524288,308516900,1699381.784,2294.779,1,5582.453,117600,45046,12272,0,0,0,524288,0,0,0,0,0,0,48,0,direct,8,524288
windows,4eb1afa220937297b14b331fca9eded35cfb718e,64,8,3,0,batch_sg,wake,524288,601442600,871717.434,4619.360,1,11099.799,1330000,100450,33167,32768,1,21227,524288,47547,524288,1048576,16,32,0,104,0,mailbox,24,1882923
windows,4eb1afa220937297b14b331fca9eded35cfb718e,64,8,3,0,batch_sg,local,524288,504252400,1039733.276,3874.302,1,9368.954,328500,77812,44995,0,0,0,524288,36868,524288,1048576,16,32,0,104,0,direct,8,524288
windows,4eb1afa220937297b14b331fca9eded35cfb718e,65536,1,3,0,zmq_copy_events,wake,1024,123314000,8304.004,335693.359,1,899335.883,22621900,65,0,64,0,604078,1024,0,0,0,0,0,0,32,65,mailbox,3,38662016
windows,4eb1afa220937297b14b331fca9eded35cfb718e,65536,1,3,0,zmq_copy_events,local,1024,104068800,9839.645,137329.102,1,312732.670,3055700,64,0,0,0,0,1024,0,0,0,0,0,0,32,64,direct,1,1024
windows,4eb1afa220937297b14b331fca9eded35cfb718e,65536,1,3,0,zmq_owned_events,wake,1024,137542100,7444.993,396728.516,1,1003440.995,22079600,77,0,64,0,737019,1024,0,0,0,0,0,0,32,77,mailbox,3,47170240
windows,4eb1afa220937297b14b331fca9eded35cfb718e,65536,1,3,0,zmq_owned_events,local,1024,101527500,10085.937,91552.734,1,303075.909,3174200,64,0,0,0,0,1024,0,0,0,0,0,0,32,64,direct,1,1024
windows,4eb1afa220937297b14b331fca9eded35cfb718e,65536,1,3,0,copy,wake,1024,162823200,6289.030,442504.883,1,1015325.536,45500000,1059,872,64,0,854008,2026,0,0,0,0,0,0,126,0,mailbox,3,54657536
windows,4eb1afa220937297b14b331fca9eded35cfb718e,65536,1,3,0,copy,local,1024,133298600,7682.001,152587.891,1,318386.973,17978400,1005,820,0,0,0,2026,0,0,0,0,0,0,126,0,direct,1,1024
windows,4eb1afa220937297b14b331fca9eded35cfb718e,65536,1,3,0,sg,wake,1024,152703500,6705.806,427246.094,1,1022731.256,21364700,1088,1086,64,0,902690,1024,0,0,0,0,0,0,2,0,mailbox,3,57773184
windows,4eb1afa220937297b14b331fca9eded35cfb718e,65536,1,3,0,sg,local,1024,118930700,8610.056,106811.523,1,283930.521,2114800,1024,1023,0,0,0,1024,0,0,0,0,0,0,2,0,direct,1,1024
windows,4eb1afa220937297b14b331fca9eded35cfb718e,65536,8,3,0,zmq_copy_events,wake,8192,509187700,16088.370,244140.625,1,601285.825,94871900,665,0,512,0,125,8192,0,0,0,0,0,0,32,665,mailbox,24,16192
windows,4eb1afa220937297b14b331fca9eded35cfb718e,65536,8,3,0,zmq_copy_events,local,8192,506301200,16180.092,244140.625,1,599339.617,219268700,512,0,0,0,0,8192,0,0,0,0,0,0,32,512,direct,8,8192
windows,4eb1afa220937297b14b331fca9eded35cfb718e,65536,8,3,0,zmq_owned_events,wake,8192,501356600,16339.667,244140.625,1,590348.979,109693500,1601,118,512,0,99,8192,0,0,0,0,0,0,127,1601,mailbox,24,14528
windows,4eb1afa220937297b14b331fca9eded35cfb718e,65536,8,3,0,zmq_owned_events,local,8192,500595400,16364.513,236511.230,1,589747.858,211967000,512,0,0,0,0,8192,0,0,0,0,0,0,32,512,direct,8,8192
windows,4eb1afa220937297b14b331fca9eded35cfb718e,65536,8,3,0,copy,wake,8192,508703800,16103.674,238418.579,1,586957.208,215764400,8474,2500,512,0,32813,16152,0,0,0,0,0,1,128,0,mailbox,24,2108224
windows,4eb1afa220937297b14b331fca9eded35cfb718e,65536,8,3,0,copy,local,8192,528875100,15489.479,232696.533,1,584962.403,234917600,8040,6671,0,0,0,16208,0,0,0,0,0,0,127,0,direct,8,8192
windows,4eb1afa220937297b14b331fca9eded35cfb718e,65536,8,3,0,sg,wake,8192,463441900,17676.434,226974.487,1,547220.802,96791100,8558,8319,512,0,2186,8498,0,0,0,0,0,0,3,0,mailbox,24,148096
windows,4eb1afa220937297b14b331fca9eded35cfb718e,65536,8,3,0,sg,local,8192,460446200,17791.438,221252.441,1,542563.058,36557700,8192,8184,0,0,0,8192,0,0,0,0,0,0,2,0,direct,8,8192
windows,4eb1afa220937297b14b331fca9eded35cfb718e,65536,8,4,0,zmq_owned_events,local,8192,506708300,16167.093,238418.579,1,582596.636,233266300,512,0,0,0,0,8192,0,0,0,0,0,0,32,512,direct,8,8192
windows,4eb1afa220937297b14b331fca9eded35cfb718e,65536,8,4,0,zmq_owned_events,wake,8192,498570900,16430.963,244140.625,1,586983.810,111740100,1281,72,512,0,862,8192,0,0,0,0,0,0,127,1281,mailbox,24,63360
windows,4eb1afa220937297b14b331fca9eded35cfb718e,65536,8,4,0,copy,local,8192,523129400,15659.605,246047.974,1,586044.102,185460900,8040,6670,0,0,0,16208,0,0,0,0,0,0,127,0,direct,8,8192
windows,4eb1afa220937297b14b331fca9eded35cfb718e,65536,8,4,0,copy,wake,8192,505925100,16192.120,236511.230,1,582187.696,153822600,8470,2732,512,0,27380,16157,0,0,0,0,0,1,128,0,mailbox,24,1760512
windows,4eb1afa220937297b14b331fca9eded35cfb718e,65536,8,4,0,sg,local,8192,457678000,17899.047,221252.441,1,542748.318,42744900,8192,8184,0,0,0,8192,0,0,0,0,0,0,2,0,direct,8,8192
windows,4eb1afa220937297b14b331fca9eded35cfb718e,65536,8,4,0,sg,wake,8192,462062900,17729.188,225067.139,1,545357.970,94887100,8554,8332,512,0,3833,8600,0,0,0,0,0,0,3,0,mailbox,24,253504
windows,4eb1afa220937297b14b331fca9eded35cfb718e,65536,8,4,0,zmq_copy_events,local,8192,545528900,15016.620,257492.065,1,614750.788,232915600,9673,9158,0,0,0,8192,0,0,0,0,0,0,94,9673,direct,8,8192
windows,4eb1afa220937297b14b331fca9eded35cfb718e,65536,8,4,0,zmq_copy_events,wake,8192,512008800,15999.725,251770.020,1,603749.817,111335400,699,0,512,0,120,8192,0,0,0,0,0,0,32,699,mailbox,24,15872
windows,4eb1afa220937297b14b331fca9eded35cfb718e,65536,1,4,0,zmq_owned_events,local,1024,99729000,10267.826,91552.734,1,299385.407,2838500,64,0,0,0,0,1024,0,0,0,0,0,0,32,64,direct,1,1024
windows,4eb1afa220937297b14b331fca9eded35cfb718e,65536,1,4,0,zmq_owned_events,wake,1024,96091200,10656.543,289916.992,1,686299.198,21102400,88,3,64,0,335057,1024,0,0,0,0,0,0,111,88,mailbox,3,21444672
windows,4eb1afa220937297b14b331fca9eded35cfb718e,65536,1,4,0,copy,local,1024,128508000,7968.376,137329.102,1,306967.556,17259600,1005,820,0,0,0,2026,0,0,0,0,0,0,126,0,direct,1,1024
windows,4eb1afa220937297b14b331fca9eded35cfb718e,65536,1,4,0,copy,wake,1024,148769600,6883.127,366210.938,1,935427.613,42844800,1064,876,64,0,772569,2026,0,0,0,0,0,0,126,0,mailbox,3,49445440
windows,4eb1afa220937297b14b331fca9eded35cfb718e,65536,1,4,0,sg,local,1024,117119900,8743.177,106811.523,1,279822.108,2088100,1024,1023,0,0,0,1024,0,0,0,0,0,0,2,0,direct,1,1024
windows,4eb1afa220937297b14b331fca9eded35cfb718e,65536,1,4,0,sg,wake,1024,152059800,6734.193,427246.094,1,1023209.172,20471900,1087,1085,64,0,909769,1024,0,0,0,0,0,0,2,0,mailbox,3,58226240
windows,4eb1afa220937297b14b331fca9eded35cfb718e,65536,1,4,0,zmq_copy_events,local,1024,105655900,9691.839,122070.312,1,316713.824,3657400,64,0,0,0,0,1024,0,0,0,0,0,0,32,64,direct,1,1024
windows,4eb1afa220937297b14b331fca9eded35cfb718e,65536,1,4,0,zmq_copy_events,wake,1024,121506100,8427.560,366210.938,1,890257.885,22638700,65,0,64,0,593229,1024,0,0,0,0,0,0,32,65,mailbox,3,37967680
windows,4eb1afa220937297b14b331fca9eded35cfb718e,64,8,4,0,zmq_owned_events,local,524288,319314800,1641915.752,2384.186,1,5891.656,1593100,41826,9,0,0,0,524288,0,0,0,0,0,9026,128,41826,direct,8,524288
windows,4eb1afa220937297b14b331fca9eded35cfb718e,64,8,4,0,zmq_owned_events,wake,524288,523793700,1000943.692,3933.907,1,9687.207,1651300,79277,3,32768,2,10205,524288,0,0,0,0,0,4340,128,79277,mailbox,24,1177807
windows,4eb1afa220937297b14b331fca9eded35cfb718e,64,8,4,0,copy,local,524288,303697500,1726349.410,2354.383,1,5650.994,116800,45052,12280,0,0,0,524288,0,0,0,0,0,0,48,0,direct,8,524288
windows,4eb1afa220937297b14b331fca9eded35cfb718e,64,8,4,0,copy,wake,524288,398766300,1314775.095,3039.837,1,7321.723,1228100,66419,19539,32768,3,105925,524288,0,0,0,0,0,0,96,0,mailbox,24,7303488
windows,4eb1afa220937297b14b331fca9eded35cfb718e,64,8,4,0,batch_sg,local,524288,504645400,1038923.569,3904.104,1,9367.030,330700,77811,45004,0,0,0,524288,36870,524288,1048576,16,32,0,104,0,direct,8,524288
windows,4eb1afa220937297b14b331fca9eded35cfb718e,64,8,4,0,batch_sg,wake,524288,603218000,869151.783,4589.558,1,11081.119,1580600,96319,38843,32768,2,145963,524288,44495,524288,1048576,16,32,0,104,0,mailbox,24,9865920
windows,4eb1afa220937297b14b331fca9eded35cfb718e,64,8,4,0,zmq_copy_events,local,524288,335210400,1564056.485,2413.988,1,5978.740,2013100,43861,38,0,0,0,524288,0,0,0,0,0,11035,128,43861,direct,8,524288
windows,4eb1afa220937297b14b331fca9eded35cfb718e,64,8,4,0,zmq_copy_events,wake,524288,536176700,977826.899,4053.116,1,9919.918,1975700,85211,0,32768,3,8988,524288,0,0,0,0,0,3209,128,85211,mailbox,24,1099822
windows,4eb1afa220937297b14b331fca9eded35cfb718e,64,1,4,0,zmq_owned_events,local,65536,54013100,1213335.283,1430.511,1,3688.726,131200,7769,15,0,0,0,65536,0,0,0,0,0,3666,128,7769,direct,1,65536
windows,4eb1afa220937297b14b331fca9eded35cfb718e,64,1,4,0,zmq_owned_events,wake,65536,77776000,842624.974,4291.534,1,11136.441,314400,7420,1,4096,0,428482,65536,0,0,0,0,0,3311,128,7420,mailbox,3,27488384
windows,4eb1afa220937297b14b331fca9eded35cfb718e,64,1,4,0,copy,local,65536,91494600,716282.710,1430.511,1,3413.591,67900,5633,1537,0,0,0,65536,0,0,0,0,0,0,48,0,direct,1,65536
windows,4eb1afa220937297b14b331fca9eded35cfb718e,64,1,4,0,copy,wake,65536,109106100,600663.024,5006.790,1,12181.310,344400,6656,2560,4096,0,744514,65536,0,0,0,0,0,0,80,0,mailbox,3,47714432
windows,4eb1afa220937297b14b331fca9eded35cfb718e,64,1,4,0,batch_sg,local,65536,148323300,441845.617,2145.767,1,5534.918,172100,9729,5633,0,0,0,65536,4609,65536,131072,16,32,0,88,0,direct,1,65536
windows,4eb1afa220937297b14b331fca9eded35cfb718e,64,1,4,0,batch_sg,wake,65536,210734400,310988.619,9298.325,1,23549.039,501100,13308,9212,4096,0,1423129,65536,4609,65536,131072,16,32,0,102,0,mailbox,3,91146560
windows,4eb1afa220937297b14b331fca9eded35cfb718e,64,1,4,0,zmq_copy_events,local,65536,53979900,1214081.538,1907.349,1,3688.504,141900,7809,6,0,0,0,65536,0,0,0,0,0,3703,128,7809,direct,1,65536
windows,4eb1afa220937297b14b331fca9eded35cfb718e,64,1,4,0,zmq_copy_events,wake,65536,78124100,838870.464,4529.953,1,11126.322,349000,6977,2,4096,0,431611,65536,0,0,0,0,0,2869,128,6977,mailbox,3,27688640
windows,4eb1afa220937297b14b331fca9eded35cfb718e,64,1,5,0,copy,wake,65536,108901400,601792.080,5006.790,1,12167.474,341600,6656,2560,4096,0,749456,65536,0,0,0,0,0,0,80,0,mailbox,3,48030720
windows,4eb1afa220937297b14b331fca9eded35cfb718e,64,1,5,0,copy,local,65536,92008600,712281.243,1430.511,1,3435.005,67800,5633,1537,0,0,0,65536,0,0,0,0,0,0,48,0,direct,1,65536
windows,4eb1afa220937297b14b331fca9eded35cfb718e,64,1,5,0,batch_sg,wake,65536,195150000,335823.725,8583.069,1,21784.121,489100,13309,9212,4096,0,1270808,65536,4609,65536,131072,16,32,0,102,0,mailbox,3,81398848
windows,4eb1afa220937297b14b331fca9eded35cfb718e,64,1,5,0,batch_sg,local,65536,148595100,441037.423,2145.767,1,5546.062,157100,9729,5633,0,0,0,65536,4609,65536,131072,16,32,0,88,0,direct,1,65536
windows,4eb1afa220937297b14b331fca9eded35cfb718e,64,1,5,0,zmq_copy_events,wake,65536,79620400,823105.636,4768.372,1,11380.072,361100,7278,4,4096,0,439260,65536,0,0,0,0,0,3168,128,7278,mailbox,3,28178176
windows,4eb1afa220937297b14b331fca9eded35cfb718e,64,1,5,0,zmq_copy_events,local,65536,52915200,1238509.918,1430.511,1,3605.732,134700,8119,7,0,0,0,65536,0,0,0,0,0,4013,128,8119,direct,1,65536
windows,4eb1afa220937297b14b331fca9eded35cfb718e,64,1,5,0,zmq_owned_events,wake,65536,78212400,837923.398,4768.372,1,11167.581,318100,7397,0,4096,0,431127,65536,0,0,0,0,0,3289,128,7397,mailbox,3,27657728
windows,4eb1afa220937297b14b331fca9eded35cfb718e,64,1,5,0,zmq_owned_events,local,65536,54322000,1206435.698,1430.511,1,3695.924,160800,8090,3,0,0,0,65536,0,0,0,0,0,3983,128,8090,direct,1,65536
windows,4eb1afa220937297b14b331fca9eded35cfb718e,64,8,5,0,copy,wake,524288,377961500,1387146.574,2861.023,1,6960.747,1362500,63291,19389,32768,2,88625,524288,0,0,0,0,0,0,80,0,mailbox,24,6196288
windows,4eb1afa220937297b14b331fca9eded35cfb718e,64,8,5,0,copy,local,524288,303375500,1728181.742,2354.383,1,5628.698,115600,45052,12280,0,0,0,524288,0,0,0,0,0,0,48,0,direct,8,524288
windows,4eb1afa220937297b14b331fca9eded35cfb718e,64,8,5,0,batch_sg,wake,524288,622413200,842347.174,4738.569,1,11390.712,1590100,97314,37272,32768,0,213560,524288,45326,524288,1048576,16,32,0,104,0,mailbox,24,14192128
windows,4eb1afa220937297b14b331fca9eded35cfb718e,64,8,5,0,batch_sg,local,524288,515144000,1017750.377,3784.895,1,9332.074,336100,77811,45008,0,0,0,524288,36871,524288,1048576,16,32,0,104,0,direct,8,524288
windows,4eb1afa220937297b14b331fca9eded35cfb718e,64,8,5,0,zmq_copy_events,wake,524288,534997600,979981.966,4053.116,1,9891.342,1986500,83777,9,32768,9,9014,524288,0,0,0,0,0,4026,128,83777,mailbox,24,1101799
windows,4eb1afa220937297b14b331fca9eded35cfb718e,64,8,5,0,zmq_copy_events,local,524288,333142900,1573763.091,2503.395,1,6154.599,1550200,44196,14,0,0,0,524288,0,0,0,0,0,11396,128,44196,direct,8,524288
windows,4eb1afa220937297b14b331fca9eded35cfb718e,64,8,5,0,zmq_owned_events,wake,524288,577336300,908115.426,4261.732,1,10426.653,2175600,86100,2,32768,3,13625,524288,0,0,0,0,0,3376,128,86100,mailbox,24,1396668
windows,4eb1afa220937297b14b331fca9eded35cfb718e,64,8,5,0,zmq_owned_events,local,524288,351379500,1492084.769,2503.395,1,6156.938,1278000,47680,24,0,0,0,524288,0,0,0,0,0,14878,128,47680,direct,8,524288
windows,4eb1afa220937297b14b331fca9eded35cfb718e,65536,1,5,0,copy,wake,1024,148432600,6898.754,396728.516,1,939573.273,42956400,1060,874,64,0,767514,2026,0,0,0,0,0,0,126,0,mailbox,3,49121920
windows,4eb1afa220937297b14b331fca9eded35cfb718e,65536,1,5,0,copy,local,1024,130378900,7854.032,122070.312,1,311322.502,15569600,1005,849,0,0,0,2026,0,0,0,0,0,0,126,0,direct,1,1024
windows,4eb1afa220937297b14b331fca9eded35cfb718e,65536,1,5,0,sg,wake,1024,140970600,7263.926,411987.305,1,944824.745,20374400,1088,1086,64,0,807454,1024,0,0,0,0,0,0,2,0,mailbox,3,51678080
windows,4eb1afa220937297b14b331fca9eded35cfb718e,65536,1,5,0,sg,local,1024,115629100,8855.902,106811.523,1,276219.893,2019400,1024,1023,0,0,0,1024,0,0,0,0,0,0,2,0,direct,1,1024
windows,4eb1afa220937297b14b331fca9eded35cfb718e,65536,1,5,0,zmq_copy_events,wake,1024,126736200,8079.775,366210.938,1,924392.071,22951700,65,0,64,0,628790,1024,0,0,0,0,0,0,32,65,mailbox,3,40243584
windows,4eb1afa220937297b14b331fca9eded35cfb718e,65536,1,5,0,zmq_copy_events,local,1024,104258100,9821.779,122070.312,1,312506.902,3131300,64,0,0,0,0,1024,0,0,0,0,0,0,32,64,direct,1,1024
windows,4eb1afa220937297b14b331fca9eded35cfb718e,65536,1,5,0,zmq_owned_events,wake,1024,115961800,8830.494,350952.148,1,835039.028,21983100,78,0,64,0,510266,1024,0,0,0,0,0,0,32,78,mailbox,3,32658048
windows,4eb1afa220937297b14b331fca9eded35cfb718e,65536,1,5,0,zmq_owned_events,local,1024,99791800,10261.364,122070.312,1,298568.647,2852500,64,0,0,0,0,1024,0,0,0,0,0,0,32,64,direct,1,1024
windows,4eb1afa220937297b14b331fca9eded35cfb718e,65536,8,5,0,copy,wake,8192,502316400,16308.446,238418.579,1,579734.169,190184500,8469,2668,512,0,18356,16145,0,0,0,0,0,1,128,0,mailbox,24,1182976
windows,4eb1afa220937297b14b331fca9eded35cfb718e,65536,8,5,0,copy,local,8192,517996600,15814.776,242233.276,1,597288.510,192216500,8040,6672,0,0,0,16208,0,0,0,0,0,0,127,0,direct,8,8192
windows,4eb1afa220937297b14b331fca9eded35cfb718e,65536,8,5,0,sg,wake,8192,470467500,17412.467,225067.139,1,549524.520,87263800,8572,8350,512,0,32266,8645,0,0,0,0,0,0,4,0,mailbox,24,2073216
windows,4eb1afa220937297b14b331fca9eded35cfb718e,65536,8,5,0,sg,local,8192,464282900,17644.415,215530.396,1,520455.760,4169800,8192,8184,0,0,0,8192,0,0,0,0,0,0,2,0,direct,8,8192
windows,4eb1afa220937297b14b331fca9eded35cfb718e,65536,8,5,0,zmq_copy_events,wake,8192,505851100,16194.489,249862.671,1,600315.756,86798400,616,0,512,0,126,8192,0,0,0,0,0,0,32,616,mailbox,24,16256
windows,4eb1afa220937297b14b331fca9eded35cfb718e,65536,8,5,0,zmq_copy_events,local,8192,514224700,15930.779,246047.974,1,597401.728,167582700,512,0,0,0,0,8192,0,0,0,0,0,0,32,512,direct,8,8192
windows,4eb1afa220937297b14b331fca9eded35cfb718e,65536,8,5,0,zmq_owned_events,wake,8192,498401700,16436.541,242233.276,1,588267.309,81402100,1173,40,512,0,102,8192,0,0,0,0,0,0,127,1173,mailbox,24,14720
windows,4eb1afa220937297b14b331fca9eded35cfb718e,65536,8,5,0,zmq_owned_events,local,8192,496211400,16509.093,242233.276,1,587955.682,239935700,512,0,0,0,0,8192,0,0,0,0,0,0,32,512,direct,8,8192
macos,4eb1afa220937297b14b331fca9eded35cfb718e,64,1,1,0,copy,wake,65536,187616000,349309.227,5480.194,0,0.000,921000,10262,4624,4096,1,159089,65536,0,0,0,0,0,1510,128,0,mailbox,3,10249358
macos,4eb1afa220937297b14b331fca9eded35cfb718e,64,1,1,0,copy,local,65536,213473000,306999.012,1900.909,0,0.000,853000,10296,4657,0,0,0,65536,0,0,0,0,0,1542,128,0,direct,1,65536
macos,4eb1afa220937297b14b331fca9eded35cfb718e,64,1,1,0,batch_sg,wake,65536,229812000,285172.228,5013.077,0,0.000,1181000,14646,4566,4096,0,119477,65536,5001,65536,131072,16,32,3635,128,0,mailbox,3,7715988
macos,4eb1afa220937297b14b331fca9eded35cfb718e,64,1,1,0,batch_sg,local,65536,294483000,222545.953,2914.124,0,0.000,937000,14363,4643,0,0,0,65536,4609,65536,131072,16,32,5623,128,0,direct,1,65536
macos,4eb1afa220937297b14b331fca9eded35cfb718e,64,1,1,0,zmq_copy_events,wake,65536,332235000,197257.965,4414.352,0,0.000,4171000,4347,0,4096,0,44194,65536,0,0,0,0,0,10,128,4347,mailbox,3,2894144
macos,4eb1afa220937297b14b331fca9eded35cfb718e,64,1,1,0,zmq_copy_events,local,65536,179426000,365253.642,2581.512,0,0.000,917000,4212,0,0,0,0,65536,0,0,0,0,0,113,128,4212,direct,1,65536
macos,4eb1afa220937297b14b331fca9eded35cfb718e,64,1,1,0,zmq_owned_events,wake,65536,160154000,409206.139,5225.891,0,0.000,827000,4146,0,4096,0,74606,65536,0,0,0,0,0,41,128,4146,mailbox,3,4840448
macos,4eb1afa220937297b14b331fca9eded35cfb718e,64,1,1,0,zmq_owned_events,local,65536,185957000,352425.561,2791.595,0,0.000,535000,4115,0,0,0,0,65536,0,0,0,0,0,13,128,4115,direct,1,65536
macos,4eb1afa220937297b14b331fca9eded35cfb718e,64,8,1,0,copy,wake,524288,642365000,816183.945,2486.525,0,0.000,974000,102295,30584,32768,0,7979,524288,0,0,0,0,0,66,128,0,mailbox,24,1035003
macos,4eb1afa220937297b14b331fca9eded35cfb718e,64,8,1,0,copy,local,524288,410712000,1276534.409,1976.107,0,0.000,939000,82168,37128,0,0,0,524288,0,0,0,0,0,12264,128,0,direct,8,524288
macos,4eb1afa220937297b14b331fca9eded35cfb718e,64,8,1,0,batch_sg,wake,524288,798204000,656834.594,3327.103,0,0.000,864000,136278,44705,32768,1,8160,524288,47226,524288,1048576,16,32,0,127,0,mailbox,24,1046547
macos,4eb1afa220937297b14b331fca9eded35cfb718e,64,8,1,0,batch_sg,local,524288,594959000,881217.025,2847.353,0,0.000,2307000,114923,37191,0,0,0,524288,36874,524288,1048576,16,32,44935,128,0,direct,8,524288
macos,4eb1afa220937297b14b331fca9eded35cfb718e,64,8,1,0,zmq_copy_events,wake,524288,1352238000,387718.730,4946.287,0,0.000,1442000,52195,9,32768,0,8360,524288,0,0,0,0,0,53,128,52195,mailbox,24,1059489
macos,4eb1afa220937297b14b331fca9eded35cfb718e,64,8,1,0,zmq_copy_events,local,524288,748691000,700272.876,3639.511,0,0.000,3937000,41373,574,0,0,0,524288,0,0,0,0,0,7996,128,41373,direct,8,524288
macos,4eb1afa220937297b14b331fca9eded35cfb718e,64,8,1,0,zmq_owned_events,wake,524288,1459733000,359167.053,4759.644,0,0.000,1102000,53633,13,32768,0,8175,524288,0,0,0,0,0,23,128,53633,mailbox,24,1047488
macos,4eb1afa220937297b14b331fca9eded35cfb718e,64,8,1,0,zmq_owned_events,local,524288,722314000,725844.993,3556.770,0,0.000,7869000,45032,1896,0,0,184,524288,0,0,0,0,0,10182,128,45032,direct,8,536064
macos,4eb1afa220937297b14b331fca9eded35cfb718e,65536,1,1,0,copy,wake,1024,107004000,9569.736,142038.086,0,0.000,30705000,1103,949,64,0,26095,2038,0,0,0,0,0,2,128,0,mailbox,3,1671104
macos,4eb1afa220937297b14b331fca9eded35cfb718e,65536,1,1,0,copy,local,1024,124033000,8255.867,120531.250,0,0.000,19738000,1112,933,0,0,0,2038,0,0,0,0,0,0,127,0,direct,1,1024
macos,4eb1afa220937297b14b331fca9eded35cfb718e,65536,1,1,0,sg,wake,1024,103101000,9932.008,111224.609,0,0.000,17815000,1747,1646,64,0,18,2040,0,0,0,0,0,0,33,0,mailbox,3,2176
macos,4eb1afa220937297b14b331fca9eded35cfb718e,65536,1,1,0,sg,local,1024,136187000,7519.073,132473.633,0,0.000,10044000,2078,2073,0,0,0,2051,0,0,0,0,0,0,40,0,direct,1,1024
macos,4eb1afa220937297b14b331fca9eded35cfb718e,65536,1,1,0,zmq_copy_events,wake,1024,81437000,12574.137,122697.266,0,0.000,14193000,70,0,64,0,13,1024,0,0,0,0,0,0,32,70,mailbox,3,1856
macos,4eb1afa220937297b14b331fca9eded35cfb718e,65536,1,1,0,zmq_copy_events,local,1024,88112000,11621.573,126479.492,0,0.000,5199000,64,0,0,0,0,1024,0,0,0,0,0,0,32,64,direct,1,1024
macos,4eb1afa220937297b14b331fca9eded35cfb718e,65536,1,1,0,zmq_owned_events,wake,1024,79148000,12937.787,128532.227,0,0.000,14461000,72,0,64,0,392,1024,0,0,0,0,0,0,50,72,mailbox,3,26112
macos,4eb1afa220937297b14b331fca9eded35cfb718e,65536,1,1,0,zmq_owned_events,local,1024,99639000,10277.100,134118.164,0,0.000,4785000,64,0,0,0,0,1024,0,0,0,0,0,0,32,64,direct,1,1024
macos,4eb1afa220937297b14b331fca9eded35cfb718e,65536,8,1,0,copy,wake,8192,375924000,21791.639,122664.551,0,0.000,129396000,8797,7375,512,0,754,16275,0,0,0,0,0,8,128,0,mailbox,24,56448
macos,4eb1afa220937297b14b331fca9eded35cfb718e,65536,8,1,0,copy,local,8192,388679000,21076.518,128284.424,0,0.000,105775000,8773,7771,0,0,0,16275,0,0,0,0,0,14,128,0,direct,8,8192
macos,4eb1afa220937297b14b331fca9eded35cfb718e,65536,8,1,0,sg,wake,8192,364523000,22473.205,112206.421,0,0.000,79969000,16092,15898,512,0,3693,16227,0,0,0,0,0,0,64,0,mailbox,24,244544
macos,4eb1afa220937297b14b331fca9eded35cfb718e,65536,8,1,0,sg,local,8192,334764000,24470.971,109990.234,0,0.000,32155000,16172,15971,0,0,0,16308,0,0,0,0,0,0,86,0,direct,8,8192
macos,4eb1afa220937297b14b331fca9eded35cfb718e,65536,8,1,0,zmq_copy_events,wake,8192,475033000,17245.118,151291.138,0,0.000,176083000,664,68,512,0,13421,8192,0,0,0,0,0,0,125,664,mailbox,24,867136
macos,4eb1afa220937297b14b331fca9eded35cfb718e,65536,8,1,0,zmq_copy_events,local,8192,396399000,20666.046,131960.693,0,0.000,145235000,875,332,0,0,0,8192,0,0,0,0,0,3,128,875,direct,8,8192
macos,4eb1afa220937297b14b331fca9eded35cfb718e,65536,8,1,0,zmq_owned_events,wake,8192,382133000,21437.562,124247.559,0,0.000,201028000,1174,581,512,0,2357,8192,0,0,0,0,0,1,128,1174,mailbox,24,159040
macos,4eb1afa220937297b14b331fca9eded35cfb718e,65536,8,1,0,zmq_owned_events,local,8192,412541000,19857.420,130910.400,0,0.000,132229000,515,0,0,0,0,8192,0,0,0,0,0,0,47,515,direct,8,8192
macos,4eb1afa220937297b14b331fca9eded35cfb718e,65536,8,2,0,sg,local,8192,349741000,23423.047,114865.967,0,0.000,32667000,15838,15617,0,0,0,16286,0,0,0,0,0,0,111,0,direct,8,8192
macos,4eb1afa220937297b14b331fca9eded35cfb718e,65536,8,2,0,sg,wake,8192,356381000,22986.635,119341.309,0,0.000,69776000,15936,15664,512,0,2713,16307,0,0,0,0,0,0,69,0,mailbox,24,181824
macos,4eb1afa220937297b14b331fca9eded35cfb718e,65536,8,2,0,zmq_copy_events,local,8192,571923000,14323.606,141394.897,0,0.000,131977000,546,24,0,0,0,8192,0,0,0,0,0,0,126,546,direct,8,8192
macos,4eb1afa220937297b14b331fca9eded35cfb718e,65536,8,2,0,zmq_copy_events,wake,8192,655754000,12492.490,138399.780,0,0.000,247987000,666,4,512,0,5691,8192,0,0,0,0,0,0,110,666,mailbox,24,372416
macos,4eb1afa220937297b14b331fca9eded35cfb718e,65536,8,2,0,zmq_owned_events,local,8192,554165000,14782.601,127058.228,0,0.000,145256000,676,154,0,0,0,8192,0,0,0,0,0,1,128,676,direct,8,8192
macos,4eb1afa220937297b14b331fca9eded35cfb718e,65536,8,2,0,zmq_owned_events,wake,8192,379766000,21571.178,127279.053,0,0.000,137900000,545,0,512,0,5429,8192,0,0,0,0,0,0,81,545,mailbox,24,355648
macos,4eb1afa220937297b14b331fca9eded35cfb718e,65536,8,2,0,copy,local,8192,346039000,23673.632,112763.916,0,0.000,59255000,8771,7911,0,0,0,16270,0,0,0,0,0,15,128,0,direct,8,8192
macos,4eb1afa220937297b14b331fca9eded35cfb718e,65536,8,2,0,copy,wake,8192,337308000,24286.409,113217.773,0,0.000,88077000,8773,7439,512,0,375,16282,0,0,0,0,0,18,128,0,mailbox,24,32192
macos,4eb1afa220937297b14b331fca9eded35cfb718e,65536,1,2,0,sg,local,1024,145545000,7035.625,134559.570,0,0.000,16918000,2060,2045,0,0,0,2037,0,0,0,0,0,0,79,0,direct,1,1024
macos,4eb1afa220937297b14b331fca9eded35cfb718e,65536,1,2,0,sg,wake,1024,104093000,9837.357,212327.148,0,0.000,19675000,2077,2070,64,0,86082,2048,0,0,0,0,0,0,39,0,mailbox,3,5510272
macos,4eb1afa220937297b14b331fca9eded35cfb718e,65536,1,2,0,zmq_copy_events,local,1024,125501000,8159.298,164742.188,0,0.000,7710000,64,0,0,0,0,1024,0,0,0,0,0,0,32,64,direct,1,1024
macos,4eb1afa220937297b14b331fca9eded35cfb718e,65536,1,2,0,zmq_copy_events,wake,1024,116403000,8797.024,284274.414,0,0.000,25255000,67,0,64,0,91877,1024,0,0,0,0,0,0,64,67,mailbox,3,5881152
macos,4eb1afa220937297b14b331fca9eded35cfb718e,65536,1,2,0,zmq_owned_events,local,1024,123872000,8266.598,156423.828,0,0.000,6321000,64,0,0,0,0,1024,0,0,0,0,0,0,32,64,direct,1,1024
macos,4eb1afa220937297b14b331fca9eded35cfb718e,65536,1,2,0,zmq_owned_events,wake,1024,92135000,11114.126,222567.383,0,0.000,18800000,64,0,64,0,80604,1024,0,0,0,0,0,0,32,64,mailbox,3,5159680
macos,4eb1afa220937297b14b331fca9eded35cfb718e,65536,1,2,0,copy,local,1024,155573000,6582.119,151128.906,0,0.000,27347000,1117,928,0,0,0,2042,0,0,0,0,0,0,127,0,direct,1,1024
macos,4eb1afa220937297b14b331fca9eded35cfb718e,65536,1,2,0,copy,wake,1024,151706000,6749.898,299096.680,0,0.000,46683000,1110,1006,64,0,96147,2038,0,0,0,0,0,0,127,0,mailbox,3,6154432
macos,4eb1afa220937297b14b331fca9eded35cfb718e,64,8,2,0,batch_sg,local,524288,606217000,864852.025,2936.184,0,0.000,1532000,115104,37334,0,0,0,524288,36872,524288,1048576,16,32,44993,128,0,direct,8,524288
macos,4eb1afa220937297b14b331fca9eded35cfb718e,64,8,2,0,batch_sg,wake,524288,1093181000,479598.529,3681.896,0,0.000,1336000,134834,42283,32768,2,8180,524288,46364,524288,1048576,16,32,233,128,0,mailbox,24,1047808
macos,4eb1afa220937297b14b331fca9eded35cfb718e,64,8,2,0,zmq_copy_events,local,524288,802569000,653262.212,3416.632,0,0.000,16899000,47963,866,0,0,0,524288,0,0,0,0,0,14329,128,47963,direct,8,524288
macos,4eb1afa220937297b14b331fca9eded35cfb718e,64,8,2,0,zmq_copy_events,wake,524288,1081717000,484681.298,4801.462,0,0.000,1057000,52419,0,32768,1,8081,524288,0,0,0,0,0,46,128,52419,mailbox,24,1041521
macos,4eb1afa220937297b14b331fca9eded35cfb718e,64,8,2,0,zmq_owned_events,local,524288,709233000,739232.382,3491.941,0,0.000,7383000,42896,416,0,0,632,524288,0,0,0,0,0,9074,128,42896,direct,8,564736
macos,4eb1afa220937297b14b331fca9eded35cfb718e,64,8,2,0,zmq_owned_events,wake,524288,1096843000,477997.307,4784.119,0,0.000,1021000,51975,1,32768,3,8466,524288,0,0,0,0,0,14,128,51975,mailbox,24,1066112
macos,4eb1afa220937297b14b331fca9eded35cfb718e,64,8,2,0,copy,local,524288,404656000,1295638.765,1947.254,0,0.000,960000,82346,37257,0,0,0,524288,0,0,0,0,0,12313,128,0,direct,8,524288
macos,4eb1afa220937297b14b331fca9eded35cfb718e,64,8,2,0,copy,wake,524288,931250000,562993.826,2458.031,0,0.000,616000,96063,21067,32768,3,7687,524288,0,0,0,0,0,216,128,0,mailbox,24,1016406
macos,4eb1afa220937297b14b331fca9eded35cfb718e,64,1,2,0,batch_sg,local,65536,285084000,229883.122,3005.356,0,0.000,685000,14354,4636,0,0,0,65536,4609,65536,131072,16,32,5621,128,0,direct,1,65536
macos,4eb1afa220937297b14b331fca9eded35cfb718e,64,1,2,0,batch_sg,wake,65536,448863000,146004.460,5272.034,0,0.000,2024000,14952,4410,4096,0,92366,65536,5243,65536,131072,16,32,2579,128,0,mailbox,3,5977600
macos,4eb1afa220937297b14b331fca9eded35cfb718e,64,1,2,0,zmq_copy_events,local,65536,232244000,282185.977,3551.865,0,0.000,1194000,4161,12,0,0,0,65536,0,0,0,0,0,47,128,4161,direct,1,65536
macos,4eb1afa220937297b14b331fca9eded35cfb718e,64,1,2,0,zmq_copy_events,wake,65536,175170000,374127.990,5973.648,0,0.000,984000,4146,5,4096,1,81518,65536,0,0,0,0,0,38,128,4146,mailbox,3,5283328
macos,4eb1afa220937297b14b331fca9eded35cfb718e,64,1,2,0,zmq_owned_events,local,65536,198241000,330587.517,2946.503,0,0.000,735000,4136,0,0,0,0,65536,0,0,0,0,0,34,128,4136,direct,1,65536
macos,4eb1afa220937297b14b331fca9eded35cfb718e,64,1,2,0,zmq_owned_events,wake,65536,156525000,418693.499,5170.013,0,0.000,851000,4134,0,4096,0,73866,65536,0,0,0,0,0,32,128,4134,mailbox,3,4816065
macos,4eb1afa220937297b14b331fca9eded35cfb718e,64,1,2,0,copy,local,65536,201417000,325374.720,1929.626,0,0.000,412000,10256,4623,0,0,0,65536,0,0,0,0,0,1536,128,0,direct,1,65536
macos,4eb1afa220937297b14b331fca9eded35cfb718e,64,1,2,0,copy,wake,65536,282708000,231815.159,5428.986,0,0.000,3114000,10661,4506,4096,2,116616,65536,0,0,0,0,0,1157,128,0,mailbox,3,7529715
macos,4eb1afa220937297b14b331fca9eded35cfb718e,64,1,3,0,zmq_copy_events,wake,65536,189035000,346687.121,3321.091,0,0.000,779000,4628,0,4096,1,27305,65536,0,0,0,0,0,3,128,4628,mailbox,3,1813120
macos,4eb1afa220937297b14b331fca9eded35cfb718e,64,1,3,0,zmq_copy_events,local,65536,208726000,313981.009,3312.576,0,0.000,556000,4113,0,0,0,0,65536,0,0,0,0,0,11,128,4113,direct,1,65536
macos,4eb1afa220937297b14b331fca9eded35cfb718e,64,1,3,0,zmq_owned_events,wake,65536,234946000,278940.693,4423.447,0,0.000,816000,4442,0,4096,0,51728,65536,0,0,0,0,0,17,128,4442,mailbox,3,3386048
macos,4eb1afa220937297b14b331fca9eded35cfb718e,64,1,3,0,zmq_owned_events,local,65536,175129000,374215.578,2530.655,0,0.000,504000,4108,0,0,0,0,65536,0,0,0,0,0,6,128,4108,direct,1,65536
macos,4eb1afa220937297b14b331fca9eded35cfb718e,64,1,3,0,copy,wake,65536,213287000,307266.734,6294.434,0,0.000,2491000,10294,4650,4096,20,156436,65536,0,0,0,0,0,1517,128,0,mailbox,3,10078420
macos,4eb1afa220937297b14b331fca9eded35cfb718e,64,1,3,0,copy,local,65536,257564000,254445.497,2395.615,0,0.000,682000,10265,4635,0,0,0,65536,0,0,0,0,0,1533,128,0,direct,1,65536
macos,4eb1afa220937297b14b331fca9eded35cfb718e,64,1,3,0,batch_sg,wake,65536,208702000,314017.115,6259.583,0,0.000,1240000,14341,4624,4096,0,233217,65536,4613,65536,131072,16,32,5595,128,0,mailbox,3,14993545
macos,4eb1afa220937297b14b331fca9eded35cfb718e,64,1,3,0,batch_sg,local,65536,243818000,268790.655,2594.772,0,0.000,606000,14345,4627,0,0,0,65536,4609,65536,131072,16,32,5621,128,0,direct,1,65536
macos,4eb1afa220937297b14b331fca9eded35cfb718e,64,8,3,0,zmq_copy_events,wake,524288,947949000,553076.168,4767.368,0,0.000,2694000,52774,19,32768,5,10546,524288,0,0,0,0,0,817,128,52774,mailbox,24,1199411
macos,4eb1afa220937297b14b331fca9eded35cfb718e,64,8,3,0,zmq_copy_events,local,524288,873900000,599940.497,4162.710,0,0.000,9697000,48718,1944,0,0,0,524288,0,0,0,0,0,13923,128,48718,direct,8,524288
macos,4eb1afa220937297b14b331fca9eded35cfb718e,64,8,3,0,zmq_owned_events,wake,524288,1260517000,415930.924,4468.227,0,0.000,1264000,52512,3,32768,2,9023,524288,0,0,0,0,0,62,128,52512,mailbox,24,1101810
macos,4eb1afa220937297b14b331fca9eded35cfb718e,64,8,3,0,zmq_owned_events,local,524288,712172000,736181.709,3375.576,0,0.000,4917000,40766,194,0,0,1105,524288,0,0,0,0,0,6690,128,40766,direct,8,595008
macos,4eb1afa220937297b14b331fca9eded35cfb718e,64,8,3,0,copy,wake,524288,1014816000,516633.557,2934.427,0,0.000,1429000,102476,27632,32768,1,8207,524288,0,0,0,0,0,69,128,0,mailbox,24,1049813
macos,4eb1afa220937297b14b331fca9eded35cfb718e,64,8,3,0,copy,local,524288,411474000,1274170.421,1899.334,0,0.000,1081000,82175,37133,0,0,0,524288,0,0,0,0,0,12266,128,0,direct,8,524288
macos,4eb1afa220937297b14b331fca9eded35cfb718e,64,8,3,0,batch_sg,wake,524288,1224205000,428268.141,3557.358,0,0.000,1019000,129370,25548,32768,4,8216,524288,43080,524288,1048576,16,32,915,128,0,mailbox,24,1050206
macos,4eb1afa220937297b14b331fca9eded35cfb718e,64,8,3,0,batch_sg,local,524288,680336000,770630.982,3113.218,0,0.000,2269000,114972,37259,0,0,0,524288,36875,524288,1048576,16,32,44914,128,0,direct,8,524288
macos,4eb1afa220937297b14b331fca9eded35cfb718e,65536,1,3,0,zmq_copy_events,wake,1024,125911000,8132.729,318851.562,0,0.000,28482000,77,8,64,0,97654,1024,0,0,0,0,0,0,114,77,mailbox,3,6250944
macos,4eb1afa220937297b14b331fca9eded35cfb718e,65536,1,3,0,zmq_copy_events,local,1024,131665000,7777.314,182833.984,0,0.000,15548000,67,0,0,0,0,1024,0,0,0,0,0,0,77,67,direct,1,1024
macos,4eb1afa220937297b14b331fca9eded35cfb718e,65536,1,3,0,zmq_owned_events,wake,1024,104920000,9759.817,258308.594,0,0.000,27761000,70,2,64,0,76076,1024,0,0,0,0,0,0,117,70,mailbox,3,4869888
macos,4eb1afa220937297b14b331fca9eded35cfb718e,65536,1,3,0,zmq_owned_events,local,1024,123983000,8259.197,157546.875,0,0.000,7088000,64,0,0,0,0,1024,0,0,0,0,0,0,32,64,direct,1,1024
macos,4eb1afa220937297b14b331fca9eded35cfb718e,65536,1,3,0,copy,wake,1024,115981000,8829.032,262732.422,0,0.000,34771000,1115,932,64,0,106201,2042,0,0,0,0,0,0,127,0,mailbox,3,6797888
macos,4eb1afa220937297b14b331fca9eded35cfb718e,65536,1,3,0,copy,local,1024,157769000,6490.502,153498.047,0,0.000,26688000,1112,944,0,0,0,2041,0,0,0,0,0,0,127,0,direct,1,1024
macos,4eb1afa220937297b14b331fca9eded35cfb718e,65536,1,3,0,sg,wake,1024,116669000,8776.967,262144.531,0,0.000,24326000,2076,2041,64,0,96820,2046,0,0,0,0,0,0,43,0,mailbox,3,6197760
macos,4eb1afa220937297b14b331fca9eded35cfb718e,65536,1,3,0,sg,local,1024,125120000,8184.143,121748.047,0,0.000,8391000,2067,2056,0,0,0,2036,0,0,0,0,0,0,44,0,direct,1,1024
macos,4eb1afa220937297b14b331fca9eded35cfb718e,65536,8,3,0,zmq_copy_events,wake,8192,460232000,17799.718,147876.953,0,0.000,179362000,586,38,512,0,17013,8192,0,0,0,0,0,4,128,586,mailbox,24,1097024
macos,4eb1afa220937297b14b331fca9eded35cfb718e,65536,8,3,0,zmq_copy_events,local,8192,399586000,20501.219,129402.344,0,0.000,84764000,520,0,0,0,0,8192,0,0,0,0,0,0,48,520,direct,8,8192
macos,4eb1afa220937297b14b331fca9eded35cfb718e,65536,8,3,0,zmq_owned_events,wake,8192,415030000,19738.332,136555.542,0,0.000,203545000,1886,1179,512,0,6048,8192,0,0,0,0,0,0,111,1886,mailbox,24,395264
macos,4eb1afa220937297b14b331fca9eded35cfb718e,65536,8,3,0,zmq_owned_events,local,8192,347597000,23567.522,115015.259,0,0.000,126464000,526,2,0,0,0,8192,0,0,0,0,0,0,120,526,direct,8,8192
macos,4eb1afa220937297b14b331fca9eded35cfb718e,65536,8,3,0,copy,wake,8192,328528000,24935.470,108233.032,0,0.000,89700000,8801,7412,512,0,1891,16285,0,0,0,0,0,7,128,0,mailbox,24,129216
macos,4eb1afa220937297b14b331fca9eded35cfb718e,65536,8,3,0,copy,local,8192,299006000,27397.444,102408.569,0,0.000,45319000,8767,7763,0,0,0,16283,0,0,0,0,0,21,128,0,direct,8,8192
macos,4eb1afa220937297b14b331fca9eded35cfb718e,65536,8,3,0,sg,wake,8192,305276000,26834.733,103413.574,0,0.000,74177000,15870,15684,512,0,3495,16279,0,0,0,0,0,0,95,0,mailbox,24,231872
macos,4eb1afa220937297b14b331fca9eded35cfb718e,65536,8,3,0,sg,local,8192,315413000,25972.297,104058.838,0,0.000,33237000,15844,15483,0,0,0,16049,0,0,0,0,0,0,96,0,direct,8,8192
macos,4eb1afa220937297b14b331fca9eded35cfb718e,65536,8,4,0,zmq_owned_events,local,8192,353841000,23151.642,115482.300,0,0.000,117920000,517,0,0,0,0,8192,0,0,0,0,0,0,48,517,direct,8,8192
macos,4eb1afa220937297b14b331fca9eded35cfb718e,65536,8,4,0,zmq_owned_events,wake,8192,411952000,19885.812,134728.149,0,0.000,205742000,522,0,512,0,5165,8192,0,0,0,0,0,0,48,522,mailbox,24,338752
macos,4eb1afa220937297b14b331fca9eded35cfb718e,65536,8,4,0,copy,local,8192,379629000,21578.963,127647.339,0,0.000,69461000,8776,7787,0,0,0,16280,0,0,0,0,0,17,128,0,direct,8,8192
macos,4eb1afa220937297b14b331fca9eded35cfb718e,65536,8,4,0,copy,wake,8192,359792000,22768.711,120589.111,0,0.000,103318000,8835,7312,512,0,1727,16298,0,0,0,0,0,9,128,0,mailbox,24,118720
macos,4eb1afa220937297b14b331fca9eded35cfb718e,65536,8,4,0,sg,local,8192,374826000,21855.474,124684.937,0,0.000,31890000,16055,15932,0,0,0,16267,0,0,0,0,0,0,73,0,direct,8,8192
macos,4eb1afa220937297b14b331fca9eded35cfb718e,65536,8,4,0,sg,wake,8192,356421000,22984.055,115323.486,0,0.000,73167000,16091,15812,512,0,1878,16130,0,0,0,0,0,0,77,0,mailbox,24,128384
macos,4eb1afa220937297b14b331fca9eded35cfb718e,65536,8,4,0,zmq_copy_events,local,8192,456961000,17927.132,126047.729,0,0.000,133872000,519,0,0,0,0,8192,0,0,0,0,0,0,48,519,direct,8,8192
macos,4eb1afa220937297b14b331fca9eded35cfb718e,65536,8,4,0,zmq_copy_events,wake,8192,447156000,18320.228,127987.793,0,0.000,181395000,625,94,512,0,4203,8192,0,0,0,0,0,2,128,625,mailbox,24,277184
macos,4eb1afa220937297b14b331fca9eded35cfb718e,65536,1,4,0,zmq_owned_events,local,1024,129931000,7881.106,153060.547,0,0.000,6372000,64,0,0,0,0,1024,0,0,0,0,0,0,32,64,direct,1,1024
macos,4eb1afa220937297b14b331fca9eded35cfb718e,65536,1,4,0,zmq_owned_events,wake,1024,101722000,10066.652,168550.781,0,0.000,23688000,95,19,64,0,41751,1024,0,0,0,0,0,7,128,95,mailbox,3,2673088
macos,4eb1afa220937297b14b331fca9eded35cfb718e,65536,1,4,0,copy,local,1024,120385000,8506.043,115046.875,0,0.000,13960000,1107,961,0,0,0,2042,0,0,0,0,0,0,126,0,direct,1,1024
macos,4eb1afa220937297b14b331fca9eded35cfb718e,65536,1,4,0,copy,wake,1024,116341000,8801.712,189451.172,0,0.000,29248000,1097,942,64,0,74283,2034,0,0,0,0,0,0,126,0,mailbox,3,4755136
macos,4eb1afa220937297b14b331fca9eded35cfb718e,65536,1,4,0,sg,local,1024,118685000,8627.881,111708.984,0,0.000,10687000,2055,2027,0,0,0,2036,0,0,0,0,0,0,72,0,direct,1,1024
macos,4eb1afa220937297b14b331fca9eded35cfb718e,65536,1,4,0,sg,wake,1024,97613000,10490.406,239317.383,0,0.000,18626000,1875,1854,64,0,110708,2037,0,0,0,0,0,0,30,0,mailbox,3,7086336
macos,4eb1afa220937297b14b331fca9eded35cfb718e,65536,1,4,0,zmq_copy_events,local,1024,103322000,9910.764,143433.594,0,0.000,5543000,65,0,0,0,0,1024,0,0,0,0,0,0,45,65,direct,1,1024
macos,4eb1afa220937297b14b331fca9eded35cfb718e,65536,1,4,0,zmq_copy_events,wake,1024,106496000,9615.385,230026.367,0,0.000,21488000,68,0,64,0,64993,1024,0,0,0,0,0,0,89,68,mailbox,3,4160576
macos,4eb1afa220937297b14b331fca9eded35cfb718e,64,8,4,0,zmq_owned_events,local,524288,717389000,730828.044,3493.977,0,0.000,5097000,43767,308,0,0,1497,524288,0,0,0,0,0,9218,128,43767,direct,8,620096
macos,4eb1afa220937297b14b331fca9eded35cfb718e,64,8,4,0,zmq_owned_events,wake,524288,948253000,552898.857,4548.983,0,0.000,2094000,52168,68,32768,3,8920,524288,0,0,0,0,0,217,128,52168,mailbox,24,1095217
macos,4eb1afa220937297b14b331fca9eded35cfb718e,64,8,4,0,copy,local,524288,370261000,1415995.744,1677.454,0,0.000,1761000,82044,37005,0,0,0,524288,0,0,0,0,0,12261,128,0,direct,8,524288
macos,4eb1afa220937297b14b331fca9eded35cfb718e,64,8,4,0,copy,wake,524288,518578000,1011010.880,2511.824,0,0.000,1191000,101992,31617,32768,5,8299,524288,0,0,0,0,0,113,128,0,mailbox,24,1055483
macos,4eb1afa220937297b14b331fca9eded35cfb718e,64,8,4,0,batch_sg,local,524288,607693000,862751.422,2888.084,0,0.000,2653000,114924,37198,0,0,0,524288,36877,524288,1048576,16,32,44929,128,0,direct,8,524288
macos,4eb1afa220937297b14b331fca9eded35cfb718e,64,8,4,0,batch_sg,wake,524288,697407000,751767.619,3365.221,0,0.000,1187000,136047,44017,32768,0,8504,524288,47015,524288,1048576,16,32,150,128,0,mailbox,24,1068608
macos,4eb1afa220937297b14b331fca9eded35cfb718e,64,8,4,0,zmq_copy_events,local,524288,574122000,913199.634,2790.743,0,0.000,3648000,39804,1352,0,0,0,524288,0,0,0,0,0,5667,128,39804,direct,8,524288
macos,4eb1afa220937297b14b331fca9eded35cfb718e,64,8,4,0,zmq_copy_events,wake,524288,941063000,557123.168,4324.051,0,0.000,1235000,52537,20,32768,3,8591,524288,0,0,0,0,0,232,128,52537,mailbox,24,1074274
macos,4eb1afa220937297b14b331fca9eded35cfb718e,64,1,4,0,zmq_owned_events,local,65536,210704000,311033.488,3184.204,0,0.000,618000,4118,0,0,0,0,65536,0,0,0,0,0,16,128,4118,direct,1,65536
macos,4eb1afa220937297b14b331fca9eded35cfb718e,64,1,4,0,zmq_owned_events,wake,65536,171555000,382011.600,5245.789,0,0.000,838000,4188,2,4096,0,68798,65536,0,0,0,0,0,41,128,4188,mailbox,3,4469568
macos,4eb1afa220937297b14b331fca9eded35cfb718e,64,1,4,0,copy,local,65536,207822000,315346.787,1851.456,0,0.000,467000,10253,4622,0,0,0,65536,0,0,0,0,0,1534,128,0,direct,1,65536
macos,4eb1afa220937297b14b331fca9eded35cfb718e,64,1,4,0,copy,wake,65536,190102000,344741.244,5412.155,0,0.000,1612000,10273,4631,4096,2,140634,65536,0,0,0,0,0,1516,128,0,mailbox,3,9068066
macos,4eb1afa220937297b14b331fca9eded35cfb718e,64,1,4,0,batch_sg,local,65536,325406000,201397.639,3494.751,0,0.000,1498000,14380,4655,0,0,0,65536,4609,65536,131072,16,32,5628,128,0,direct,1,65536
macos,4eb1afa220937297b14b331fca9eded35cfb718e,64,1,4,0,batch_sg,wake,65536,238374000,274929.313,7444.733,0,0.000,1281000,14349,4630,4096,0,258007,65536,4611,65536,131072,16,32,5608,128,0,mailbox,3,16580288
macos,4eb1afa220937297b14b331fca9eded35cfb718e,64,1,4,0,zmq_copy_events,local,65536,223642000,293039.769,3410.782,0,0.000,1313000,4162,0,0,0,0,65536,0,0,0,0,0,60,128,4162,direct,1,65536
macos,4eb1afa220937297b14b331fca9eded35cfb718e,64,1,4,0,zmq_copy_events,wake,65536,179983000,364123.278,5992.050,0,0.000,2296000,4210,1,4096,0,80380,65536,0,0,0,0,0,108,128,4210,mailbox,3,5210432
macos,4eb1afa220937297b14b331fca9eded35cfb718e,64,1,5,0,copy,wake,65536,305870000,214260.961,6315.277,0,0.000,1763000,10401,4550,4096,1,142731,65536,0,0,0,0,0,1439,128,0,mailbox,3,9200842
macos,4eb1afa220937297b14b331fca9eded35cfb718e,64,1,5,0,copy,local,65536,197478000,331864.815,1928.833,0,0.000,403000,10247,4616,0,0,0,65536,0,0,0,0,0,1534,128,0,direct,1,65536
macos,4eb1afa220937297b14b331fca9eded35cfb718e,64,1,5,0,batch_sg,wake,65536,348468000,188068.919,5009.781,0,0.000,2317000,14570,4193,4096,0,99407,65536,4925,65536,131072,16,32,3718,128,0,mailbox,3,6428064
macos,4eb1afa220937297b14b331fca9eded35cfb718e,64,1,5,0,batch_sg,local,65536,264089000,248158.765,2880.341,0,0.000,649000,14352,4633,0,0,0,65536,4609,65536,131072,16,32,5621,128,0,direct,1,65536
macos,4eb1afa220937297b14b331fca9eded35cfb718e,64,1,5,0,zmq_copy_events,wake,65536,164049000,399490.396,4182.617,0,0.000,2229000,4146,1,4096,0,39931,65536,0,0,0,0,0,43,128,4146,mailbox,3,2621504
macos,4eb1afa220937297b14b331fca9eded35cfb718e,64,1,5,0,zmq_copy_events,local,65536,192731000,340038.707,2805.145,0,0.000,607000,4108,0,0,0,0,65536,0,0,0,0,0,6,128,4108,direct,1,65536
macos,4eb1afa220937297b14b331fca9eded35cfb718e,64,1,5,0,zmq_owned_events,wake,65536,153445000,427097.657,5188.675,0,0.000,796000,4211,0,4096,0,84997,65536,0,0,0,0,0,109,128,4211,mailbox,3,5506176
macos,4eb1afa220937297b14b331fca9eded35cfb718e,64,1,5,0,zmq_owned_events,local,65536,216479000,302736.062,3340.729,0,0.000,643000,4111,0,0,0,0,65536,0,0,0,0,0,9,128,4111,direct,1,65536
macos,4eb1afa220937297b14b331fca9eded35cfb718e,64,8,5,0,copy,wake,524288,547105000,958295.026,2517.338,0,0.000,1157000,103251,31595,32768,4,8437,524288,0,0,0,0,0,71,128,0,mailbox,24,1064384
macos,4eb1afa220937297b14b331fca9eded35cfb718e,64,8,5,0,copy,local,524288,539596000,971630.627,2062.426,0,0.000,1828000,82051,37019,0,0,0,524288,0,0,0,0,0,12246,128,0,direct,8,524288
macos,4eb1afa220937297b14b331fca9eded35cfb718e,64,8,5,0,batch_sg,wake,524288,912344000,574660.435,3470.579,0,0.000,981000,135526,45171,32768,3,8179,524288,46939,524288,1048576,16,32,0,127,0,mailbox,24,1047744
macos,4eb1afa220937297b14b331fca9eded35cfb718e,64,8,5,0,batch_sg,local,524288,725404000,722753.114,3339.514,0,0.000,4522000,115540,37794,0,0,0,524288,36879,524288,1048576,16,32,44936,128,0,direct,8,524288
macos,4eb1afa220937297b14b331fca9eded35cfb718e,64,8,5,0,zmq_copy_events,wake,524288,1199363000,437138.714,5985.491,0,0.000,1746000,53420,27,32768,5,8131,524288,0,0,0,0,0,235,128,53420,mailbox,24,1044774
macos,4eb1afa220937297b14b331fca9eded35cfb718e,64,8,5,0,zmq_copy_events,local,524288,693139000,756396.625,3415.142,0,0.000,6632000,44338,480,0,0,0,524288,0,0,0,0,0,11079,128,44338,direct,8,524288
macos,4eb1afa220937297b14b331fca9eded35cfb718e,64,8,5,0,zmq_owned_events,wake,524288,1162270000,451089.678,4868.515,0,0.000,1140000,53104,2,32768,2,8183,524288,0,0,0,0,0,27,128,53104,mailbox,24,1048000
macos,4eb1afa220937297b14b331fca9eded35cfb718e,64,8,5,0,zmq_owned_events,local,524288,718756000,729438.085,3578.409,0,0.000,9166000,45746,660,0,0,742,524288,0,0,0,0,0,11635,128,45746,direct,8,571776
macos,4eb1afa220937297b14b331fca9eded35cfb718e,65536,1,5,0,copy,wake,1024,120867000,8472.122,232666.016,0,0.000,31429000,1101,942,64,0,101550,2037,0,0,0,0,0,0,127,0,mailbox,3,6500224
macos,4eb1afa220937297b14b331fca9eded35cfb718e,65536,1,5,0,copy,local,1024,115976000,8829.413,112930.664,0,0.000,20756000,1100,957,0,0,0,2035,0,0,0,0,0,0,127,0,direct,1,1024
macos,4eb1afa220937297b14b331fca9eded35cfb718e,65536,1,5,0,sg,wake,1024,86483000,11840.477,202957.031,0,0.000,18546000,2079,2071,64,0,100044,2046,0,0,0,0,0,0,41,0,mailbox,3,6403840
macos,4eb1afa220937297b14b331fca9eded35cfb718e,65536,1,5,0,sg,local,1024,139117000,7360.711,135095.703,0,0.000,12522000,1831,1762,0,0,0,2035,0,0,0,0,0,0,78,0,direct,1,1024
macos,4eb1afa220937297b14b331fca9eded35cfb718e,65536,1,5,0,zmq_copy_events,wake,1024,102349000,10004.983,227262.695,0,0.000,25637000,98,29,64,0,72869,1024,0,0,0,0,0,0,123,98,mailbox,3,4664640
macos,4eb1afa220937297b14b331fca9eded35cfb718e,65536,1,5,0,zmq_copy_events,local,1024,113925000,8988.370,156280.273,0,0.000,14847000,95,27,0,0,0,1024,0,0,0,0,0,0,127,95,direct,1,1024
macos,4eb1afa220937297b14b331fca9eded35cfb718e,65536,1,5,0,zmq_owned_events,wake,1024,89820000,11400.579,218403.320,0,0.000,16246000,65,0,64,0,73854,1024,0,0,0,0,0,0,32,65,mailbox,3,4727680
macos,4eb1afa220937297b14b331fca9eded35cfb718e,65536,1,5,0,zmq_owned_events,local,1024,102647000,9975.937,133394.531,0,0.000,4874000,64,0,0,0,0,1024,0,0,0,0,0,0,32,64,direct,1,1024
macos,4eb1afa220937297b14b331fca9eded35cfb718e,65536,8,5,0,copy,wake,8192,382660000,21408.038,129237.183,0,0.000,115483000,8785,7544,512,0,4023,16277,0,0,0,0,0,18,128,0,mailbox,24,265664
macos,4eb1afa220937297b14b331fca9eded35cfb718e,65536,8,5,0,copy,local,8192,354826000,23087.372,116614.014,0,0.000,55087000,8770,7658,0,0,0,16281,0,0,0,0,0,23,128,0,direct,8,8192
macos,4eb1afa220937297b14b331fca9eded35cfb718e,65536,8,5,0,sg,wake,8192,337104000,24301.106,113028.076,0,0.000,70738000,16225,15985,512,0,2488,16268,0,0,0,0,0,0,87,0,mailbox,24,167424
macos,4eb1afa220937297b14b331fca9eded35cfb718e,65536,8,5,0,sg,local,8192,297049000,27577.942,98682.373,0,0.000,23259000,16403,16240,0,0,0,16187,0,0,0,0,0,0,66,0,direct,8,8192
macos,4eb1afa220937297b14b331fca9eded35cfb718e,65536,8,5,0,zmq_copy_events,wake,8192,363174000,22556.681,119278.442,0,0.000,130671000,524,0,512,0,5116,8192,0,0,0,0,0,0,48,524,mailbox,24,335616
macos,4eb1afa220937297b14b331fca9eded35cfb718e,65536,8,5,0,zmq_copy_events,local,8192,362630000,22590.519,120427.124,0,0.000,95565000,558,29,0,0,0,8192,0,0,0,0,0,1,128,558,direct,8,8192
macos,4eb1afa220937297b14b331fca9eded35cfb718e,65536,8,5,0,zmq_owned_events,wake,8192,351124000,23330.789,117032.349,0,0.000,132872000,558,0,512,0,2319,8192,0,0,0,0,0,0,48,558,mailbox,24,156608
macos,4eb1afa220937297b14b331fca9eded35cfb718e,65536,8,5,0,zmq_owned_events,local,8192,381866000,21452.551,123976.562,0,0.000,145739000,871,351,0,0,0,8192,0,0,0,0,0,0,120,871,direct,8,8192
