"cohort","phase","round","scenario","samples","ops_per_sample","bytes_per_sample","avg_ns_per_op","avg_us_per_sample","min_us_per_sample","max_us_per_sample","ops_per_sec","mib_per_sec","log"
"initial","before","1","PUB 4-peer fanout","20000","4","256","14130.746","56.523","50.300","150.700","70768","4.32","pattern-baseline.log"
"initial","before","1","PUSH 4-peer round-robin","20000","4","256","29235.603","116.942","99.100","1308.500","34205","2.09","pattern-baseline.log"
"initial","before","1","ROUTER identity one-way","20000","1","64","23550.180","23.550","16.200","108.500","42463","2.59","pattern-baseline.log"
"initial","before","1","REQ/REP roundtrip","20000","2","128","17479.720","34.959","27.100","102.100","57209","3.49","pattern-baseline.log"
"initial","before","1","PUB 2-of-4 filtered fanout","20000","2","128","15700.698","31.401","26.300","123.500","63691","3.89","pattern-baseline.log"
"initial","before","1","ROUTER slow-peer isolation","20000","1","64","22215.060","22.215","17.200","153.800","45015","2.75","pattern-baseline.log"
"initial","before","1","POLLOUT PUSH ready","20000","1","-","566.935","0.567","0.400","143.300","1763871","-","pattern-baseline.log"
"initial","before","1","POLLOUT PAIR credit-exhausted","20000","1","-","475.885","0.476","0.400","341.300","2101347","-","pattern-baseline.log"
"initial","before","1","POLLOUT REP reply-peer ready","20000","1","-","1800.285","1.800","1.300","107.200","555468","-","pattern-baseline.log"
"initial","after","1","PUB 4-peer fanout","20000","4","256","13851.168","55.405","48.400","517.600","72196","4.41","pattern-boundaries-benchmark.log"
"initial","after","1","PUSH 4-peer round-robin","20000","4","256","29222.284","116.889","95.300","1881.100","34220","2.09","pattern-boundaries-benchmark.log"
"initial","after","1","ROUTER identity one-way","20000","1","64","17486.115","17.486","14.800","300.300","57188","3.49","pattern-boundaries-benchmark.log"
"initial","after","1","REQ/REP roundtrip","20000","2","128","14376.345","28.753","24.200","823.700","69559","4.25","pattern-boundaries-benchmark.log"
"initial","after","1","PUB 2-of-4 filtered fanout","20000","2","128","14040.283","28.081","24.300","792.700","71224","4.35","pattern-boundaries-benchmark.log"
"initial","after","1","ROUTER slow-peer isolation","20000","1","64","27462.125","27.462","16.000","2163.600","36414","2.22","pattern-boundaries-benchmark.log"
"initial","after","1","POLLOUT PUSH ready","20000","1","-","798.160","0.798","0.600","42.400","1252881","-","pattern-boundaries-benchmark.log"
"initial","after","1","POLLOUT PAIR credit-exhausted","20000","1","-","617.320","0.617","0.500","48.900","1619905","-","pattern-boundaries-benchmark.log"
"initial","after","1","POLLOUT REP reply-peer ready","20000","1","-","2464.815","2.465","1.900","57.800","405710","-","pattern-boundaries-benchmark.log"
"initial","after","2","PUB 4-peer fanout","20000","4","256","13202.191","52.809","47.200","420.000","75745","4.62","pattern-after-2.log"
"initial","after","2","PUSH 4-peer round-robin","20000","4","256","27430.106","109.720","97.000","1333.600","36456","2.23","pattern-after-2.log"
"initial","after","2","ROUTER identity one-way","20000","1","64","17358.395","17.358","14.200","732.800","57609","3.52","pattern-after-2.log"
"initial","after","2","REQ/REP roundtrip","20000","2","128","18641.095","37.282","24.000","2260.200","53645","3.27","pattern-after-2.log"
"initial","after","2","PUB 2-of-4 filtered fanout","20000","2","128","18253.442","36.507","25.000","391.700","54784","3.34","pattern-after-2.log"
"initial","after","2","ROUTER slow-peer isolation","20000","1","64","22216.010","22.216","16.500","716.900","45013","2.75","pattern-after-2.log"
"initial","after","2","POLLOUT PUSH ready","20000","1","-","560.560","0.561","0.500","37.800","1783930","-","pattern-after-2.log"
"initial","after","2","POLLOUT PAIR credit-exhausted","20000","1","-","483.025","0.483","0.400","6.400","2070287","-","pattern-after-2.log"
"initial","after","2","POLLOUT REP reply-peer ready","20000","1","-","1919.710","1.920","1.400","22.700","520912","-","pattern-after-2.log"
"initial","before","2","PUB 4-peer fanout","20000","4","256","14158.940","56.636","50.800","1001.400","70627","4.31","pattern-before-2.log"
"initial","before","2","PUSH 4-peer round-robin","20000","4","256","29031.936","116.128","96.300","2661.700","34445","2.10","pattern-before-2.log"
"initial","before","2","ROUTER identity one-way","20000","1","64","23394.345","23.394","16.200","272.600","42745","2.61","pattern-before-2.log"
"initial","before","2","REQ/REP roundtrip","20000","2","128","18957.135","37.914","24.400","3393.000","52751","3.22","pattern-before-2.log"
"initial","before","2","PUB 2-of-4 filtered fanout","20000","2","128","15283.925","30.568","24.300","2316.900","65428","3.99","pattern-before-2.log"
"initial","before","2","ROUTER slow-peer isolation","20000","1","64","28642.180","28.642","17.900","106.700","34914","2.13","pattern-before-2.log"
"initial","before","2","POLLOUT PUSH ready","20000","1","-","552.610","0.553","0.500","10.100","1809594","-","pattern-before-2.log"
"initial","before","2","POLLOUT PAIR credit-exhausted","20000","1","-","559.590","0.560","0.400","37.700","1787022","-","pattern-before-2.log"
"initial","before","2","POLLOUT REP reply-peer ready","20000","1","-","2490.770","2.491","1.500","93.900","401482","-","pattern-before-2.log"
"initial","before","3","PUB 4-peer fanout","20000","4","256","13961.960","55.848","48.500","1567.000","71623","4.37","pattern-before-3.log"
"initial","before","3","PUSH 4-peer round-robin","20000","4","256","29478.398","117.914","100.700","2611.200","33923","2.07","pattern-before-3.log"
"initial","before","3","ROUTER identity one-way","20000","1","64","23806.085","23.806","15.800","1122.200","42006","2.56","pattern-before-3.log"
"initial","before","3","REQ/REP roundtrip","20000","2","128","19146.537","38.293","24.400","466.900","52229","3.19","pattern-before-3.log"
"initial","before","3","PUB 2-of-4 filtered fanout","20000","2","128","18011.455","36.023","25.800","249.100","55520","3.39","pattern-before-3.log"
"initial","before","3","ROUTER slow-peer isolation","20000","1","64","19181.565","19.182","16.200","126.900","52133","3.18","pattern-before-3.log"
"initial","before","3","POLLOUT PUSH ready","20000","1","-","517.850","0.518","0.400","5.600","1931062","-","pattern-before-3.log"
"initial","before","3","POLLOUT PAIR credit-exhausted","20000","1","-","440.680","0.441","0.400","6.400","2269221","-","pattern-before-3.log"
"initial","before","3","POLLOUT REP reply-peer ready","20000","1","-","1546.320","1.546","1.400","19.700","646697","-","pattern-before-3.log"
"initial","after","3","PUB 4-peer fanout","20000","4","256","13417.579","53.670","49.900","1001.200","74529","4.55","pattern-after-3.log"
"initial","after","3","PUSH 4-peer round-robin","20000","4","256","27789.864","111.159","99.700","773.200","35984","2.20","pattern-after-3.log"
"initial","after","3","ROUTER identity one-way","20000","1","64","26970.085","26.970","15.600","2367.100","37078","2.26","pattern-after-3.log"
"initial","after","3","REQ/REP roundtrip","20000","2","128","14353.488","28.707","24.200","312.400","69669","4.25","pattern-after-3.log"
"initial","after","3","PUB 2-of-4 filtered fanout","20000","2","128","14116.747","28.233","24.700","620.600","70838","4.32","pattern-after-3.log"
"initial","after","3","ROUTER slow-peer isolation","20000","1","64","21537.850","21.538","16.700","187.400","46430","2.83","pattern-after-3.log"
"initial","after","3","POLLOUT PUSH ready","20000","1","-","711.730","0.712","0.500","13.800","1405027","-","pattern-after-3.log"
"initial","after","3","POLLOUT PAIR credit-exhausted","20000","1","-","440.455","0.440","0.400","34.800","2270379","-","pattern-after-3.log"
"initial","after","3","POLLOUT REP reply-peer ready","20000","1","-","1963.765","1.964","1.400","43.200","509226","-","pattern-after-3.log"
"extended","after","1","PUB 4-peer fanout","20000","4","256","14359.191","57.437","51.000","1138.200","69642","4.25","pattern-window-after-1.log"
"extended","after","1","PUSH 4-peer round-robin","20000","4","256","30794.720","123.179","100.700","1121.900","32473","1.98","pattern-window-after-1.log"
"extended","after","1","ROUTER identity one-way","20000","1","64","23008.615","23.009","16.200","1412.100","43462","2.65","pattern-window-after-1.log"
"extended","after","1","REQ/REP roundtrip","20000","2","128","19643.697","39.287","26.300","2421.600","50907","3.11","pattern-window-after-1.log"
"extended","after","1","PUB 2-of-4 filtered fanout","20000","2","128","20804.160","41.608","26.400","374.600","48067","2.93","pattern-window-after-1.log"
"extended","after","1","ROUTER slow-peer isolation","20000","1","64","22803.890","22.804","17.000","774.400","43852","2.68","pattern-window-after-1.log"
"extended","after","1","POLLOUT PUSH ready","1000000","1","-","704.893","0.705","0.400","692.600","1418656","-","pattern-window-after-1.log"
"extended","after","1","POLLOUT PAIR credit-exhausted","1000000","1","-","614.704","0.615","0.400","102.000","1626800","-","pattern-window-after-1.log"
"extended","after","1","POLLOUT REP reply-peer ready","1000000","1","-","2185.387","2.185","1.300","742.600","457585","-","pattern-window-after-1.log"
"extended","before","1","PUB 4-peer fanout","20000","4","256","13552.926","54.212","49.900","750.100","73785","4.50","pattern-window-before-1.log"
"extended","before","1","PUSH 4-peer round-robin","20000","4","256","27840.509","111.362","94.500","896.100","35919","2.19","pattern-window-before-1.log"
"extended","before","1","ROUTER identity one-way","20000","1","64","26691.365","26.691","16.400","868.300","37465","2.29","pattern-window-before-1.log"
"extended","before","1","REQ/REP roundtrip","20000","2","128","17811.860","35.624","26.400","1663.500","56142","3.43","pattern-window-before-1.log"
"extended","before","1","PUB 2-of-4 filtered fanout","20000","2","128","19259.395","38.519","26.100","2161.100","51923","3.17","pattern-window-before-1.log"
"extended","before","1","ROUTER slow-peer isolation","20000","1","64","21137.145","21.137","16.800","110.100","47310","2.89","pattern-window-before-1.log"
"extended","before","1","POLLOUT PUSH ready","1000000","1","-","598.217","0.598","0.400","70.200","1671635","-","pattern-window-before-1.log"
"extended","before","1","POLLOUT PAIR credit-exhausted","1000000","1","-","603.090","0.603","0.400","235.800","1658128","-","pattern-window-before-1.log"
"extended","before","1","POLLOUT REP reply-peer ready","1000000","1","-","1782.159","1.782","1.300","107.900","561117","-","pattern-window-before-1.log"
"extended","before","2","PUB 4-peer fanout","20000","4","256","13092.544","52.370","50.100","622.100","76379","4.66","pattern-window-before-2.log"
"extended","before","2","PUSH 4-peer round-robin","20000","4","256","30652.391","122.610","102.100","2265.700","32624","1.99","pattern-window-before-2.log"
"extended","before","2","ROUTER identity one-way","20000","1","64","17581.065","17.581","15.600","546.700","56879","3.47","pattern-window-before-2.log"
"extended","before","2","REQ/REP roundtrip","20000","2","128","13999.308","27.999","23.500","2070.700","71432","4.36","pattern-window-before-2.log"
"extended","before","2","PUB 2-of-4 filtered fanout","20000","2","128","14556.188","29.112","23.600","353.300","68699","4.19","pattern-window-before-2.log"
"extended","before","2","ROUTER slow-peer isolation","20000","1","64","18420.770","18.421","16.000","158.300","54287","3.31","pattern-window-before-2.log"
"extended","before","2","POLLOUT PUSH ready","1000000","1","-","505.509","0.506","0.400","65.000","1978205","-","pattern-window-before-2.log"
"extended","before","2","POLLOUT PAIR credit-exhausted","1000000","1","-","426.316","0.426","0.300","85.100","2345676","-","pattern-window-before-2.log"
"extended","before","2","POLLOUT REP reply-peer ready","1000000","1","-","1531.162","1.531","1.300","645.500","653099","-","pattern-window-before-2.log"
"extended","before","3","PUB 4-peer fanout","20000","4","256","12947.505","51.790","49.800","107.500","77235","4.71","pattern-window-before-3.log"
"extended","before","3","PUSH 4-peer round-robin","20000","4","256","26347.490","105.390","96.200","2783.900","37954","2.32","pattern-window-before-3.log"
"extended","before","3","ROUTER identity one-way","20000","1","64","16872.675","16.873","14.400","103.900","59267","3.62","pattern-window-before-3.log"
"extended","before","3","REQ/REP roundtrip","20000","2","128","14248.525","28.497","24.000","588.300","70183","4.28","pattern-window-before-3.log"
"extended","before","3","PUB 2-of-4 filtered fanout","20000","2","128","13791.035","27.582","25.000","84.900","72511","4.43","pattern-window-before-3.log"
"extended","before","3","ROUTER slow-peer isolation","20000","1","64","18096.195","18.096","16.700","60.200","55260","3.37","pattern-window-before-3.log"
"extended","before","3","POLLOUT PUSH ready","1000000","1","-","683.225","0.683","0.500","87.200","1463647","-","pattern-window-before-3.log"
"extended","before","3","POLLOUT PAIR credit-exhausted","1000000","1","-","435.664","0.436","0.300","65.200","2295345","-","pattern-window-before-3.log"
"extended","before","3","POLLOUT REP reply-peer ready","1000000","1","-","1870.725","1.871","1.200","182.600","534552","-","pattern-window-before-3.log"
"extended","after","2","PUB 4-peer fanout","20000","4","256","14329.045","57.316","49.800","1997.700","69788","4.26","pattern-window-after-2.log"
"extended","after","2","PUSH 4-peer round-robin","20000","4","256","30017.379","120.070","101.400","1257.300","33314","2.03","pattern-window-after-2.log"
"extended","after","2","ROUTER identity one-way","20000","1","64","23788.550","23.789","16.300","1056.500","42037","2.57","pattern-window-after-2.log"
"extended","after","2","REQ/REP roundtrip","20000","2","128","20413.170","40.826","26.100","1039.600","48988","2.99","pattern-window-after-2.log"
"extended","after","2","PUB 2-of-4 filtered fanout","20000","2","128","20998.220","41.996","25.800","1281.200","47623","2.91","pattern-window-after-2.log"
"extended","after","2","ROUTER slow-peer isolation","20000","1","64","22205.545","22.206","17.100","103.300","45034","2.75","pattern-window-after-2.log"
"extended","after","2","POLLOUT PUSH ready","1000000","1","-","659.457","0.659","0.400","517.900","1516399","-","pattern-window-after-2.log"
"extended","after","2","POLLOUT PAIR credit-exhausted","1000000","1","-","597.908","0.598","0.400","213.400","1672499","-","pattern-window-after-2.log"
"extended","after","2","POLLOUT REP reply-peer ready","1000000","1","-","1815.555","1.816","1.300","323.500","550796","-","pattern-window-after-2.log"
"extended","after","3","PUB 4-peer fanout","20000","4","256","12974.687","51.899","47.500","824.600","77073","4.70","pattern-window-after-3.log"
"extended","after","3","PUSH 4-peer round-robin","20000","4","256","29639.235","118.557","100.400","3345.600","33739","2.06","pattern-window-after-3.log"
"extended","after","3","ROUTER identity one-way","20000","1","64","22611.260","22.611","16.700","375.200","44226","2.70","pattern-window-after-3.log"
"extended","after","3","REQ/REP roundtrip","20000","2","128","16724.832","33.450","25.600","742.800","59791","3.65","pattern-window-after-3.log"
"extended","after","3","PUB 2-of-4 filtered fanout","20000","2","128","14590.560","29.181","24.900","698.400","68537","4.18","pattern-window-after-3.log"
"extended","after","3","ROUTER slow-peer isolation","20000","1","64","26463.210","26.463","17.900","646.300","37788","2.31","pattern-window-after-3.log"
"extended","after","3","POLLOUT PUSH ready","1000000","1","-","643.332","0.643","0.400","72.000","1554407","-","pattern-window-after-3.log"
"extended","after","3","POLLOUT PAIR credit-exhausted","1000000","1","-","595.385","0.595","0.400","216.000","1679584","-","pattern-window-after-3.log"
"extended","after","3","POLLOUT REP reply-peer ready","1000000","1","-","2018.053","2.018","1.300","692.300","495527","-","pattern-window-after-3.log"
