variant,payload_bytes,batch,repeat,order,messages,wall_ns,cpu_ns_per_message,burst_p95_ns,burst_p99_ns,poll_calls,logical_writes,drive_calls,listener_ns,client_poll_ns,local_progress_ns,listener_manager_ns,local_manager_ns,listener_wait_ns,reconnect_ns,manager_calls,manager_work,listener_checks,listener_ready,local_slots,local_used_peers
baseline,64,1,1,0,65536,983873600,15020.370,17000,19900,196608,65536,393216,257698600,570461000,74305400,5175500,10934400,232078900,20325600,589824,0,196608,0,1572864,393216
baseline,64,128,1,0,262144,158300700,596.046,83600,93800,8192,4096,16384,11635600,69472800,12675400,213400,457200,10558600,874400,24576,0,8192,0,65536,16384
baseline,1024,128,1,0,262144,316798800,1192.093,165700,176600,22528,10240,45056,31414000,185374900,17213600,606100,1251000,28458200,2328200,67584,0,22528,0,180224,45056
baseline,64,128,2,0,262144,153950900,596.046,78900,83200,8192,4096,16384,11027800,67308000,12318400,217700,449000,9963400,844800,24576,0,8192,0,65536,16384
baseline,1024,128,2,0,262144,311575000,1192.093,162000,173700,22528,10240,45056,31087900,182438300,16824300,575500,1212100,28177400,2310900,67584,0,22528,0,180224,45056
baseline,64,1,2,0,65536,952807500,14543.533,15600,18400,196608,65536,393216,247958200,552503400,71870600,4998100,10600400,223149600,19672800,589824,0,196608,0,1572864,393216
baseline,1024,128,3,0,262144,336853700,1311.302,222000,267300,22528,10240,45056,34281000,197496700,17860900,602300,1283200,31295400,2369000,67584,0,22528,0,180224,45056
baseline,64,1,3,0,65536,1093565100,16927.719,22500,26800,196608,65536,393216,289702000,641302000,75983300,5313900,11153100,263699800,20641800,589824,0,196608,0,1572864,393216
baseline,64,128,3,0,262144,167459100,655.651,111900,120100,8192,4096,16384,12517800,74614100,13226900,224000,465100,11414000,869300,24576,0,8192,0,65536,16384
