variant,batch,repeat,order,messages,seconds,messages_per_second,process_cpu_seconds,cpu_ns_per_message,logical_writes,submitted_ranges,poll_calls,send_ns,recv_ns,poll_ns,listener_ns,client_poll_ns,local_progress_ns,receive_callback_ns
coalesce128,16,1,0,262144,0.517808800,506256.363,0.515625000,1966.953,32768,32768,65536,35458200,13612300,448489600,89714600,322880900,21062500,38138700
sg32,16,1,1,262144,0.490914200,533991.480,0.484375000,1847.744,32768,262144,65536,33897900,14619600,423371600,81908200,307277300,20185200,35558300
coalesce32,16,1,2,262144,0.481793600,544100.212,0.484375000,1847.744,32768,32768,65536,33724900,12707200,416518200,81622500,301439300,19635800,37079600
sg32,32,1,0,262144,0.354857500,738730.335,0.343750000,1311.302,16384,262144,40960,33141900,12279900,292310400,50692000,217702300,15276800,36518000
coalesce32,32,1,1,262144,0.295991000,885648.550,0.296875000,1132.488,16384,16384,32768,33379100,12221900,233799300,41173000,172129400,13522000,35949900
coalesce128,32,1,2,262144,0.294329800,890647.158,0.296875000,1132.488,16384,16384,32768,33253100,11930700,232784300,40519200,171363000,14022000,37800200
coalesce32,64,1,0,262144,0.239090500,1096421.648,0.250000000,953.674,12288,12288,20480,35052600,11892500,176401900,25946800,132727900,13372900,33402200
coalesce128,64,1,1,262144,0.204422300,1282364.987,0.203125000,774.860,8192,8192,16384,35552900,11982800,141237600,21353100,104875400,11479000,33435200
sg32,64,1,2,262144,0.402555700,651199.325,0.390625000,1490.116,12288,262144,28672,44749700,15728700,324144300,50226200,248997800,18232400,45704300
coalesce128,128,1,0,262144,0.235405200,1113586.276,0.234375000,894.070,4096,4096,8192,53615200,17365400,146591200,18948800,106666500,18903600,46869100
sg32,128,1,1,262144,0.426120200,615187.921,0.421875000,1609.325,10240,262144,22528,52945000,18406500,335731800,48310400,262068100,19595600,52990100
coalesce32,128,1,2,262144,0.285690300,917581.031,0.281250000,1072.884,10240,10240,14336,46486000,15851500,206383800,26880100,156373800,19737600,43948700
coalesce32,32,2,0,262144,0.462978700,566211.793,0.453125000,1728.535,16384,16384,32768,51017500,18758800,372226000,69809300,273273900,20797300,51661100
coalesce128,32,2,1,262144,0.431805800,607087.723,0.437500000,1668.930,16384,16384,32768,47418500,17613800,347784300,62857100,257969600,19052200,48216000
sg32,32,2,2,262144,0.521181500,502980.248,0.531250000,2026.558,16384,262144,40960,47366300,18157500,435590700,80855300,322579300,22062100,50229000
coalesce128,64,2,0,262144,0.313284400,836760.464,0.312500000,1192.093,8192,8192,16384,52753900,18206500,223930100,35251200,165378600,19099400,48576300
sg32,64,2,1,262144,0.399243600,656601.634,0.406250000,1549.721,12288,262144,28672,45466000,16069500,319198900,51795800,243178400,17481000,44419400
coalesce32,64,2,2,262144,0.252599700,1037784.289,0.250000000,953.674,12288,12288,20480,37412800,12544800,186794800,28259300,139242700,14912000,35019800
sg32,128,2,0,262144,0.368295000,711777.244,0.375000000,1430.511,10240,262144,22528,47063100,16179600,287321900,41362500,223919400,16702500,45770500
coalesce32,128,2,1,262144,0.294009100,891618.661,0.296875000,1132.488,10240,10240,14336,48661400,16368900,211927700,27504900,162157900,18866200,46460300
coalesce128,128,2,2,262144,0.220573700,1188464.445,0.203125000,774.860,4096,4096,8192,50518900,16628300,136663300,17087600,101885100,15709700,44286600
sg32,16,2,0,262144,0.544631700,481323.434,0.546875000,2086.163,32768,262144,65536,37275200,14211500,473442600,94941600,342443500,21544000,40979800
coalesce32,16,2,1,262144,0.566139200,463038.066,0.562500000,2145.767,32768,32768,65536,39536800,14935500,491857400,102204400,352967600,22253900,41680600
coalesce128,16,2,2,262144,0.565844700,463279.059,0.578125000,2205.372,32768,32768,65536,39375800,15073900,491241300,99560400,354592300,22473000,43053400
sg32,64,3,0,262144,0.340632000,769581.249,0.343750000,1311.302,12288,262144,28672,39156500,13581000,270703200,42441100,206889800,14953000,39034100
coalesce32,64,3,1,262144,0.259654200,1009588.907,0.265625000,1013.279,12288,12288,20480,37847400,12947000,192583200,30012900,143554600,14508100,36089400
coalesce128,64,3,2,262144,0.213321900,1228865.860,0.218750000,834.465,8192,8192,16384,37102600,12621500,147909200,22926700,109125000,12301500,35072100
coalesce32,128,3,0,262144,0.254077000,1031750.217,0.250000000,953.674,10240,10240,14336,43943300,14190200,179898100,22855900,136564300,17254300,39534900
coalesce128,128,3,1,262144,0.162106400,1617110.737,0.171875000,655.651,4096,4096,8192,38335400,12152800,96722700,11208400,72660800,11084000,35103100
sg32,128,3,2,262144,0.296596200,883841.398,0.296875000,1132.488,10240,262144,22528,38343700,12896200,229259800,31924300,178736000,13764900,36742600
coalesce32,16,3,0,262144,0.504162900,519958.926,0.500000000,1907.349,32768,32768,65536,38518200,13286100,433508500,86979800,311052900,21596200,36734900
coalesce128,16,3,1,262144,0.499174200,525155.347,0.500000000,1907.349,32768,32768,65536,35044400,13234100,432009700,87376000,310096400,20771900,37355100
sg32,16,3,2,262144,0.512055600,511944.406,0.515625000,1966.953,32768,262144,65536,35598700,13495300,443846200,87612000,321390400,20933000,37775200
coalesce128,32,3,0,262144,0.298711300,877583.138,0.296875000,1132.488,16384,16384,32768,34113600,12326300,235658900,42693200,172346900,13699500,34893300
sg32,32,3,1,262144,0.373881200,701142.502,0.375000000,1430.511,16384,262144,40960,35224500,12947300,308401400,54543000,228408200,16053600,36358900
coalesce32,32,3,2,262144,0.297599500,880861.695,0.265625000,1013.279,16384,16384,32768,34166200,12277500,234670300,42398100,171727000,13628200,34738100
coalesce128,128,4,0,262144,0.170976800,1533213.863,0.171875000,655.651,4096,4096,8192,39205800,13110700,103478800,12762300,76426700,12482700,35644500
sg32,128,4,1,262144,0.300185700,873272.777,0.281250000,1072.884,10240,262144,22528,38935800,12987500,231916900,32458000,180501200,14087200,38168300
coalesce32,128,4,2,262144,0.241726300,1084466.192,0.234375000,894.070,10240,10240,14336,39254400,13378100,173042500,22860300,131335500,15630500,37776100
coalesce128,16,4,0,262144,0.597208600,438948.803,0.546875000,2086.163,32768,32768,65536,41171300,18942700,516297800,106478500,371472300,23344000,44029500
sg32,16,4,1,262144,0.566063100,463100.315,0.562500000,2145.767,32768,262144,65536,38953200,14899100,492480200,99749700,355925500,22354400,41394300
coalesce32,16,4,2,262144,0.624905800,419493.626,0.625000000,2384.186,32768,32768,65536,43257700,16399400,544289400,113096200,391826200,24227000,46345400
sg32,32,4,0,262144,0.427683200,612939.671,0.421875000,1609.325,16384,262144,40960,39419200,14855500,354809500,63797800,263330100,18345700,42040800
coalesce32,32,4,1,262144,0.408885900,641117.730,0.406250000,1549.721,16384,16384,32768,45547500,16941800,327248800,62427400,238556500,18298900,46587900
coalesce128,32,4,2,262144,0.359235800,729726.826,0.359375000,1370.907,16384,16384,32768,40636200,15024700,285079900,52788000,208236200,16312800,41585500
coalesce32,64,4,0,262144,0.325314900,805816.149,0.328125000,1251.698,12288,12288,20480,46549200,16291500,244495300,37752700,183469400,18324000,45582100
coalesce128,64,4,1,262144,0.307450800,852637.235,0.296875000,1132.488,8192,8192,16384,51789700,17988800,218952600,35643900,161602900,17485300,49226200
sg32,64,4,2,262144,0.492253600,532538.513,0.500000000,1907.349,12288,262144,28672,54884000,20715800,396036200,63735100,302897600,21941400,56112900
sg32,16,5,0,262144,0.689314500,380296.657,0.671875000,2563.000,32768,262144,65536,46980300,18230500,601775800,120233100,438951600,26830200,51298700
coalesce32,16,5,1,262144,0.708761300,369862.181,0.718750000,2741.814,32768,32768,65536,48766400,18914800,619030300,125659600,450136700,27366500,52439400
coalesce128,16,5,2,262144,0.630472100,415790.009,0.640625000,2443.790,32768,32768,65536,43675700,17066400,548867600,110855100,398263900,24693200,46862600
coalesce32,32,5,0,262144,0.454107200,577273.384,0.453125000,1728.535,16384,16384,32768,52472100,18516400,363083100,68895400,265929200,20194400,50954400
coalesce128,32,5,1,262144,0.424377600,617714.036,0.421875000,1609.325,16384,16384,32768,47084200,17476500,340297800,63566700,249613300,19123600,48150000
sg32,32,5,2,262144,0.564403200,464462.285,0.562500000,2145.767,16384,262144,40960,51368800,19660700,472065100,86536600,350932100,23826100,54388100
coalesce128,64,5,0,262144,0.270173600,970279.850,0.281250000,1072.884,8192,8192,16384,45878800,15937000,191252100,30149400,140963500,16192900,43906100
sg32,64,5,1,262144,0.373047700,702709.064,0.375000000,1430.511,12288,262144,28672,41962700,14683300,298873700,47772300,227417100,17120200,43817100
coalesce32,64,5,2,262144,0.345777800,758128.486,0.343750000,1311.302,12288,12288,20480,48776200,17136200,261593200,43504400,193887300,19212300,48321500
sg32,128,5,0,262144,0.375808100,697547.498,0.375000000,1430.511,10240,262144,22528,49148400,16160400,292483600,41535300,227881700,17815200,46606100
coalesce32,128,5,1,262144,0.293257300,893904.431,0.296875000,1132.488,10240,10240,14336,49313800,16390200,210881500,28238100,160702800,18614000,44691200
coalesce128,128,5,2,262144,0.218042800,1202259.373,0.218750000,834.465,4096,4096,8192,50777000,16275400,133481800,16559600,97827800,16832400,44388100
coalesce128,32,6,0,262144,0.440503600,595100.698,0.437500000,1668.930,16384,16384,32768,48354400,18298500,354444700,69503700,257355200,19297700,50242400
sg32,32,6,1,262144,0.520665600,503478.624,0.515625000,1966.953,16384,262144,40960,47438300,18033100,435393100,78207900,325528900,21785100,50162700
coalesce32,32,6,2,262144,0.425182600,616544.515,0.421875000,1609.325,16384,16384,32768,47190800,17390400,341263200,64460200,249918000,18925100,48927800
sg32,64,6,0,262144,0.476475400,550173.209,0.453125000,1728.535,12288,262144,28672,53045800,19025300,385360300,59563000,297922300,20869200,53531700
coalesce32,64,6,1,262144,0.369916300,708657.607,0.375000000,1430.511,12288,12288,20480,52133800,18425300,280798200,44262800,210592800,20815600,50477700
coalesce128,64,6,2,262144,0.300590700,872096.176,0.296875000,1132.488,8192,8192,16384,51123100,17558300,213967300,35684100,156922800,17177600,47805300
coalesce32,128,6,0,262144,0.284689200,920807.674,0.281250000,1072.884,10240,10240,14336,47491500,15636600,203686300,28169800,153936700,18090800,43827700
coalesce128,128,6,1,262144,0.218010800,1202435.843,0.218750000,834.465,4096,4096,8192,49584600,16350700,134407900,17710200,98815300,15796100,45044100
sg32,128,6,2,262144,0.378296900,692958.362,0.375000000,1430.511,10240,262144,22528,48630600,16445800,295537800,41500300,231543900,16995400,46770300
coalesce32,16,6,0,262144,0.623782500,420249.045,0.625000000,2384.186,32768,32768,65536,42777700,16402700,543985800,109274300,395538500,24077600,47637100
coalesce128,16,6,1,262144,0.534068100,490843.771,0.531250000,2026.558,32768,32768,65536,37452200,14046900,463143900,95937500,331615900,21465700,39870700
sg32,16,6,2,262144,0.559707600,468358.836,0.562500000,2145.767,32768,262144,65536,38745600,14726500,485981800,97690700,351761400,22243800,42277700
