payload_bytes,lanes,repeat,pause_ms,send,wait,messages,wall_ns,messages_per_second,cpu_ns_per_message,cpu_cycles_available,cpu_cycles_per_message,prepare_receive_p99_ns,poll_calls,send_busy,wake_calls,queue_full,buffer_waits,receive_segments,sg_writes,sg_messages,sg_ranges,sg_max_messages,sg_max_ranges
64,1,1,0,copy,spin,65536,74648100,877932.593,2622.604,1,8057.796,249700,5631,1533,0,0,515075,65536,0,0,0,0,0
64,1,1,0,sg,spin,65536,537136300,122010.000,25033.951,1,58318.451,1746700,66559,66557,0,0,3693224,65536,0,0,0,0,0
64,1,1,0,queued_sg,spin,65536,587063200,111633.637,26464.462,1,63716.308,1608400,66559,58218,0,0,3654844,65536,65536,65536,131072,1,2
64,1,1,0,batch_sg,spin,65536,139826500,468695.133,6437.302,1,15273.124,442600,9727,5618,0,0,859732,65536,4608,65536,131072,16,32
64,1,1,0,copy,wake,65536,79785800,821399.297,3576.279,1,8638.869,450500,6653,2555,4096,0,470497,65536,0,0,0,0,0
64,1,1,0,sg,wake,65536,508469300,128888.804,23603.439,1,55395.839,1304600,70131,70129,4096,0,3618127,65536,0,0,0,0,0
64,1,1,0,queued_sg,wake,65536,523596600,125165.060,24080.276,1,57051.475,1407100,70130,61820,4096,0,3768492,65536,65536,65536,131072,1,2
64,1,1,0,batch_sg,wake,65536,124628100,525852.516,5722.046,1,13575.622,346400,13293,9181,4096,0,867996,65536,4608,65536,131072,16,32
64,1,1,5,copy,spin,1024,498892700,2052.546,488281.250,1,1140318.901,768200,567497,0,0,0,0,1024,0,0,0,0,0
64,1,1,5,sg,spin,1024,488386300,2096.701,503540.039,1,1142209.870,413300,395659,992,0,1,0,1024,0,0,0,0,0
64,1,1,5,queued_sg,spin,1024,477834100,2143.003,473022.461,1,1116409.845,508000,444151,0,0,0,0,1024,1024,1024,2048,1,2
64,1,1,5,batch_sg,spin,1024,508004900,2015.729,503540.039,1,1168753.676,927300,439369,0,0,1,0,1024,97,1024,2048,16,32
64,1,1,5,copy,wake,1024,506807800,2020.490,0.000,1,26687.178,484200,143,0,64,9,0,1024,0,0,0,0,0
64,1,1,5,sg,wake,1024,491143800,2084.929,0.000,1,46273.320,693100,1071,999,64,2,0,1024,0,0,0,0,0
64,1,1,5,queued_sg,wake,1024,470487000,2176.468,61035.156,1,48581.316,783000,1076,0,64,1,0,1024,1024,1024,2048,1,2
64,1,1,5,batch_sg,wake,1024,495982200,2064.590,0.000,1,29438.154,692000,222,0,64,2,0,1024,99,1024,2048,16,32
64,8,1,0,copy,spin,524288,150608100,3481140.789,5990.267,1,15273.977,452600,45044,12264,0,240,5307672,524288,0,0,0,0,0
64,8,1,0,sg,spin,524288,997222500,525748.266,43928.623,1,106256.267,2423100,532548,532456,0,0,35768022,524288,0,0,0,0,0
64,8,1,0,queued_sg,spin,524288,1087286100,482198.752,47504.902,1,115234.278,2668100,532464,465732,0,0,37688826,524288,524288,524288,1048576,1,2
64,8,1,0,batch_sg,spin,524288,271961400,1927802.990,11950.731,1,27991.438,773700,78402,44929,0,0,8732569,524288,36866,524288,1048576,16,32
64,8,1,0,copy,wake,524288,135274500,3875734.155,5871.058,1,13549.194,479000,53230,20440,32768,50,4280641,524288,0,0,0,0,0
64,8,1,0,sg,wake,524288,1011472500,518341.329,44703.484,1,107420.250,2458600,561053,561044,32768,0,35836805,524288,0,0,0,0,0
64,8,1,0,queued_sg,wake,524288,1133316500,462613.930,50306.320,1,119676.449,2779700,560986,493405,32768,0,36776337,524288,524288,524288,1048576,1,2
64,8,1,0,batch_sg,wake,524288,279921800,1872980.239,12069.941,1,28921.015,730000,106366,73517,32768,0,9164279,524288,36864,524288,1048576,16,32
64,8,1,5,copy,spin,8192,481076900,17028.463,469207.764,1,1119190.312,629600,2794574,0,0,0,0,8192,0,0,0,0,0
64,8,1,5,sg,spin,8192,485629500,16868.827,469207.764,1,1128427.582,921100,2677429,7936,0,0,0,8192,0,0,0,0,0
64,8,1,5,queued_sg,spin,8192,497260000,16474.279,520706.177,1,1156736.120,934200,2751534,0,0,1,0,8192,8192,8192,16384,1,2
64,8,1,5,batch_sg,spin,8192,506166400,16184.401,486373.901,1,1174587.608,725100,2789294,0,0,1,0,8192,771,8192,16384,16,32
64,8,1,5,copy,wake,8192,503149900,16281.430,0.000,1,28304.765,611000,1173,0,512,10,0,8192,0,0,0,0,0
64,8,1,5,sg,wake,8192,498285200,16440.384,0.000,1,59644.037,1041900,8611,8029,512,7,0,8192,0,0,0,0,0
64,8,1,5,queued_sg,wake,8192,486834100,16827.088,5722.046,1,59202.430,896300,8593,0,512,2,0,8192,8192,8192,16384,1,2
64,8,1,5,batch_sg,wake,8192,483503900,16942.986,11444.092,1,32899.179,581500,1690,0,512,6,0,8192,771,8192,16384,16,32
65536,1,1,0,copy,spin,1024,175022400,5850.680,442504.883,1,1045392.702,43645800,1303,819,0,0,671579,2026,0,0,0,0,0
65536,1,1,0,sg,spin,1024,148750600,6884.006,381469.727,1,937729.502,21584000,1631,1023,0,0,605010,1154,0,0,0,0,0
65536,1,1,0,queued_sg,spin,1024,152226700,6726.809,427246.094,1,972543.781,21163000,2171,482,0,0,612818,1240,1024,1024,2048,1,2
65536,1,1,0,batch_sg,spin,1024,140225400,7302.529,350952.148,1,875275.438,22881600,1690,670,0,0,578279,2026,65,1024,2048,16,32
65536,1,1,0,copy,wake,1024,197412300,5187.113,503540.039,1,1191645.576,51423900,1038,869,64,0,701409,2026,0,0,0,0,0
65536,1,1,0,sg,wake,1024,159774500,6409.033,411987.305,1,1013075.176,24470100,1084,1082,64,0,603554,1178,0,0,0,0,0
65536,1,1,0,queued_sg,wake,1024,143032700,7159.202,320434.570,1,885638.955,18687300,4002,512,64,0,543491,1241,1024,1024,2048,1,2
65536,1,1,0,batch_sg,wake,1024,146512800,6989.150,381469.727,1,926762.336,22060300,1066,748,64,0,669899,2026,65,1024,2048,16,32
65536,1,1,5,copy,spin,1024,534138100,1917.107,549316.406,1,1350919.399,18253900,323134,0,0,0,0,1986,0,0,0,0,0
65536,1,1,5,sg,spin,1024,491906800,2081.695,473022.461,1,1241715.109,5618100,329356,992,0,2,0,1384,0,0,0,0,0
65536,1,1,5,queued_sg,spin,1024,499758100,2048.991,473022.461,1,1255996.007,5622300,310586,0,0,0,0,1249,1024,1024,2048,1,2
65536,1,1,5,batch_sg,spin,1024,463168600,2210.858,442504.883,1,1166629.512,11149600,430065,0,0,1,0,1988,96,1024,2048,16,32
65536,1,1,5,copy,wake,1024,487713000,2099.595,15258.789,1,367143.671,4711300,1136,0,64,1,0,1984,0,0,0,0,0
65536,1,1,5,sg,wake,1024,475874100,2151.830,61035.156,1,324746.334,3751000,1140,1010,64,2,0,1110,0,0,0,0,0
65536,1,1,5,queued_sg,wake,1024,508852700,2012.370,0.000,1,383202.572,4688000,1144,0,64,0,0,1091,1024,1024,2048,1,2
65536,1,1,5,batch_sg,wake,1024,501056800,2043.680,0.000,1,422039.455,5209900,1147,0,64,0,0,1984,96,1024,2048,16,32
65536,8,1,0,copy,spin,8192,456844600,17931.699,1031875.610,1,2495420.820,118591200,13825,6795,0,0,12366412,16210,0,0,0,0,0
65536,8,1,0,sg,spin,8192,208144000,39357.368,352859.497,1,913329.374,33382900,10501,8184,0,0,2852268,10164,0,0,0,0,0
65536,8,1,0,queued_sg,spin,8192,190449100,43014.118,480651.855,1,1175785.628,25986500,19449,3861,0,0,5034041,9676,8192,8192,16384,1,2
65536,8,1,0,batch_sg,spin,8192,214137600,38255.776,551223.755,1,1320189.023,34236800,14318,6638,0,0,5686278,16208,520,8192,16384,16,32
65536,8,1,0,copy,wake,8192,381605300,21467.207,839233.398,1,2047962.200,91829900,8350,7051,512,0,8963901,16208,0,0,0,0,0
65536,8,1,0,sg,wake,8192,187740800,43634.628,478744.507,1,1159032.975,26614200,8695,8679,512,0,4969807,9531,0,0,0,0,0
65536,8,1,0,queued_sg,wake,8192,196052700,41784.683,486373.901,1,1196325.863,26687500,9057,4111,512,0,5038018,9790,8192,8192,16384,1,2
65536,8,1,0,batch_sg,wake,8192,231541600,35380.251,537872.314,1,1299165.791,36110900,8527,6999,512,0,5038744,16208,520,8192,16384,16,32
65536,8,1,5,copy,spin,8192,506203600,16183.212,667572.021,1,1263928.859,25417900,717194,0,0,0,0,15954,0,0,0,0,0
65536,8,1,5,sg,spin,8192,491202400,16677.443,473022.461,1,1313139.324,6639500,1670142,7936,0,0,0,10286,0,0,0,0,0
65536,8,1,5,queued_sg,spin,8192,542368000,15104.136,495910.645,1,1310910.876,7130600,1897499,0,0,0,0,9118,8192,8192,16384,1,2
65536,8,1,5,batch_sg,spin,8192,884134100,9265.563,581741.333,1,1367250.126,42372600,1749567,0,0,1,0,15901,772,8192,16384,16,32
65536,8,1,5,copy,wake,8192,912375800,8978.756,410079.956,1,1013788.283,230138400,65658,1674,512,0,857670,16030,0,0,0,0,0
65536,8,1,5,sg,wake,8192,760804500,10767.549,347137.451,1,633881.866,92584200,17190,8095,512,1,274125,9286,0,0,0,0,0
65536,8,1,5,queued_sg,wake,8192,687800500,11910.430,150680.542,1,648383.272,29087600,9091,0,512,0,0,9512,8192,8192,16384,1,2
65536,8,1,5,batch_sg,wake,8192,758974800,10793.507,349044.800,1,927968.296,38962000,161997,0,512,0,0,15960,727,8192,16384,16,32
65536,8,2,0,sg,wake,8192,280314400,29224.328,459671.021,1,1076451.267,32743900,8695,8673,512,0,3071096,10453,0,0,0,0,0
65536,8,2,0,queued_sg,wake,8192,449957800,18206.152,560760.498,1,1360184.511,241836600,10835,4221,512,0,4252739,10058,8192,8192,16384,1,2
65536,8,2,0,batch_sg,wake,8192,327600700,25006.052,553131.104,1,1338764.822,91182300,8522,6587,512,0,3820879,16205,522,8192,16384,16,32
65536,8,2,0,copy,wake,8192,595448000,13757.708,751495.361,1,1757089.463,241861800,8365,6575,512,0,5584429,16205,0,0,0,0,0
65536,8,2,0,sg,spin,8192,258184700,31729.223,450134.277,1,1169886.952,37669800,18095,8182,0,0,2796252,10031,0,0,0,0,0
65536,8,2,0,queued_sg,spin,8192,651077000,12582.229,576019.287,1,1354438.187,206127600,383087,3616,0,0,4048956,9491,8192,8192,16384,1,2
65536,8,2,0,batch_sg,spin,8192,466993000,17542.019,595092.773,1,1383356.648,245297000,143041,5254,0,0,4125155,16208,530,8192,16384,16,32
65536,8,2,0,copy,spin,8192,709871500,11540.117,877380.371,1,2152803.172,387011500,141833,8054,0,0,7838942,16204,0,0,0,0,0
65536,8,2,5,sg,wake,8192,627878500,13047.110,291824.341,1,705890.083,38218800,21556,8141,512,1,0,9427,0,0,0,0,0
65536,8,2,5,queued_sg,wake,8192,529479600,15471.795,110626.221,1,694748.539,16933700,14853,0,512,1,0,9416,8192,8192,16384,1,2
65536,8,2,5,batch_sg,wake,8192,552699200,14821.805,375747.681,1,968127.183,31629800,171190,0,512,0,0,15958,732,8192,16384,16,32
65536,8,2,5,copy,wake,8192,560030800,14627.767,612258.911,1,1369125.231,71195700,52068,317,512,1,0,16180,0,0,0,0,0
65536,8,2,5,sg,spin,8192,506028000,16188.827,497817.993,1,1267513.027,9342900,1170196,7937,0,0,0,9073,0,0,0,0,0
65536,8,2,5,queued_sg,spin,8192,489964200,16719.589,619888.306,1,1287402.134,7295300,1676333,0,0,0,0,9068,8192,8192,16384,1,2
65536,8,2,5,batch_sg,spin,8192,529745600,15464.027,490188.599,1,1326456.776,27171900,1110190,0,0,0,0,15926,747,8192,16384,16,32
65536,8,2,5,copy,spin,8192,562501800,14563.509,513076.782,1,1369542.428,82327500,324265,475,0,0,0,16108,0,0,0,0,0
65536,1,2,0,sg,wake,1024,177698700,5762.563,427246.094,1,1107324.508,25311100,1086,1084,64,0,577049,1375,0,0,0,0,0
65536,1,2,0,queued_sg,wake,1024,148851600,6879.335,411987.305,1,932179.838,21123600,1086,513,64,0,619356,1172,1024,1024,2048,1,2
65536,1,2,0,batch_sg,wake,1024,165794100,6176.336,411987.305,1,993397.814,24245200,1066,738,64,0,636558,2026,65,1024,2048,16,32
65536,1,2,0,copy,wake,1024,184736000,5543.045,473022.461,1,1104925.065,47050500,1057,870,64,0,663924,2026,0,0,0,0,0
65536,1,2,0,sg,spin,1024,163789500,6251.927,427246.094,1,1023786.025,24008600,1459,1023,0,0,621047,1263,0,0,0,0,0
65536,1,2,0,queued_sg,spin,1024,168122900,6090.782,457763.672,1,1008171.316,24458600,1538,480,0,0,606332,1310,1024,1024,2048,1,2
65536,1,2,0,batch_sg,spin,1024,175388100,5838.480,366210.938,1,930489.998,33715500,1639,663,0,0,556762,2026,65,1024,2048,16,32
65536,1,2,0,copy,spin,1024,196018500,5223.997,488281.250,1,1123272.059,52141800,1600,819,0,0,738401,2026,0,0,0,0,0
65536,1,2,5,sg,wake,1024,477860200,2142.886,45776.367,1,482352.772,5637800,3242,1012,64,1,0,1246,0,0,0,0,0
65536,1,2,5,queued_sg,wake,1024,501237100,2042.945,30517.578,1,427119.722,5310700,1144,0,64,1,0,1092,1024,1024,2048,1,2
65536,1,2,5,batch_sg,wake,1024,500813800,2044.672,76293.945,1,472670.088,6192700,1146,0,64,0,0,1986,96,1024,2048,16,32
65536,1,2,5,copy,wake,1024,500765600,2044.869,411987.305,1,475053.630,6128700,1142,0,64,0,0,1985,0,0,0,0,0
65536,1,2,5,sg,spin,1024,492139200,2080.712,488281.250,1,1233918.744,5779600,251565,992,0,0,0,1515,0,0,0,0,0
65536,1,2,5,queued_sg,spin,1024,503585500,2033.418,671386.719,1,1260579.010,6048900,264164,0,0,0,0,1498,1024,1024,2048,1,2
65536,1,2,5,batch_sg,spin,1024,486982300,2102.746,640869.141,1,1228990.042,14106600,245457,0,0,1,0,2002,95,1024,2048,16,32
65536,1,2,5,copy,spin,1024,488261700,2097.236,534057.617,1,1224638.802,7800100,259479,0,0,0,0,1991,0,0,0,0,0
64,8,2,0,sg,wake,524288,1037577400,505300.135,45627.356,1,109315.311,2490700,561018,561008,32768,0,35768579,524288,0,0,0,0,0
64,8,2,0,queued_sg,wake,524288,1097006800,477925.934,48637.390,1,116570.746,2618300,561040,494414,32768,0,37670159,524288,524288,524288,1048576,1,2
64,8,2,0,batch_sg,wake,524288,283058800,1852222.930,12576.580,1,29761.303,754600,106365,73490,32768,0,9192639,524288,36864,524288,1048576,16,32
64,8,2,0,copy,wake,524288,136114700,3851810.275,5334.616,1,12956.205,463100,53236,20434,32768,42,3529082,524288,0,0,0,0,0
64,8,2,0,sg,spin,524288,1380917900,379666.307,43272.972,1,100744.385,4171900,715741,532286,0,0,25496409,524288,0,0,0,0,0
64,8,2,0,queued_sg,spin,524288,1400677000,374310.423,45597.553,1,108763.915,4740800,692245,448984,0,0,22906597,524288,524288,524288,1048576,1,2
64,8,2,0,batch_sg,spin,524288,291326700,1799656.537,12129.545,1,29647.213,811700,78133,44916,0,0,8549925,524288,36865,524288,1048576,16,32
64,8,2,0,copy,spin,524288,173285100,3025580.387,6914.139,1,16705.361,604500,47979,12259,0,109,4617536,524288,0,0,0,0,0
64,8,2,5,sg,wake,8192,483100000,16957.152,91552.734,1,59552.824,898900,8533,8000,512,4,0,8192,0,0,0,0,0
64,8,2,5,queued_sg,wake,8192,481816400,17002.327,47683.716,1,56940.743,914700,8533,0,512,5,0,8192,8192,8192,16384,1,2
64,8,2,5,batch_sg,wake,8192,498034900,16448.646,0.000,1,29653.240,512200,1646,0,512,4,0,8192,772,8192,16384,16,32
64,8,2,5,copy,wake,8192,500331000,16373.161,0.000,1,28017.467,604000,1145,0,512,3,0,8192,0,0,0,0,0
64,8,2,5,sg,spin,8192,497299400,16472.974,484466.553,1,1154564.713,978700,3821238,7931,0,6,0,8192,0,0,0,0,0
64,8,2,5,queued_sg,spin,8192,499247300,16408.702,486373.901,1,1161831.424,766000,3887793,0,0,5,0,8192,8192,8192,16384,1,2
64,8,2,5,batch_sg,spin,8192,496573400,16497.058,488281.250,1,1154175.145,806700,3397492,0,0,1,0,8192,774,8192,16384,16,32
64,8,2,5,copy,spin,8192,469102800,17463.123,453948.975,1,1084134.985,454100,3070861,0,0,3,0,8192,0,0,0,0,0
64,1,2,0,sg,wake,65536,613439300,106833.716,28610.229,1,66484.134,1813200,70126,70124,4096,0,3550520,65536,0,0,0,0,0
64,1,2,0,queued_sg,wake,65536,593323100,110455.838,27179.718,1,64334.829,1892800,70131,61823,4096,0,3931853,65536,65536,65536,131072,1,2
64,1,2,0,batch_sg,wake,65536,149589900,438104.444,6437.302,1,16268.141,514000,13292,9179,4096,0,919170,65536,4608,65536,131072,16,32
64,1,2,0,copy,wake,65536,77793400,842436.505,3576.279,1,8414.718,384600,6654,2556,4096,0,461909,65536,0,0,0,0,0
64,1,2,0,sg,spin,65536,561680900,116678.349,25749.207,1,61193.427,1529700,66558,66557,0,0,3681143,65536,0,0,0,0,0
64,1,2,0,queued_sg,spin,65536,606829300,107997.422,27894.974,1,66036.881,1709200,66559,58218,0,0,3832757,65536,65536,65536,131072,1,2
64,1,2,0,batch_sg,spin,65536,133570600,490646.894,6437.302,1,14529.960,414300,9727,5617,0,0,859669,65536,4608,65536,131072,16,32
64,1,2,0,copy,spin,65536,79302300,826407.305,3576.279,1,8611.665,239700,5631,1533,0,0,517865,65536,0,0,0,0,0
64,1,2,5,sg,wake,1024,492862100,2077.660,0.000,1,45426.415,1004300,1081,1010,64,4,0,1024,0,0,0,0,0
64,1,2,5,queued_sg,wake,1024,510782400,2004.768,0.000,1,48092.262,760300,1075,0,64,7,0,1024,1024,1024,2048,1,2
64,1,2,5,batch_sg,wake,1024,490853600,2086.162,0.000,1,29062.996,515800,209,0,64,2,0,1024,97,1024,2048,16,32
64,1,2,5,copy,wake,1024,499027500,2051.991,0.000,1,23044.158,431400,145,0,64,5,0,1024,0,0,0,0,0
64,1,2,5,sg,spin,1024,488524300,2096.109,488281.250,1,1137301.301,908800,526071,992,0,2,0,1024,0,0,0,0,0
64,1,2,5,queued_sg,spin,1024,495170100,2067.976,473022.461,1,1156991.285,897700,518175,0,0,0,0,1024,1024,1024,2048,1,2
64,1,2,5,batch_sg,spin,1024,485921800,2107.335,473022.461,1,1117690.590,3156300,442035,0,0,1,0,1024,97,1024,2048,16,32
64,1,2,5,copy,spin,1024,499298900,2050.876,473022.461,1,1153366.751,281100,456546,0,0,3,0,1024,0,0,0,0,0
64,1,3,0,queued_sg,spin,65536,608954700,107620.485,27894.974,1,66230.163,1840200,66559,58202,0,0,3789581,65536,65536,65536,131072,1,2
64,1,3,0,batch_sg,spin,65536,152366700,430120.230,7152.557,1,16455.583,479600,9727,5610,0,0,858594,65536,4608,65536,131072,16,32
64,1,3,0,copy,spin,65536,98265700,666926.506,4053.116,1,10618.424,406300,5631,1533,0,0,558457,65536,0,0,0,0,0
64,1,3,0,sg,spin,65536,597529900,109678.194,26226.044,1,64443.842,1902700,66559,66557,0,0,3712594,65536,0,0,0,0,0
64,1,3,0,queued_sg,wake,65536,639450200,102488.044,28610.229,1,69199.150,1965300,70128,61775,4096,0,3781460,65536,65536,65536,131072,1,2
64,1,3,0,batch_sg,wake,65536,163457900,400935.042,7867.813,1,17728.975,642100,13300,9194,4096,0,1003548,65536,4608,65536,131072,16,32
64,1,3,0,copy,wake,65536,79365300,825751.304,3576.279,1,8666.786,287800,6654,2556,4096,2,451102,65536,0,0,0,0,0
64,1,3,0,sg,wake,65536,607154400,107939.595,27894.974,1,65795.287,1707400,70124,70122,4096,0,3723818,65536,0,0,0,0,0
64,1,3,5,queued_sg,spin,1024,482737700,2121.235,473022.461,1,1130604.418,440700,466715,0,0,1,0,1024,1024,1024,2048,1,2
64,1,3,5,batch_sg,spin,1024,503367200,2034.300,503540.039,1,1172327.944,355800,513388,0,0,3,0,1024,96,1024,2048,16,32
64,1,3,5,copy,spin,1024,486662500,2104.128,473022.461,1,1139655.357,122600,473778,0,0,1,0,1024,0,0,0,0,0
64,1,3,5,sg,spin,1024,479649100,2134.894,473022.461,1,1116853.278,584700,462272,991,0,2,0,1024,0,0,0,0,0
64,1,3,5,queued_sg,wake,1024,486626300,2104.284,61035.156,1,51560.086,15647700,1068,0,64,4,0,1024,1024,1024,2048,1,2
64,1,3,5,batch_sg,wake,1024,489803300,2090.635,0.000,1,27130.162,425300,205,0,64,7,0,1024,96,1024,2048,16,32
64,1,3,5,copy,wake,1024,479636100,2134.952,15258.789,1,25079.432,340300,148,0,64,4,0,1024,0,0,0,0,0
64,1,3,5,sg,wake,1024,497916700,2056.569,61035.156,1,47811.593,905300,1069,1002,64,4,0,1024,0,0,0,0,0
64,8,3,0,queued_sg,spin,524288,1163435200,450637.904,50157.309,1,119130.257,2896300,540927,463037,0,2,35726621,524288,524288,524288,1048576,1,2
64,8,3,0,batch_sg,spin,524288,299676900,1749510.890,12964.010,1,30695.202,868200,78459,44924,0,0,8682159,524288,36865,524288,1048576,16,32
64,8,3,0,copy,spin,524288,174276800,3008363.706,7569.790,1,17564.170,514500,45251,12264,0,72,5034942,524288,0,0,0,0,0
64,8,3,0,sg,spin,524288,1161487700,451393.502,48488.379,1,118027.476,2898400,534485,532447,0,0,33209903,524288,0,0,0,0,0
64,8,3,0,queued_sg,wake,524288,1217271100,430707.671,50604.343,1,119804.890,3049600,560643,488357,32768,0,32015045,524288,524288,524288,1048576,1,2
64,8,3,0,batch_sg,wake,524288,344450200,1522101.018,13917.685,1,35671.171,952900,106177,73261,32768,1,8694710,524288,36867,524288,1048576,16,32
64,8,3,0,copy,wake,524288,158124800,3315659.530,6407.499,1,16000.839,580000,53238,20444,32768,63,4088469,524288,0,0,0,0,0
64,8,3,0,sg,wake,524288,1200564600,436701.199,51736.832,1,123296.532,3022300,560950,560939,32768,0,33580053,524288,0,0,0,0,0
64,8,3,5,queued_sg,spin,8192,501102000,16347.969,490188.599,1,1163816.129,1186300,3739863,0,0,1,0,8192,8192,8192,16384,1,2
64,8,3,5,batch_sg,spin,8192,490873400,16688.621,484466.553,1,1140892.400,559300,3954994,0,0,3,0,8192,781,8192,16384,16,32
64,8,3,5,copy,spin,8192,491155200,16679.046,486373.901,1,1135032.012,725200,3190342,0,0,4,0,8192,0,0,0,0,0
64,8,3,5,sg,spin,8192,487865200,16791.524,473022.461,1,1136068.422,916500,3747617,7933,0,2,0,8192,0,0,0,0,0
64,8,3,5,queued_sg,wake,8192,467569700,17520.383,15258.789,1,59596.296,1005300,8582,0,512,3,0,8192,8192,8192,16384,1,2
64,8,3,5,batch_sg,wake,8192,487828300,16792.794,26702.881,1,32988.113,483000,1699,0,512,7,0,8192,770,8192,16384,16,32
64,8,3,5,copy,wake,8192,477884600,17142.214,0.000,1,27782.731,444500,1163,0,512,5,0,8192,0,0,0,0,0
64,8,3,5,sg,wake,8192,501893400,16322.191,0.000,1,58369.473,873800,8576,8021,512,4,0,8192,0,0,0,0,0
65536,1,3,0,queued_sg,spin,1024,167112400,6127.612,427246.094,1,1056574.363,23210200,1322,481,0,0,594517,1177,1024,1024,2048,1,2
65536,1,3,0,batch_sg,spin,1024,172713700,5928.887,473022.461,1,1098638.427,25093500,1312,676,0,0,565107,2026,65,1024,2048,16,32
65536,1,3,0,copy,spin,1024,199288600,5138.277,473022.461,1,1167593.140,51323100,1394,819,0,0,581737,2026,0,0,0,0,0
65536,1,3,0,sg,spin,1024,187695400,5455.648,473022.461,1,1182572.409,26378400,1557,1023,0,0,572043,1212,0,0,0,0,0
65536,1,3,0,queued_sg,wake,1024,223647500,4578.634,579833.984,1,1378775.773,33455000,1086,519,64,0,585885,1277,1024,1024,2048,1,2
65536,1,3,0,batch_sg,wake,1024,183646200,5575.939,457763.672,1,1141661.652,30385700,1064,709,64,0,544463,2026,65,1024,2048,16,32
65536,1,3,0,copy,wake,1024,212036600,4829.355,503540.039,1,1230611.107,52858700,1058,862,64,0,586077,2026,0,0,0,0,0
65536,1,3,0,sg,wake,1024,180288100,5679.798,457763.672,1,1139279.750,24619800,1087,1085,64,0,604101,1166,0,0,0,0,0
65536,1,3,5,queued_sg,spin,1024,504564600,2029.473,564575.195,1,1281595.608,16604500,202778,0,0,0,0,1303,1024,1024,2048,1,2
65536,1,3,5,batch_sg,spin,1024,492471900,2079.306,473022.461,1,1249956.351,15553100,184777,0,0,1,0,1995,96,1024,2048,16,32
65536,1,3,5,copy,spin,1024,500939500,2044.159,473022.461,1,1246266.783,11594500,218206,0,0,1,0,1985,0,0,0,0,0
65536,1,3,5,sg,spin,1024,501008300,2043.878,503540.039,1,1261670.346,5908900,254633,992,0,1,0,1347,0,0,0,0,0
65536,1,3,5,queued_sg,wake,1024,496684100,2061.673,473022.461,1,451138.718,5344900,1145,0,64,2,0,1075,1024,1024,2048,1,2
65536,1,3,5,batch_sg,wake,1024,497277500,2059.212,442504.883,1,491248.422,5700900,1138,0,64,1,0,1984,96,1024,2048,16,32
65536,1,3,5,copy,wake,1024,494543600,2070.596,228881.836,1,505290.974,6321500,1136,0,64,1,0,1984,0,0,0,0,0
65536,1,3,5,sg,wake,1024,501295100,2042.709,30517.578,1,431911.111,5178100,1142,1015,64,0,0,1058,0,0,0,0,0
65536,8,3,0,queued_sg,spin,8192,221366400,37006.520,543594.360,1,1327609.135,30231400,42282,3997,0,0,4421171,10282,8192,8192,16384,1,2
65536,8,3,0,batch_sg,spin,8192,315773500,25942.646,793457.031,1,1911754.025,44499800,18525,6696,0,0,5233413,16210,520,8192,16384,16,32
65536,8,3,0,copy,spin,8192,755377400,10844.910,1665115.356,1,3882951.559,213312900,16845,6868,0,0,5810626,16209,0,0,0,0,0
65536,8,3,0,sg,spin,8192,317565700,25796.237,810623.169,1,1935817.018,45648100,12634,8193,0,0,4769652,9762,0,0,0,0,0
65536,8,3,0,queued_sg,wake,8192,252736800,32413.167,648498.535,1,1517765.583,34368900,8681,6271,512,0,4785450,9501,8192,8192,16384,1,2
65536,8,3,0,batch_sg,wake,8192,319517100,25638.690,694274.902,1,1923660.676,46114700,8528,7111,512,0,4968484,16208,520,8192,16384,16,32
65536,8,3,0,copy,wake,8192,636185900,12876.739,1363754.272,1,3300021.409,179848200,8459,7116,512,0,6112736,16209,0,0,0,0,0
65536,8,3,0,sg,wake,8192,311303800,26315.130,747680.664,1,1856847.960,44312300,10173,8678,512,0,4583084,10447,0,0,0,0,0
65536,8,3,5,queued_sg,spin,8192,510722200,16040.031,484466.553,1,1316477.769,7367500,1393355,0,0,0,0,9263,8192,8192,16384,1,2
65536,8,3,5,batch_sg,spin,8192,532885300,15372.914,667572.021,1,1362483.784,23504700,914501,0,0,2,0,15895,753,8192,16384,16,32
65536,8,3,5,copy,spin,8192,628854000,13026.871,579833.984,1,1541168.957,130469000,110962,1489,0,0,0,16176,0,0,0,0,0
65536,8,3,5,sg,spin,8192,517590100,15827.196,520706.177,1,1349683.481,7825000,1495269,7942,0,0,0,9596,0,0,0,0,0
65536,8,3,5,queued_sg,wake,8192,497570400,16464.002,1907.349,1,617816.768,6610000,16154,0,512,0,0,8714,8192,8192,16384,1,2
65536,8,3,5,batch_sg,wake,8192,511003500,16031.201,74386.597,1,875733.647,22235200,145118,0,512,1,0,15889,752,8192,16384,16,32
65536,8,3,5,copy,wake,8192,549051900,14920.265,625610.352,1,1317045.500,47842400,20498,0,512,0,0,16036,0,0,0,0,0
65536,8,3,5,sg,wake,8192,501678400,16329.186,371932.983,1,709054.750,9010100,9158,8142,512,1,0,8877,0,0,0,0,0
65536,8,4,0,batch_sg,wake,8192,221097000,37051.611,577926.636,1,1348224.076,34320300,8523,7050,512,0,5403456,16208,520,8192,16384,16,32
65536,8,4,0,copy,wake,8192,431235600,18996.576,881195.068,1,2320998.408,113176400,8410,7114,512,0,6955017,16209,0,0,0,0,0
65536,8,4,0,sg,wake,8192,262578900,31198.242,696182.251,1,1617048.740,37554300,8692,8671,512,0,4920206,10067,0,0,0,0,0
65536,8,4,0,queued_sg,wake,8192,219477300,37325.045,560760.498,1,1341582.226,29394200,8849,6789,512,0,4883802,9551,8192,8192,16384,1,2
65536,8,4,0,batch_sg,spin,8192,240278100,34093.827,623703.003,1,1445729.811,34302000,18869,6609,0,0,5214374,16210,520,8192,16384,16,32
65536,8,4,0,copy,spin,8192,478634600,17115.353,1100540.161,1,2572686.397,129617000,19775,13454,0,0,6406562,16208,0,0,0,0,0
65536,8,4,0,sg,spin,8192,253984700,32253.911,644683.838,1,1556841.887,37973200,12647,8184,0,0,4977221,9895,0,0,0,0,0
65536,8,4,0,queued_sg,spin,8192,221420800,36997.428,474929.810,1,1173831.406,29913700,14045,4484,0,0,3571555,9881,8192,8192,16384,1,2
65536,8,4,5,batch_sg,wake,8192,511817000,16005.721,349044.800,1,884633.302,21823800,104812,0,512,0,0,15888,759,8192,16384,16,32
65536,8,4,5,copy,wake,8192,490328600,16707.163,530242.920,1,1043673.470,26156800,102021,0,512,0,0,15938,0,0,0,0,0
65536,8,4,5,sg,wake,8192,498137100,16445.272,167846.680,1,621850.290,6956500,9159,8130,512,0,0,8848,0,0,0,0,0
65536,8,4,5,queued_sg,wake,8192,509980300,16063.366,143051.147,1,622590.509,7062500,9190,0,512,1,0,9096,8192,8192,16384,1,2
65536,8,4,5,batch_sg,spin,8192,508502900,16110.036,474929.810,1,1344145.103,21776000,1177616,0,0,0,0,15881,763,8192,16384,16,32
65536,8,4,5,copy,spin,8192,540968300,15143.216,713348.389,1,1349206.646,42720300,393719,0,0,0,0,16061,0,0,0,0,0
65536,8,4,5,sg,spin,8192,495469600,16533.810,562667.847,1,1289879.609,10728000,683428,7945,0,0,0,9338,0,0,0,0,0
65536,8,4,5,queued_sg,spin,8192,523118700,15659.926,478744.507,1,1267904.935,13354200,1050520,0,0,0,0,9352,8192,8192,16384,1,2
65536,1,4,0,batch_sg,wake,1024,226966800,4511.673,579833.984,1,1421088.678,32039400,1068,731,64,0,696697,2026,65,1024,2048,16,32
65536,1,4,0,copy,wake,1024,229704300,4457.905,534057.617,1,1348559.706,57044400,1056,892,64,0,646262,2026,0,0,0,0,0
65536,1,4,0,sg,wake,1024,161354400,6346.279,442504.883,1,1011101.405,21695100,1086,1083,64,0,596057,1186,0,0,0,0,0
65536,1,4,0,queued_sg,wake,1024,177115200,5781.548,503540.039,1,1144577.980,26685900,1085,514,64,0,618623,1243,1024,1024,2048,1,2
65536,1,4,0,batch_sg,spin,1024,177897300,5756.130,473022.461,1,1129915.857,25439800,1369,672,0,0,589758,2026,65,1024,2048,16,32
65536,1,4,0,copy,spin,1024,179919700,5691.428,411987.305,1,1042281.306,44864500,1383,819,0,0,598091,2026,0,0,0,0,0
65536,1,4,0,sg,spin,1024,145391100,7043.072,411987.305,1,911226.633,23104500,1451,1023,0,0,501128,1104,0,0,0,0,0
65536,1,4,0,queued_sg,spin,1024,182698400,5604.866,457763.672,1,1158359.755,26397200,1439,482,0,0,604854,1329,1024,1024,2048,1,2
65536,1,4,5,batch_sg,wake,1024,501886300,2040.303,259399.414,1,522213.144,18606500,12868,0,64,2,0,1984,96,1024,2048,16,32
65536,1,4,5,copy,wake,1024,492822500,2077.827,396728.516,1,671353.103,33242700,20380,0,64,0,0,1997,0,0,0,0,0
65536,1,4,5,sg,wake,1024,494114800,2072.393,183105.469,1,479972.729,9878200,2733,1021,64,0,0,1292,0,0,0,0,0
65536,1,4,5,queued_sg,wake,1024,501362000,2042.436,15258.789,1,467228.485,6838200,1149,0,64,0,0,1135,1024,1024,2048,1,2
65536,1,4,5,batch_sg,spin,1024,497864100,2056.786,488281.250,1,1238793.633,19475000,237651,0,0,2,0,1997,94,1024,2048,16,32
65536,1,4,5,copy,spin,1024,503852900,2032.339,488281.250,1,1277382.837,6817000,213596,0,0,0,0,1987,0,0,0,0,0
65536,1,4,5,sg,spin,1024,505505800,2025.694,488281.250,1,1272120.389,5373100,245304,992,0,1,0,1179,0,0,0,0,0
65536,1,4,5,queued_sg,spin,1024,500592200,2045.577,488281.250,1,1270634.263,5811700,240574,0,0,1,0,1164,1024,1024,2048,1,2
64,8,4,0,batch_sg,wake,524288,316210300,1658035.807,13470.650,1,31998.804,864700,106274,73338,32768,0,9241189,524288,36865,524288,1048576,16,32
64,8,4,0,copy,wake,524288,139500100,3758334.223,6318.092,1,14321.050,540600,53239,20450,32768,43,4369873,524288,0,0,0,0,0
64,8,4,0,sg,wake,524288,1056541900,496230.202,46581.030,1,109969.828,2624600,560944,560933,32768,0,34104967,524288,0,0,0,0,0
64,8,4,0,queued_sg,wake,524288,1079128700,485843.811,48279.762,1,114507.184,2502800,561026,494375,32768,0,36912904,524288,524288,524288,1048576,1,2
64,8,4,0,batch_sg,spin,524288,275409000,1903670.541,10997.057,1,26083.408,687200,85421,44359,0,1,7568660,524288,36889,524288,1048576,16,32
64,8,4,0,copy,spin,524288,155019300,3382082.102,6556.511,1,15834.714,459500,45113,12264,0,200,5027374,524288,0,0,0,0,0
64,8,4,0,sg,spin,524288,1045735700,501358.039,46342.611,1,111347.620,2512700,532570,532456,0,0,34672545,524288,0,0,0,0,0
64,8,4,0,queued_sg,spin,524288,1105931500,474069.144,47862.530,1,116809.696,2519200,532498,465537,0,0,36427607,524288,524288,524288,1048576,1,2
64,8,4,5,batch_sg,wake,8192,530078600,15454.312,0.000,1,31301.350,502800,1701,0,512,3,0,8192,769,8192,16384,16,32
64,8,4,5,copy,wake,8192,489867500,16722.889,0.000,1,27859.154,616000,1136,0,512,10,0,8192,0,0,0,0,0
64,8,4,5,sg,wake,8192,494872300,16553.765,0.000,1,57892.516,1118100,8613,8063,512,3,0,8192,0,0,0,0,0
64,8,4,5,queued_sg,wake,8192,510868600,16035.435,55313.110,1,59623.632,934900,8593,0,512,2,0,8192,8192,8192,16384,1,2
64,8,4,5,batch_sg,spin,8192,481380400,17017.727,469207.764,1,1122468.412,554300,2769308,0,0,4,0,8192,773,8192,16384,16,32
64,8,4,5,copy,spin,8192,512001700,15999.947,507354.736,1,1190106.876,466100,2976050,0,0,1,0,8192,0,0,0,0,0
64,8,4,5,sg,spin,8192,493863300,16587.586,473022.461,1,1155087.859,674500,2825083,7935,0,4,0,8192,0,0,0,0,0
64,8,4,5,queued_sg,spin,8192,489698900,16728.647,480651.855,1,1140676.963,848400,2802608,0,0,1,0,8192,8192,8192,16384,1,2
64,1,4,0,batch_sg,wake,65536,204272900,320825.719,9298.325,1,22282.976,618000,13299,9189,4096,0,977585,65536,4608,65536,131072,16,32
64,1,4,0,copy,wake,65536,87488700,749079.595,4291.534,1,9521.715,333800,6655,2555,4096,0,474373,65536,0,0,0,0,0
64,1,4,0,sg,wake,65536,789434200,83016.419,35762.787,1,86144.122,1838000,70132,70131,4096,0,3967431,65536,0,0,0,0,0
64,1,4,0,queued_sg,wake,65536,772656900,84819.019,35762.787,1,84302.403,1858900,70135,61825,4096,0,3831145,65536,65536,65536,131072,1,2
64,1,4,0,batch_sg,spin,65536,196787500,333029.283,9298.325,1,21469.803,525900,9726,5621,0,1,989384,65536,4608,65536,131072,16,32
64,1,4,0,copy,spin,65536,107451300,609913.514,5006.790,1,11709.038,328000,5630,1533,0,0,549475,65536,0,0,0,0,0
64,1,4,0,sg,spin,65536,793623200,82578.231,35047.531,1,86416.008,1882700,66559,66557,0,0,3819905,65536,0,0,0,0,0
64,1,4,0,queued_sg,spin,65536,804323700,81479.633,36001.205,1,87598.203,2075500,66559,58220,0,1,4070581,65536,65536,65536,131072,1,2
64,1,4,5,batch_sg,wake,1024,503409200,2034.130,0.000,1,28973.652,617800,205,0,64,1,0,1024,96,1024,2048,16,32
64,1,4,5,copy,wake,1024,502184000,2039.093,0.000,1,23694.130,332900,150,0,64,0,0,1024,0,0,0,0,0
64,1,4,5,sg,wake,1024,490372800,2088.207,106811.523,1,48816.378,722900,1070,1001,64,1,0,1024,0,0,0,0,0
64,1,4,5,queued_sg,wake,1024,495598800,2066.187,0.000,1,49231.516,752600,1070,0,64,2,0,1024,1024,1024,2048,1,2
64,1,4,5,batch_sg,spin,1024,490436400,2087.936,488281.250,1,1142885.121,732500,390758,0,0,1,0,1024,98,1024,2048,16,32
64,1,4,5,copy,spin,1024,503149700,2035.180,503540.039,1,1175675.338,349600,452800,0,0,1,0,1024,0,0,0,0,0
64,1,4,5,sg,spin,1024,495892500,2064.964,488281.250,1,1160597.589,485400,408746,991,0,1,0,1024,0,0,0,0,0
64,1,4,5,queued_sg,spin,1024,501238200,2042.941,488281.250,1,1173095.793,491300,427512,0,0,1,0,1024,1024,1024,2048,1,2
