payload_bytes,lanes,repeat,send,path,lease_batch,messages,wall_ns,messages_per_second,cpu_ns_per_message,cpu_cycles_available,cpu_cycles_per_message,lease_receive_p99_ns,guard_calls,guard_enter_total_ns,guard_enter_max_ns,buffer_probes,buffer_waits,peak_inflight_per_lane,application_workers,measurement_run
64,1,1,copy,local,1,65536,74119000,884199.733,1192.093,1,2710.042,57400,0,0,0,65536,0,48,1,1
64,1,1,copy,local_guard,1,65536,78691300,832823.959,1192.093,1,2867.696,62200,65536,2540400,181500,65536,0,48,1,1
64,1,1,copy,shared_guard,1,65536,86820000,754849.113,1192.093,1,3171.668,62600,65536,2683000,4000,65536,0,48,1,1
64,1,1,copy,local,16,65536,79230700,827154.121,1192.093,1,2787.374,57200,0,0,0,65536,0,48,1,1
64,1,1,copy,local_guard,16,65536,74070400,884779.885,1192.093,1,2688.663,54600,4096,160300,100,65536,0,48,1,1
64,1,1,copy,shared_guard,16,65536,74773500,876460.243,953.674,1,2674.440,56200,4096,159800,200,65536,0,48,1,1
64,1,1,batch_sg,local,1,65536,112290800,583627.510,1668.930,1,4051.678,126300,0,0,0,65536,0,88,1,1
64,1,1,batch_sg,local_guard,1,65536,126350900,518682.495,1907.349,1,4613.145,138800,65536,2512900,3400,65536,0,88,1,1
64,1,1,batch_sg,shared_guard,1,65536,121529200,539261.346,1907.349,1,4438.377,136900,65536,2336500,4600,65536,0,88,1,1
64,1,1,batch_sg,local,16,65536,132585600,494291.989,1668.930,1,3905.941,120400,0,0,0,65536,0,96,1,1
64,1,1,batch_sg,local_guard,16,65536,114632000,571707.726,1668.930,1,4155.948,144300,4096,156700,300,65536,0,88,1,1
64,1,1,batch_sg,shared_guard,16,65536,120706000,542939.042,1907.349,1,4400.279,144500,4096,160800,1800,65536,0,88,1,1
64,8,1,copy,local,1,524288,110560500,4742091.434,1519.918,1,3531.117,95000,0,0,0,524288,0,48,8,1
64,8,1,copy,local_guard,1,524288,101213000,5180046.042,1490.116,1,3323.406,73800,524288,28728300,11300,524288,0,48,8,1
64,8,1,copy,shared_guard,1,524288,197306500,2657226.194,3010.035,1,7017.131,330900,524288,713663500,579600,524394,0,48,8,1
64,8,1,copy,local,16,524288,102060300,5137041.533,1400.709,1,3020.973,68900,0,0,0,524288,0,48,8,1
64,8,1,copy,local_guard,16,524288,92049400,5695724.252,1311.302,1,3099.191,71600,32768,2735800,86600,524288,0,48,8,1
64,8,1,copy,shared_guard,16,524288,90024400,5823843.314,1430.511,1,3208.157,83400,32768,17500500,111400,524302,0,48,8,1
64,8,1,batch_sg,local,1,524288,153058600,3425407.001,2264.977,1,5153.313,190600,0,0,0,524288,0,88,8,1
64,8,1,batch_sg,local_guard,1,524288,149916200,3497207.106,2056.360,1,5118.229,170800,524288,23259700,47800,524288,0,88,8,1
64,8,1,batch_sg,shared_guard,1,524288,197625700,2652934.310,2652.407,1,6537.697,320400,524288,245523700,582700,526561,0,88,8,1
64,8,1,batch_sg,local,16,524288,221294700,2369184.621,3159.046,1,7578.566,250700,0,0,0,524288,0,88,8,1
64,8,1,batch_sg,local_guard,16,524288,215631400,2431408.413,3069.639,1,7530.046,243400,32768,1945800,9200,524288,0,88,8,1
64,8,1,batch_sg,shared_guard,16,524288,225570700,2324273.498,3367.662,1,7815.744,268000,32768,6764800,77800,524907,0,88,8,1
65536,1,1,copy,local,1,1024,177560200,5767.058,152587.891,1,398171.551,28028500,0,0,0,1024,0,126,1,1
65536,1,1,copy,local_guard,1,1024,147269400,6953.244,137329.102,1,341800.413,18889200,1024,175700,129700,1024,0,127,1,1
65536,1,1,copy,shared_guard,1,1024,166299700,6157.558,167846.680,1,387601.046,25468100,1024,48300,400,1024,0,126,1,1
65536,1,1,copy,local,16,1024,171046800,5986.666,167846.680,1,395166.585,25523000,0,0,0,1024,0,126,1,1
65536,1,1,copy,local_guard,16,1024,129458500,7909.871,122070.312,1,299745.244,21434500,64,4500,400,1024,0,126,1,1
65536,1,1,copy,shared_guard,16,1024,173962400,5886.329,167846.680,1,405255.982,26469900,64,4600,300,1024,0,126,1,1
65536,1,1,sg,local,1,1024,140267700,7300.326,122070.312,1,313790.373,2798500,0,0,0,1024,0,3,1,1
65536,1,1,sg,local_guard,1,1024,143294400,7146.127,137329.102,1,333849.667,2731700,1024,54400,1700,1024,0,3,1,1
65536,1,1,sg,shared_guard,1,1024,152167800,6729.413,152587.891,1,355911.036,3297900,1024,59900,2000,1024,0,3,1,1
65536,1,1,sg,local,16,1024,148517800,6894.796,152587.891,1,345878.695,4150500,0,0,0,1024,0,3,1,1
65536,1,1,sg,local_guard,16,1024,151239600,6770.713,152587.891,1,351720.723,3564900,64,7200,200,1024,0,3,1,1
65536,1,1,sg,shared_guard,16,1024,151024100,6780.375,152587.891,1,352045.356,3289900,64,6600,600,1024,0,3,1,1
65536,8,1,copy,local,1,8192,327175300,25038.565,301361.084,1,682825.235,45297200,0,0,0,8192,0,127,8,1
65536,8,1,copy,local_guard,1,8192,312635800,26203.013,263214.111,1,668936.158,41926100,8192,1055700,16800,8192,0,127,8,1
65536,8,1,copy,shared_guard,1,8192,307049700,26679.720,263214.111,1,657043.808,40211600,8192,1894400,412200,8192,0,127,8,1
65536,8,1,copy,local,16,8192,302350100,27094.418,268936.157,1,644414.393,42680000,0,0,0,8192,0,127,8,1
65536,8,1,copy,local_guard,16,8192,297156000,27568.011,270843.506,1,658601.112,43192200,512,154300,14000,8192,0,127,8,1
65536,8,1,copy,shared_guard,16,8192,323965700,25286.628,289916.992,1,700647.632,52157100,512,96500,7200,8192,0,127,8,1
65536,8,1,sg,local,1,8192,217897600,37595.641,198364.258,1,478463.200,4253600,0,0,0,8192,0,3,8,1
65536,8,1,sg,local_guard,1,8192,203423100,40270.746,177383.423,1,437035.958,3713700,8192,1817200,612300,8192,0,3,8,1
65536,8,1,sg,shared_guard,1,8192,199962000,40967.784,171661.377,1,428203.957,3926000,8192,4871900,3117900,8192,0,3,8,1
65536,8,1,sg,local,16,8192,212820900,38492.460,181198.120,1,432650.550,4394100,0,0,0,8192,0,3,8,1
65536,8,1,sg,local_guard,16,8192,210713300,38877.470,175476.074,1,427850.612,4403600,512,43600,300,8192,0,3,8,1
65536,8,1,sg,shared_guard,16,8192,210526800,38911.911,188827.515,1,446629.668,4577300,512,71800,5400,8192,0,3,8,1
65536,8,2,sg,local_guard,1,8192,197482300,41482.199,185012.817,1,423778.965,3676400,8192,526400,1100,8192,0,3,8,1
65536,8,2,sg,shared_guard,1,8192,202434200,40467.470,183105.469,1,444748.079,4088100,8192,596500,4400,8192,0,3,8,1
65536,8,2,sg,local,16,8192,195817400,41834.893,183105.469,1,419046.649,4223800,0,0,0,8192,0,3,8,1
65536,8,2,sg,local_guard,16,8192,187010200,43805.097,171661.377,1,413074.204,4339800,512,41900,500,8192,0,3,8,1
65536,8,2,sg,shared_guard,16,8192,187231800,43753.251,162124.634,1,386014.884,4124500,512,34000,2400,8192,0,3,8,1
65536,8,2,sg,local,1,8192,201925900,40569.338,173568.726,1,419627.712,3654400,0,0,0,8192,0,3,8,1
65536,8,2,copy,local_guard,1,8192,282742400,28973.369,247955.322,1,623686.036,37520900,8192,1355300,354300,8192,0,127,8,1
65536,8,2,copy,shared_guard,1,8192,291218100,28130.120,257492.065,1,636085.485,39346700,8192,1265200,53000,8192,0,127,8,1
65536,8,2,copy,local,16,8192,337072500,24303.377,308990.479,1,727025.840,46016100,0,0,0,8192,0,127,8,1
65536,8,2,copy,local_guard,16,8192,309601700,26459.803,293731.689,1,675531.005,41598200,512,158000,2200,8192,0,127,8,1
65536,8,2,copy,shared_guard,16,8192,284444800,28799.964,261306.763,1,629282.393,39534100,512,82400,8200,8192,0,127,8,1
65536,8,2,copy,local,1,8192,291771500,28076.766,253677.368,1,630955.088,39520900,0,0,0,8192,0,127,8,1
65536,1,2,sg,local_guard,1,1024,130690600,7835.300,122070.312,1,304858.239,2910800,1024,49300,1100,1024,0,3,1,1
65536,1,2,sg,shared_guard,1,1024,145089900,7057.693,137329.102,1,337811.474,2812900,1024,49300,300,1024,0,3,1,1
65536,1,2,sg,local,16,1024,97806400,10469.663,106811.523,1,227959.098,2253900,0,0,0,1024,0,3,1,1
65536,1,2,sg,local_guard,16,1024,94756000,10806.704,91552.734,1,221364.897,2189700,64,3000,200,1024,0,2,1,1
65536,1,2,sg,shared_guard,16,1024,150177600,6818.593,152587.891,1,350029.487,3346500,64,4400,200,1024,0,3,1,1
65536,1,2,sg,local,1,1024,151058000,6778.853,137329.102,1,352361.331,2802700,0,0,0,1024,0,3,1,1
65536,1,2,copy,local_guard,1,1024,144755700,7073.987,137329.102,1,337691.721,20319100,1024,47100,300,1024,0,126,1,1
65536,1,2,copy,shared_guard,1,1024,137541300,7445.037,137329.102,1,318717.197,22578000,1024,52000,500,1024,0,126,1,1
65536,1,2,copy,local,16,1024,169095300,6055.757,152587.891,1,387286.931,24703500,0,0,0,1024,0,127,1,1
65536,1,2,copy,local_guard,16,1024,175238400,5843.468,167846.680,1,408277.803,23455200,64,5700,400,1024,0,126,1,1
65536,1,2,copy,shared_guard,16,1024,165608200,6183.269,167846.680,1,385472.676,23948800,64,6900,500,1024,0,126,1,1
65536,1,2,copy,local,1,1024,161211200,6351.916,152587.891,1,374211.498,23756400,0,0,0,1024,0,126,1,1
64,8,2,batch_sg,local_guard,1,524288,221386800,2368199.007,3278.255,1,7693.768,258400,524288,28581900,62200,524288,0,88,8,1
64,8,2,batch_sg,shared_guard,1,524288,228468800,2294790.361,3337.860,1,8128.586,280300,524288,93132100,281100,524686,0,88,8,1
64,8,2,batch_sg,local,16,524288,201841600,2597522.017,2920.628,1,6954.609,239600,0,0,0,524288,0,88,8,1
64,8,2,batch_sg,local_guard,16,524288,214667200,2442329.336,3039.837,1,7445.533,255800,32768,2088600,17000,524288,0,88,8,1
64,8,2,batch_sg,shared_guard,16,524288,210829500,2486786.716,2920.628,1,7149.647,245200,32768,7554900,106800,524939,0,88,8,1
64,8,2,batch_sg,local,1,524288,206456500,2539459.886,3010.035,1,7174.198,238100,0,0,0,524288,0,88,8,1
64,8,2,copy,local_guard,1,524288,139405800,3760876.520,2056.360,1,4839.040,101500,524288,25846900,21800,524288,0,48,8,1
64,8,2,copy,shared_guard,1,524288,161418200,3248010.447,2354.383,1,5701.254,222400,524288,256997100,904500,524329,0,48,8,1
64,8,2,copy,local,16,524288,121091800,4329673.851,1758.337,1,4212.644,89200,0,0,0,524288,0,48,8,1
64,8,2,copy,local_guard,16,524288,121934600,4299747.570,1728.535,1,4054.207,86700,32768,1806900,6900,524288,0,48,8,1
64,8,2,copy,shared_guard,16,524288,127350500,4116890.000,1907.349,1,4494.853,98600,32768,8789900,123000,524304,0,48,8,1
64,8,2,copy,local,1,524288,135149100,3879330.310,2026.558,1,4643.817,104300,0,0,0,524288,0,48,8,1
64,1,2,batch_sg,local_guard,1,65536,124696200,525565.334,1907.349,1,4551.695,159700,65536,2226700,300,65536,0,88,1,1
64,1,2,batch_sg,shared_guard,1,65536,117574300,557400.724,1907.349,1,4287.980,151200,65536,2165500,5200,65536,0,88,1,1
64,1,2,batch_sg,local,16,65536,108759900,602575.030,1668.930,1,3968.648,135900,0,0,0,65536,0,88,1,1
64,1,2,batch_sg,local_guard,16,65536,129437300,506314.640,1907.349,1,4721.621,157700,4096,146100,200,65536,0,88,1,1
64,1,2,batch_sg,shared_guard,16,65536,115740800,566230.750,1907.349,1,4219.156,147400,4096,139800,300,65536,0,88,1,1
64,1,2,batch_sg,local,1,65536,134852100,485984.275,2145.767,1,4890.195,180600,0,0,0,65536,0,88,1,1
64,1,2,copy,local_guard,1,65536,114907600,570336.514,1668.930,1,4194.824,81800,65536,2523800,400,65536,0,48,1,1
64,1,2,copy,shared_guard,1,65536,99592900,658038.876,1668.930,1,3565.172,81300,65536,2377000,400,65536,0,48,1,1
64,1,2,copy,local,16,65536,111302500,588809.775,1668.930,1,4059.195,78100,0,0,0,65536,0,48,1,1
64,1,2,copy,local_guard,16,65536,85481800,766666.121,1192.093,1,3119.259,69200,4096,143700,400,65536,0,48,1,1
64,1,2,copy,shared_guard,16,65536,112104900,584595.321,1668.930,1,4092.919,82500,4096,162500,700,65536,0,48,1,1
64,1,2,copy,local,1,65536,115509300,567365.571,1907.349,1,4214.803,83200,0,0,0,65536,0,48,1,1
64,1,3,copy,shared_guard,1,65536,90737900,722256.080,1192.093,1,3310.126,73400,65536,2227900,300,65536,0,48,1,1
64,1,3,copy,local,16,65536,72750400,900833.535,953.674,1,2649.454,64500,0,0,0,65536,0,48,1,1
64,1,3,copy,local_guard,16,65536,67112300,976512.502,953.674,1,2450.833,53600,4096,130500,300,65536,0,48,1,1
64,1,3,copy,shared_guard,16,65536,69245700,946426.998,1192.093,1,2525.947,54000,4096,135600,100,65536,0,48,1,1
64,1,3,copy,local,1,65536,72592600,902791.745,1192.093,1,2650.529,56300,0,0,0,65536,0,48,1,1
64,1,3,copy,local_guard,1,65536,74457100,880184.697,953.674,1,2718.630,57600,65536,2098800,400,65536,0,48,1,1
64,1,3,batch_sg,shared_guard,1,65536,112317700,583487.732,1668.930,1,4099.968,134100,65536,2035100,2700,65536,0,88,1,1
64,1,3,batch_sg,local,16,65536,109492700,598542.186,1668.930,1,3991.032,143700,0,0,0,65536,0,88,1,1
64,1,3,batch_sg,local_guard,16,65536,110592600,592589.378,1907.349,1,4037.203,134600,4096,136300,200,65536,0,88,1,1
64,1,3,batch_sg,shared_guard,16,65536,110747100,591762.674,1668.930,1,3925.303,137300,4096,134500,700,65536,0,88,1,1
64,1,3,batch_sg,local,1,65536,116021800,564859.363,1907.349,1,4234.435,139500,0,0,0,65536,0,88,1,1
64,1,3,batch_sg,local_guard,1,65536,113054300,579686.045,1907.349,1,4124.969,133800,65536,2041600,400,65536,0,88,1,1
64,8,3,copy,shared_guard,1,524288,152160900,3445615.792,2264.977,1,5390.014,186600,524288,212402800,384600,524297,0,48,8,1
64,8,3,copy,local,16,524288,122595500,4276568.063,1609.325,1,4064.047,85300,0,0,0,524288,0,48,8,1
64,8,3,copy,local_guard,16,524288,118847700,4411427.398,1847.744,1,4199.682,85800,32768,1586900,600,524288,0,48,8,1
64,8,3,copy,shared_guard,16,524288,126031100,4159989.082,1728.535,1,4389.535,92800,32768,8675500,59700,524294,0,48,8,1
64,8,3,copy,local,1,524288,127601400,4108795.045,1966.953,1,4489.040,91500,0,0,0,524288,0,48,8,1
64,8,3,copy,local_guard,1,524288,132924400,3944257.036,2145.767,1,4746.322,94700,524288,23510300,15000,524288,0,48,8,1
64,8,3,batch_sg,shared_guard,1,524288,218656900,2397765.632,3129.244,1,7756.024,273400,524288,105102100,671600,525289,0,88,8,1
64,8,3,batch_sg,local,16,524288,204721700,2560979.124,2771.616,1,6930.646,225800,0,0,0,524288,0,88,8,1
64,8,3,batch_sg,local_guard,16,524288,201373100,2603565.223,2980.232,1,6965.527,220100,32768,1769700,3100,524288,0,88,8,1
64,8,3,batch_sg,shared_guard,16,524288,207531800,2526301.993,3099.442,1,7165.479,230100,32768,6642800,42900,524688,0,88,8,1
64,8,3,batch_sg,local,1,524288,206643600,2537160.599,2950.430,1,7082.437,224300,0,0,0,524288,0,88,8,1
64,8,3,batch_sg,local_guard,1,524288,208654200,2512712.421,3099.442,1,7066.878,227300,524288,22711000,14500,524288,0,88,8,1
65536,1,3,copy,shared_guard,1,1024,109894200,9318.053,106811.523,1,256194.130,14413100,1024,41600,400,1024,0,126,1,1
65536,1,3,copy,local,16,1024,110595200,9258.991,106811.523,1,256316.458,16655300,0,0,0,1024,0,126,1,1
65536,1,3,copy,local_guard,16,1024,106505200,9614.554,91552.734,1,248336.005,14893200,64,4900,500,1024,0,126,1,1
65536,1,3,copy,shared_guard,16,1024,107937100,9487.007,106811.523,1,251586.565,14872700,64,3600,200,1024,0,126,1,1
65536,1,3,copy,local,1,1024,105177500,9735.923,106811.523,1,245545.504,14146900,0,0,0,1024,0,126,1,1
65536,1,3,copy,local_guard,1,1024,105946500,9665.256,106811.523,1,247255.683,16133900,1024,39600,300,1024,0,126,1,1
65536,1,3,sg,shared_guard,1,1024,97148000,10540.618,91552.734,1,226630.617,1941500,1024,40300,500,1024,0,3,1,1
65536,1,3,sg,local,16,1024,98121600,10436.030,91552.734,1,229115.898,2211100,0,0,0,1024,0,3,1,1
65536,1,3,sg,local_guard,16,1024,98313300,10415.681,91552.734,1,229324.521,2243200,64,3700,100,1024,0,3,1,1
65536,1,3,sg,shared_guard,16,1024,99012800,10342.097,91552.734,1,231022.777,2219000,64,3800,200,1024,0,3,1,1
65536,1,3,sg,local,1,1024,103487800,9894.886,106811.523,1,241597.963,2206500,0,0,0,1024,0,3,1,1
65536,1,3,sg,local_guard,1,1024,98190000,10428.761,91552.734,1,229025.854,1951000,1024,43100,400,1024,0,3,1,1
65536,8,3,copy,shared_guard,1,8192,271835100,30135.917,249862.671,1,599090.247,37233000,8192,855000,27500,8192,0,127,8,1
65536,8,3,copy,local,16,8192,277663500,29503.338,223159.790,1,602775.162,37016500,0,0,0,8192,0,127,8,1
65536,8,3,copy,local_guard,16,8192,271094700,30218.223,253677.368,1,602893.331,37618600,512,108200,1600,8192,0,127,8,1
65536,8,3,copy,shared_guard,16,8192,272046900,30112.455,236511.230,1,593001.093,37197700,512,57400,4000,8192,0,127,8,1
65536,8,3,copy,local,1,8192,285049200,28738.898,268936.157,1,631370.269,37573400,0,0,0,8192,0,127,8,1
65536,8,3,copy,local_guard,1,8192,298664100,27428.807,276565.552,1,639841.089,40424900,8192,928700,4000,8192,0,127,8,1
65536,8,3,sg,shared_guard,1,8192,207718200,39438.046,192642.212,1,435368.346,4079500,8192,594200,2800,8192,0,3,8,1
65536,8,3,sg,local,16,8192,194762500,42061.485,181198.120,1,423912.953,4226800,0,0,0,8192,0,3,8,1
65536,8,3,sg,local_guard,16,8192,203218900,40311.211,183105.469,1,423201.383,4193100,512,32600,400,8192,0,3,8,1
65536,8,3,sg,shared_guard,16,8192,196834400,41618.741,175476.074,1,415152.436,4067000,512,51900,2400,8192,0,3,8,1
65536,8,3,sg,local,1,8192,187597600,43667.936,175476.074,1,406508.358,3549500,0,0,0,8192,0,3,8,1
65536,8,3,sg,local_guard,1,8192,203265000,40302.069,169754.028,1,418238.397,3611800,8192,1808600,616800,8192,0,3,8,1
65536,8,4,sg,local,16,8192,189813300,43158.198,175476.074,1,409165.080,4085100,0,0,0,8192,0,3,8,1
65536,8,4,sg,local_guard,16,8192,198944800,41177.251,181198.120,1,430008.537,4323900,512,47500,600,8192,0,3,8,1
65536,8,4,sg,shared_guard,16,8192,191105400,42866.397,165939.331,1,404212.180,4284200,512,85000,4200,8192,0,3,8,1
65536,8,4,sg,local,1,8192,204621100,40034.972,169754.028,1,413356.271,3880700,0,0,0,8192,0,3,8,1
65536,8,4,sg,local_guard,1,8192,199063900,41152.615,169754.028,1,421637.846,3835800,8192,2063400,708200,8192,0,3,8,1
65536,8,4,sg,shared_guard,1,8192,200779400,40800.999,186920.166,1,442831.815,4134700,8192,1999900,613900,8192,0,3,8,1
65536,8,4,copy,local,16,8192,322818500,25376.489,270843.506,1,685280.954,48196400,0,0,0,8192,0,127,8,1
65536,8,4,copy,local_guard,16,8192,299220500,27377.803,278472.900,1,663551.004,40942000,512,137200,1600,8192,0,127,8,1
65536,8,4,copy,shared_guard,16,8192,281712600,29079.282,257492.065,1,616030.894,38423200,512,107600,9600,8192,0,127,8,1
65536,8,4,copy,local,1,8192,301631900,27158.931,282287.598,1,666780.916,41314100,0,0,0,8192,0,127,8,1
65536,8,4,copy,local_guard,1,8192,303926300,26953.903,253677.368,1,652263.550,42295400,8192,1040800,1900,8192,0,127,8,1
65536,8,4,copy,shared_guard,1,8192,279143300,29346.934,238418.579,1,618296.466,38279700,8192,1003100,37800,8192,0,127,8,1
65536,1,4,sg,local,16,1024,158196100,6472.979,152587.891,1,368799.365,3469800,0,0,0,1024,0,3,1,1
65536,1,4,sg,local_guard,16,1024,154165000,6642.234,137329.102,1,359401.803,3413200,64,5300,400,1024,0,3,1,1
65536,1,4,sg,shared_guard,16,1024,146481400,6990.649,137329.102,1,338324.161,4129700,64,6400,900,1024,0,3,1,1
65536,1,4,sg,local,1,1024,142446600,7188.659,137329.102,1,332392.320,2714000,0,0,0,1024,0,3,1,1
65536,1,4,sg,local_guard,1,1024,144920000,7065.967,137329.102,1,337532.450,2747800,1024,48400,300,1024,0,3,1,1
65536,1,4,sg,shared_guard,1,1024,158213800,6472.255,152587.891,1,368500.223,2959600,1024,54300,500,1024,0,3,1,1
65536,1,4,copy,local,16,1024,173101500,5915.604,167846.680,1,404750.794,23511400,0,0,0,1024,0,126,1,1
65536,1,4,copy,local_guard,16,1024,171419600,5973.646,152587.891,1,394981.573,22547200,64,8500,700,1024,0,127,1,1
65536,1,4,copy,shared_guard,16,1024,170809200,5994.993,167846.680,1,397049.364,24955100,64,9200,500,1024,0,126,1,1
65536,1,4,copy,local,1,1024,148528500,6894.300,137329.102,1,344581.794,19238800,0,0,0,1024,0,126,1,1
65536,1,4,copy,local_guard,1,1024,173353900,5906.991,167846.680,1,404537.013,23210900,1024,56400,3600,1024,0,126,1,1
65536,1,4,copy,shared_guard,1,1024,161599300,6336.661,152587.891,1,376604.627,20949500,1024,53800,600,1024,0,126,1,1
64,8,4,batch_sg,local,16,524288,207285900,2529298.906,2950.430,1,7162.827,223000,0,0,0,524288,0,88,8,1
64,8,4,batch_sg,local_guard,16,524288,211978600,2473306.268,2950.430,1,7217.212,244200,32768,1871200,2200,524288,0,88,8,1
64,8,4,batch_sg,shared_guard,16,524288,214276400,2446783.687,3248.453,1,7595.254,257100,32768,6124500,136200,525085,0,88,8,1
64,8,4,batch_sg,local,1,524288,218651600,2397823.752,3129.244,1,7733.275,267300,0,0,0,524288,0,88,8,1
64,8,4,batch_sg,local_guard,1,524288,226431900,2315433.470,3397.465,1,7877.780,262700,524288,25035900,397900,524288,0,88,8,1
64,8,4,batch_sg,shared_guard,1,524288,233754400,2242901.096,3367.662,1,8308.586,318600,524288,133327300,326600,524848,0,88,8,1
64,8,4,copy,local,16,524288,128558200,4078215.159,1817.942,1,4318.670,89800,0,0,0,524288,0,48,8,1
64,8,4,copy,local_guard,16,524288,127095500,4125149.986,1817.942,1,4449.834,90700,32768,1888200,800,524288,0,48,8,1
64,8,4,copy,shared_guard,16,524288,128384900,4083720.126,1937.151,1,4592.317,99100,32768,9105500,75800,524294,0,48,8,1
64,8,4,copy,local,1,524288,130700800,4011360.298,2056.360,1,4570.399,93500,0,0,0,524288,0,48,8,1
64,8,4,copy,local_guard,1,524288,130566900,4015474.060,1907.349,1,4559.131,92600,524288,23417400,21600,524288,0,48,8,1
64,8,4,copy,shared_guard,1,524288,140078700,3742810.292,2056.360,1,4907.385,135800,524288,141787600,352100,524309,0,48,8,1
64,1,4,batch_sg,local,16,65536,152396100,430037.252,2384.186,1,5550.176,192400,0,0,0,65536,0,88,1,1
64,1,4,batch_sg,local_guard,16,65536,169303300,387092.278,2384.186,1,6178.048,191400,4096,162000,700,65536,0,88,1,1
64,1,4,batch_sg,shared_guard,16,65536,164026100,399546.170,2622.604,1,5979.570,204400,4096,157800,700,65536,0,88,1,1
64,1,4,batch_sg,local,1,65536,172727500,379418.448,2622.604,1,6288.790,207600,0,0,0,65536,0,88,1,1
64,1,4,batch_sg,local_guard,1,65536,185605700,353092.604,2861.023,1,6747.025,208600,65536,2648000,37900,65536,0,88,1,1
64,1,4,batch_sg,shared_guard,1,65536,190689400,343679.303,2861.023,1,6952.707,226900,65536,2686900,15300,65536,0,88,1,1
64,1,4,copy,local,16,65536,88899200,737194.485,1430.511,1,3192.272,75400,0,0,0,65536,0,48,1,1
64,1,4,copy,local_guard,16,65536,92904800,705410.269,1430.511,1,3383.369,81400,4096,161500,300,65536,0,48,1,1
64,1,4,copy,shared_guard,16,65536,112942900,580257.812,1668.930,1,4115.909,82900,4096,163200,300,65536,0,48,1,1
64,1,4,copy,local,1,65536,112476700,582662.898,1430.511,1,4101.043,81200,0,0,0,65536,0,48,1,1
64,1,4,copy,local_guard,1,65536,81113300,807956.278,1192.093,1,2952.648,74200,65536,2221700,700,65536,0,48,1,1
64,1,4,copy,shared_guard,1,65536,111961500,585344.069,1668.930,1,4086.761,81600,65536,2413300,6200,65536,0,48,1,1
64,1,1,copy,local,1,65536,90311200,725668.577,1192.093,1,3299.049,66800,0,0,0,65536,0,48,1,2
64,1,1,copy,local_guard,1,65536,86011900,761941.080,1430.511,1,3135.401,70100,65536,2618400,18800,65536,0,48,1,2
64,1,1,copy,shared_guard,1,65536,83049500,789119.742,1192.093,1,3030.189,69800,65536,2512600,3400,65536,0,48,1,2
64,1,1,copy,local,16,65536,76160600,860497.423,1192.093,1,2775.143,65100,0,0,0,65536,0,48,1,2
64,1,1,copy,local_guard,16,65536,90966200,720443.417,1430.511,1,2957.556,64900,4096,167100,100,65536,0,48,1,2
64,1,1,copy,shared_guard,16,65536,84634500,774341.433,1192.093,1,3066.883,74400,4096,172500,100,65536,0,48,1,2
64,1,1,batch_sg,local,1,65536,125490100,522240.400,1907.349,1,4542.921,151800,0,0,0,65536,0,88,1,2
64,1,1,batch_sg,local_guard,1,65536,139232400,470695.039,2145.767,1,5023.982,186800,65536,2710700,16900,65536,0,88,1,2
64,1,1,batch_sg,shared_guard,1,65536,151877700,431505.086,2384.186,1,5460.327,198700,65536,2897800,4800,65536,0,88,1,2
64,1,1,batch_sg,local,16,65536,129751200,505089.741,2145.767,1,4735.205,152800,0,0,0,65536,0,88,1,2
64,1,1,batch_sg,local_guard,16,65536,136282600,480883.106,1907.349,1,4934.747,198600,4096,183600,900,65536,0,88,1,2
64,1,1,batch_sg,shared_guard,16,65536,156958000,417538.450,2622.604,1,5690.972,206800,4096,215300,10700,65536,0,88,1,2
64,8,1,copy,local,1,524288,105025000,4992030.469,1430.511,1,3633.527,75800,0,0,0,524288,0,48,8,2
64,8,1,copy,local_guard,1,524288,101720700,5154191.821,1519.918,1,3560.138,84900,524288,26548200,295300,524288,0,48,8,2
64,8,1,copy,shared_guard,1,524288,227570400,2303849.710,3099.442,1,7977.510,388500,524288,819998500,868300,524433,0,48,8,2
64,8,1,copy,local,16,524288,110229400,4756335.424,1579.523,1,3608.113,93700,0,0,0,524288,0,48,8,2
64,8,1,copy,local_guard,16,524288,99095500,5290734.695,1460.314,1,3426.908,73300,32768,2659800,314100,524288,0,48,8,2
64,8,1,copy,shared_guard,16,524288,108373100,4837805.692,1639.128,1,3675.294,94200,32768,20643600,182300,524294,0,48,8,2
64,8,1,batch_sg,local,1,524288,197354500,2656579.911,2771.616,1,6797.542,261500,0,0,0,524288,0,88,8,2
64,8,1,batch_sg,local_guard,1,524288,202749500,2585890.471,2861.023,1,6660.635,240500,524288,30378300,99200,524288,0,88,8,2
64,8,1,batch_sg,shared_guard,1,524288,329280200,1592224.495,4827.976,1,11692.742,467600,524288,217460100,512900,524578,0,88,8,2
64,8,1,batch_sg,local,16,524288,275771100,1901170.935,3993.511,1,9694.575,429800,0,0,0,524288,0,88,8,2
64,8,1,batch_sg,local_guard,16,524288,281984300,1859280.818,4023.314,1,9720.210,406300,32768,2945900,91800,524288,0,88,8,2
64,8,1,batch_sg,shared_guard,16,524288,267512000,1959867.221,3844.500,1,9467.182,348700,32768,10161500,226000,524558,0,96,8,2
65536,1,1,copy,local,1,1024,242379200,4224.785,228881.836,1,559359.962,34529300,0,0,0,1024,0,126,1,2
65536,1,1,copy,local_guard,1,1024,223074300,4590.399,213623.047,1,519104.786,31632800,1024,62200,1000,1024,0,127,1,2
65536,1,1,copy,shared_guard,1,1024,198819200,5150.408,198364.258,1,460493.704,26688200,1024,56300,500,1024,0,127,1,2
65536,1,1,copy,local,16,1024,185957100,5506.646,183105.469,1,433137.149,27341800,0,0,0,1024,0,127,1,2
65536,1,1,copy,local_guard,16,1024,180284400,5679.915,167846.680,1,416645.338,24531900,64,5800,800,1024,0,127,1,2
65536,1,1,copy,shared_guard,16,1024,203140600,5040.844,198364.258,1,473785.026,28844200,64,7500,600,1024,0,127,1,2
65536,1,1,sg,local,1,1024,120390100,8505.683,122070.312,1,280825.914,2569400,0,0,0,1024,0,3,1,2
65536,1,1,sg,local_guard,1,1024,111533500,9181.098,122070.312,1,260507.696,2501400,1024,44500,400,1024,0,3,1,2
65536,1,1,sg,shared_guard,1,1024,113474600,9024.046,106811.523,1,264857.300,2481900,1024,46500,500,1024,0,3,1,2
65536,1,1,sg,local,16,1024,113601200,9013.989,122070.312,1,264172.475,2724300,0,0,0,1024,0,3,1,2
65536,1,1,sg,local_guard,16,1024,110999100,9225.300,106811.523,1,255600.758,2920600,64,5200,200,1024,0,3,1,2
65536,1,1,sg,shared_guard,16,1024,122812900,8337.886,122070.312,1,284058.701,3311800,64,5500,400,1024,0,3,1,2
65536,8,1,copy,local,1,8192,468755600,17476.058,415802.002,1,958215.968,68183200,0,0,0,8192,0,127,8,2
65536,8,1,copy,local_guard,1,8192,464722300,17627.732,404357.910,1,976755.230,62560000,8192,1763200,296300,8192,0,127,8,2
65536,8,1,copy,shared_guard,1,8192,485333000,16879.132,457763.672,1,1029210.033,66916200,8192,2498700,205300,8192,0,127,8,2
65536,8,1,copy,local,16,8192,388648100,21078.194,356674.194,1,821464.565,56556200,0,0,0,8192,0,127,8,2
65536,8,1,copy,local_guard,16,8192,403091300,20322.939,375747.681,1,879321.149,56935500,512,195700,1400,8192,0,127,8,2
65536,8,1,copy,shared_guard,16,8192,456546500,17943.408,425338.745,1,983992.184,64427400,512,200100,5300,8192,0,127,8,2
65536,8,1,sg,local,1,8192,262840300,31167.214,232696.533,1,576931.263,5802500,0,0,0,8192,0,3,8,2
65536,8,1,sg,local_guard,1,8192,184124400,44491.659,173568.726,1,402121.029,4003500,8192,1768200,726500,8192,0,3,8,2
65536,8,1,sg,shared_guard,1,8192,191873400,42694.819,167846.680,1,396608.023,4277600,8192,1048600,55100,8192,0,3,8,2
65536,8,1,sg,local,16,8192,171338400,47811.816,156402.588,1,372015.068,4187600,0,0,0,8192,0,3,8,2
65536,8,1,sg,local_guard,16,8192,201023500,40751.454,183105.469,1,436007.997,5176900,512,133900,1700,8192,0,3,8,2
65536,8,1,sg,shared_guard,16,8192,189082100,43325.095,171661.377,1,415138.402,4779700,512,105400,4200,8192,0,3,8,2
65536,8,2,sg,local_guard,1,8192,229213100,35739.668,200271.606,1,493898.408,5682400,8192,1758300,561300,8192,0,3,8,2
65536,8,2,sg,shared_guard,1,8192,211702300,38695.848,177383.423,1,455876.642,4522400,8192,1375500,45100,8192,0,3,8,2
65536,8,2,sg,local,16,8192,201214100,40712.853,185012.817,1,434957.346,5550200,0,0,0,8192,0,3,8,2
65536,8,2,sg,local_guard,16,8192,203604200,40234.926,186920.166,1,436009.485,5148600,512,148400,2400,8192,0,3,8,2
65536,8,2,sg,shared_guard,16,8192,230875100,35482.389,211715.698,1,502276.376,5924900,512,129400,4100,8192,0,3,8,2
65536,8,2,sg,local,1,8192,192823700,42484.404,181198.120,1,411934.566,3949600,0,0,0,8192,0,3,8,2
65536,8,2,copy,local_guard,1,8192,547445100,14964.058,486373.901,1,1161159.120,80131500,8192,1924000,44300,8192,0,127,8,2
65536,8,2,copy,shared_guard,1,8192,484893600,16894.428,442504.883,1,1067185.925,66667000,8192,2948800,476700,8192,0,127,8,2
65536,8,2,copy,local,16,8192,500126000,16379.872,434875.488,1,1061283.413,68308700,0,0,0,8192,0,127,8,2
65536,8,2,copy,local_guard,16,8192,612725900,13369.763,551223.755,1,1317009.625,89394100,512,319200,21700,8192,0,127,8,2
65536,8,2,copy,shared_guard,16,8192,588850200,13911.857,514984.131,1,1255343.105,82700400,512,235500,5800,8192,0,127,8,2
65536,8,2,copy,local,1,8192,492597800,16630.200,457763.672,1,1075062.294,67409000,0,0,0,8192,0,127,8,2
65536,1,2,sg,local_guard,1,1024,147790100,6928.746,137329.102,1,339865.236,2997400,1024,57400,500,1024,0,3,1,2
65536,1,2,sg,shared_guard,1,1024,123342200,8302.106,122070.312,1,286743.015,2406500,1024,51800,500,1024,0,3,1,2
65536,1,2,sg,local,16,1024,123348200,8301.702,122070.312,1,286896.681,2805100,0,0,0,1024,0,3,1,2
65536,1,2,sg,local_guard,16,1024,132820800,7709.636,137329.102,1,307139.337,3120400,64,6600,800,1024,0,3,1,2
65536,1,2,sg,shared_guard,16,1024,123783500,8272.508,122070.312,1,288955.580,2732000,64,6200,600,1024,0,3,1,2
65536,1,2,sg,local,1,1024,120529600,8495.838,122070.312,1,280191.382,2373800,0,0,0,1024,0,3,1,2
65536,1,2,copy,local_guard,1,1024,140483300,7289.123,137329.102,1,323880.011,18729800,1024,53700,400,1024,0,126,1,2
65536,1,2,copy,shared_guard,1,1024,143105500,7155.560,137329.102,1,331707.729,18143900,1024,61400,900,1024,0,126,1,2
65536,1,2,copy,local,16,1024,142877600,7166.974,137329.102,1,325782.214,18899400,0,0,0,1024,0,126,1,2
65536,1,2,copy,local_guard,16,1024,147220100,6955.572,137329.102,1,342776.661,20229400,64,13900,1100,1024,0,126,1,2
65536,1,2,copy,shared_guard,16,1024,157749700,6491.296,152587.891,1,366440.845,23962200,64,7200,600,1024,0,126,1,2
65536,1,2,copy,local,1,1024,182186500,5620.614,183105.469,1,421214.772,25521700,0,0,0,1024,0,126,1,2
64,8,2,batch_sg,local_guard,1,524288,212368200,2468768.865,3159.046,1,7419.700,265400,524288,31282200,142100,524288,0,88,8,2
64,8,2,batch_sg,shared_guard,1,524288,311873300,1681092.931,4500.151,1,10985.028,540600,524288,590204300,677800,525415,0,88,8,2
64,8,2,batch_sg,local,16,524288,192283800,2726636.357,2771.616,1,6691.848,241900,0,0,0,524288,0,88,8,2
64,8,2,batch_sg,local_guard,16,524288,196412000,2669327.740,2980.232,1,6887.476,264200,32768,3069600,19600,524288,0,88,8,2
64,8,2,batch_sg,shared_guard,16,524288,188153100,2786496.741,2771.616,1,6619.158,260700,32768,10996300,154100,524554,0,88,8,2
64,8,2,batch_sg,local,1,524288,166655900,3145931.227,2354.383,1,5644.816,200700,0,0,0,524288,0,88,8,2
64,8,2,copy,local_guard,1,524288,111712500,4693190.109,1639.128,1,3870.367,93700,524288,30306100,19200,524288,0,48,8,2
64,8,2,copy,shared_guard,1,524288,239283700,2191072.773,3516.674,1,8344.732,422600,524288,861330500,662500,524348,0,48,8,2
64,8,2,copy,local,16,524288,115394700,4543432.237,1609.325,1,3907.901,98400,0,0,0,524288,0,48,8,2
64,8,2,copy,local_guard,16,524288,109882300,4771359.901,1430.511,1,3806.658,91200,32768,4180400,25200,524288,0,48,8,2
64,8,2,copy,shared_guard,16,524288,114614500,4574360.138,1609.325,1,4024.466,115300,32768,26674900,514700,524371,0,48,8,2
64,8,2,copy,local,1,524288,123852700,4233157.614,1728.535,1,4155.224,98100,0,0,0,524288,0,48,8,2
64,1,2,batch_sg,local_guard,1,65536,149479000,438429.478,2145.767,1,5369.933,175600,65536,2900900,4500,65536,0,88,1,2
64,1,2,batch_sg,shared_guard,1,65536,138737100,472375.450,2145.767,1,4987.218,177500,65536,2722500,4900,65536,0,88,1,2
64,1,2,batch_sg,local,16,65536,122666400,534262.031,1907.349,1,4475.521,150200,0,0,0,65536,0,88,1,2
64,1,2,batch_sg,local_guard,16,65536,121779700,538152.089,1907.349,1,4442.766,144800,4096,168200,600,65536,0,88,1,2
64,1,2,batch_sg,shared_guard,16,65536,132143100,495947.197,1907.349,1,4824.886,157200,4096,177100,300,65536,0,88,1,2
64,1,2,batch_sg,local,1,65536,138768300,472269.243,2145.767,1,5058.663,160000,0,0,0,65536,0,88,1,2
64,1,2,copy,local_guard,1,65536,86506800,757582.063,1192.093,1,3157.745,63000,65536,2621500,6300,65536,0,48,1,2
64,1,2,copy,shared_guard,1,65536,89981100,728330.727,1430.511,1,3257.406,70900,65536,2686700,500,65536,0,48,1,2
64,1,2,copy,local,16,65536,81117300,807916.437,1192.093,1,2962.120,59900,0,0,0,65536,0,48,1,2
64,1,2,copy,local_guard,16,65536,76672100,854756.815,1192.093,1,2801.864,56200,4096,166200,200,65536,0,48,1,2
64,1,2,copy,shared_guard,16,65536,79494400,824410.273,1192.093,1,2902.012,62900,4096,165600,200,65536,0,48,1,2
64,1,2,copy,local,1,65536,85833400,763525.621,1192.093,1,3124.752,71300,0,0,0,65536,0,48,1,2
64,1,3,copy,shared_guard,1,65536,105527200,621034.198,1668.930,1,3844.352,79800,65536,3915900,703600,65536,0,48,1,2
64,1,3,copy,local,16,65536,96157000,681552.045,1430.511,1,3507.508,88000,0,0,0,65536,0,48,1,2
64,1,3,copy,local_guard,16,65536,99156800,660932.987,1668.930,1,3592.573,74500,4096,215400,4800,65536,0,48,1,2
64,1,3,copy,shared_guard,16,65536,104840400,625102.537,1430.511,1,3824.874,89400,4096,211400,800,65536,0,48,1,2
64,1,3,copy,local,1,65536,112916300,580394.505,1907.349,1,4095.766,100700,0,0,0,65536,0,48,1,2
64,1,3,copy,local_guard,1,65536,115208400,568847.410,1668.930,1,4173.957,107600,65536,3574100,149000,65536,0,48,1,2
64,1,3,batch_sg,shared_guard,1,65536,160978900,407109.255,2622.604,1,5838.087,211600,65536,3054500,7700,65536,0,88,1,2
64,1,3,batch_sg,local,16,65536,130086200,503789.026,1907.349,1,4745.993,170700,0,0,0,65536,0,88,1,2
64,1,3,batch_sg,local_guard,16,65536,137193300,477690.966,1907.349,1,4885.305,197000,4096,165700,300,65536,0,88,1,2
64,1,3,batch_sg,shared_guard,16,65536,127636000,513460.152,1907.349,1,4658.453,161700,4096,175800,300,65536,0,88,1,2
64,1,3,batch_sg,local,1,65536,131863800,496997.660,1907.349,1,4764.828,168000,0,0,0,65536,0,88,1,2
64,1,3,batch_sg,local_guard,1,65536,120145900,545470.133,1907.349,1,4380.775,136400,65536,2389800,10700,65536,0,88,1,2
64,8,3,copy,shared_guard,1,524288,127769400,4103392.518,1937.151,1,4530.092,209400,524288,313294600,1196600,524348,0,48,8,2
64,8,3,copy,local,16,524288,93683500,5596375.029,1221.895,1,3144.723,69600,0,0,0,524288,0,48,8,2
64,8,3,copy,local_guard,16,524288,96246000,5447374.436,1281.500,1,3275.320,76100,32768,2176200,10200,524288,0,48,8,2
64,8,3,copy,shared_guard,16,524288,99250900,5282450.839,1668.930,1,3494.423,111000,32768,19477200,185800,524298,0,48,8,2
64,8,3,copy,local,1,524288,97318200,5387358.171,1460.314,1,3376.142,74800,0,0,0,524288,0,48,8,2
64,8,3,copy,local_guard,1,524288,101314800,5174841.188,1430.511,1,3439.292,80600,524288,25286200,56100,524288,0,48,8,2
64,8,3,batch_sg,shared_guard,1,524288,215648700,2431213.358,3099.442,1,7665.971,377100,524288,385351700,480800,524996,0,88,8,2
64,8,3,batch_sg,local,16,524288,173230400,3026535.758,2503.395,1,5919.601,217400,0,0,0,524288,0,88,8,2
64,8,3,batch_sg,local_guard,16,524288,178190500,2942289.292,2563.000,1,6139.507,231700,32768,3000700,25400,524288,0,88,8,2
64,8,3,batch_sg,shared_guard,16,524288,171392700,3058986.760,2443.790,1,5930.915,231500,32768,12810800,275500,524778,0,88,8,2
64,8,3,batch_sg,local,1,524288,162714000,3222144.376,2324.581,1,5734.663,210200,0,0,0,524288,0,88,8,2
64,8,3,batch_sg,local_guard,1,524288,167986900,3121005.269,2473.593,1,5689.855,210300,524288,25155400,65800,524288,0,88,8,2
65536,1,3,copy,shared_guard,1,1024,139178300,7357.469,137329.102,1,322954.290,17227100,1024,708100,647600,1024,0,126,1,2
65536,1,3,copy,local,16,1024,151980400,6737.711,152587.891,1,352364.605,21083600,0,0,0,1024,0,126,1,2
65536,1,3,copy,local_guard,16,1024,170078600,6020.746,152587.891,1,395926.708,23064600,64,15700,1200,1024,0,126,1,2
65536,1,3,copy,shared_guard,16,1024,250804300,4082.865,244140.625,1,579857.328,37336200,64,19900,1300,1024,0,126,1,2
65536,1,3,copy,local,1,1024,201252300,5088.141,183105.469,1,467039.263,28026000,0,0,0,1024,0,126,1,2
65536,1,3,copy,local_guard,1,1024,193883300,5281.528,198364.258,1,450760.282,25169600,1024,66800,800,1024,0,126,1,2
65536,1,3,sg,shared_guard,1,1024,180459300,5674.410,167846.680,1,419307.894,3670400,1024,655900,592200,1024,0,3,1,2
65536,1,3,sg,local,16,1024,173808400,5891.545,167846.680,1,404474.571,4123700,0,0,0,1024,0,3,1,2
65536,1,3,sg,local_guard,16,1024,155481100,6586.009,152587.891,1,358774.744,3698000,64,9700,800,1024,0,3,1,2
65536,1,3,sg,shared_guard,16,1024,161803700,6328.656,167846.680,1,375292.047,3693700,64,8500,600,1024,0,3,1,2
65536,1,3,sg,local,1,1024,165871900,6173.439,152587.891,1,377077.313,3705500,0,0,0,1024,0,3,1,2
65536,1,3,sg,local_guard,1,1024,158623500,6455.538,152587.891,1,367475.088,3256800,1024,61600,6100,1024,0,3,1,2
65536,8,3,copy,shared_guard,1,8192,354108700,23134.139,303268.433,1,771903.031,46428300,8192,1977500,340800,8192,0,127,8,2
65536,8,3,copy,local,16,8192,357787900,22896.247,307083.130,1,774939.378,53983700,0,0,0,8192,0,127,8,2
65536,8,3,copy,local_guard,16,8192,441140500,18570.047,385284.424,1,933717.503,65508200,512,195700,2400,8192,0,127,8,2
65536,8,3,copy,shared_guard,16,8192,482194400,16988.999,440597.534,1,1050453.311,64743400,512,172400,9300,8192,0,127,8,2
65536,8,3,copy,local,1,8192,592370300,13829.188,503540.039,1,1258206.115,84011400,0,0,0,8192,0,127,8,2
65536,8,3,copy,local_guard,1,8192,433558000,18894.819,391006.470,1,948072.243,56379200,8192,1479500,3000,8192,0,127,8,2
65536,8,3,sg,shared_guard,1,8192,246844300,33186.912,230789.185,1,534296.026,5042500,8192,1372300,523000,8192,0,3,8,2
65536,8,3,sg,local,16,8192,238111900,34403.992,232696.533,1,540842.103,5534000,0,0,0,8192,0,3,8,2
65536,8,3,sg,local_guard,16,8192,210221900,38968.347,198364.258,1,460988.063,4705700,512,62700,1600,8192,0,3,8,2
65536,8,3,sg,shared_guard,16,8192,228304700,35881.872,209808.350,1,491774.394,4982700,512,123200,13500,8192,0,3,8,2
65536,8,3,sg,local,1,8192,232039000,35304.410,219345.093,1,522971.666,4935700,0,0,0,8192,0,3,8,2
65536,8,3,sg,local_guard,1,8192,230546300,35532.993,219345.093,1,504108.061,4710700,8192,846900,83500,8192,0,3,8,2
65536,8,4,sg,local,16,8192,244061500,33565.310,219345.093,1,518025.167,5677300,0,0,0,8192,0,3,8,2
65536,8,4,sg,local_guard,16,8192,238534900,34342.983,213623.047,1,533817.319,5632900,512,115500,2200,8192,0,3,8,2
65536,8,4,sg,shared_guard,16,8192,218227700,37538.773,192642.212,1,472009.100,5110700,512,107600,32300,8192,0,3,8,2
65536,8,4,sg,local,1,8192,215007700,38100.961,190734.863,1,464781.996,4088300,0,0,0,8192,0,3,8,2
65536,8,4,sg,local_guard,1,8192,263918300,31039.909,246047.974,1,584410.728,5561200,8192,910600,15800,8192,0,3,8,2
65536,8,4,sg,shared_guard,1,8192,339668200,24117.654,314712.524,1,742801.911,7399800,8192,1271500,4300,8192,0,3,8,2
65536,8,4,copy,local,16,8192,546249100,14996.821,484466.553,1,1184409.331,78505000,0,0,0,8192,0,127,8,2
65536,8,4,copy,local_guard,16,8192,471916300,17359.010,398635.864,1,1006282.196,68824300,512,224900,23700,8192,0,127,8,2
65536,8,4,copy,shared_guard,16,8192,471741000,17365.461,419616.699,1,1037681.759,66765700,512,184700,8600,8192,0,127,8,2
65536,8,4,copy,local,1,8192,400001200,20479.939,333786.011,1,850119.076,53393400,0,0,0,8192,0,127,8,2
65536,8,4,copy,local_guard,1,8192,368584300,22225.580,331878.662,1,814331.809,50607100,8192,1268700,82200,8192,0,127,8,2
65536,8,4,copy,shared_guard,1,8192,404072700,20273.579,341415.405,1,864063.262,54344200,8192,1634500,42900,8192,0,127,8,2
65536,1,4,sg,local,16,1024,171806200,5960.204,152587.891,1,387180.047,4312400,0,0,0,1024,0,3,1,2
65536,1,4,sg,local_guard,16,1024,139818500,7323.780,137329.102,1,323484.744,3332200,64,11400,800,1024,0,3,1,2
65536,1,4,sg,shared_guard,16,1024,140362900,7295.375,137329.102,1,323465.323,3809700,64,7500,500,1024,0,3,1,2
65536,1,4,sg,local,1,1024,145586600,7033.614,137329.102,1,338021.039,3219700,0,0,0,1024,0,3,1,2
65536,1,4,sg,local_guard,1,1024,162429100,6304.289,167846.680,1,375502.079,3464400,1024,87100,900,1024,0,3,1,2
65536,1,4,sg,shared_guard,1,1024,132266600,7741.939,137329.102,1,307989.055,2814600,1024,58300,1900,1024,0,3,1,2
65536,1,4,copy,local,16,1024,170281800,6013.561,167846.680,1,396042.248,26381500,0,0,0,1024,0,127,1,2
65536,1,4,copy,local_guard,16,1024,161969000,6322.197,152587.891,1,373146.851,24195800,64,7700,500,1024,0,126,1,2
65536,1,4,copy,shared_guard,16,1024,166293400,6157.791,167846.680,1,384926.787,25249300,64,8800,1000,1024,0,126,1,2
65536,1,4,copy,local,1,1024,171008800,5987.996,167846.680,1,391544.619,22095200,0,0,0,1024,0,127,1,2
65536,1,4,copy,local_guard,1,1024,157402200,6505.627,167846.680,1,365055.296,23856800,1024,64700,1000,1024,0,126,1,2
65536,1,4,copy,shared_guard,1,1024,162474800,6302.516,167846.680,1,377542.515,21181700,1024,66400,1600,1024,0,126,1,2
64,8,4,batch_sg,local,16,524288,226897800,2310679.081,3337.860,1,7933.181,276000,0,0,0,524288,0,88,8,2
64,8,4,batch_sg,local_guard,16,524288,258185000,2030667.932,3844.500,1,8989.495,333900,32768,2661100,99100,524288,0,88,8,2
64,8,4,batch_sg,shared_guard,16,524288,245676300,2134060.143,3606.081,1,8476.579,319900,32768,11848600,136900,525002,0,88,8,2
64,8,4,batch_sg,local,1,524288,243934200,2149300.918,3755.093,1,8597.486,309900,0,0,0,524288,0,88,8,2
64,8,4,batch_sg,local_guard,1,524288,267807500,1957704.695,3784.895,1,9223.946,489600,524288,33052400,221100,524288,0,88,8,2
64,8,4,batch_sg,shared_guard,1,524288,301015600,1741730.329,4380.941,1,10702.995,484300,524288,303233600,325200,524745,0,88,8,2
64,8,4,copy,local,16,524288,142210000,3686716.827,2145.767,1,5047.849,104800,0,0,0,524288,0,48,8,2
64,8,4,copy,local_guard,16,524288,176056600,2977951.409,2592.802,1,5969.438,154400,32768,2666000,8000,524288,0,48,8,2
64,8,4,copy,shared_guard,16,524288,190222300,2756185.789,2771.616,1,6670.366,179600,32768,20780400,365100,524295,0,48,8,2
64,8,4,copy,local,1,524288,178544400,2936457.262,2592.802,1,6313.632,148900,0,0,0,524288,0,48,8,2
64,8,4,copy,local_guard,1,524288,186967400,2804167.999,2622.604,1,6600.652,168600,524288,36993400,85900,524288,0,48,8,2
64,8,4,copy,shared_guard,1,524288,230541100,2274162.828,3546.476,1,8189.366,352500,524288,501667900,936300,524301,0,48,8,2
64,1,4,batch_sg,local,16,65536,160455500,408437.230,2384.186,1,5837.155,219600,0,0,0,65536,0,88,1,2
64,1,4,batch_sg,local_guard,16,65536,163436100,400988.521,2384.186,1,5873.009,254400,4096,194300,15600,65536,0,88,1,2
64,1,4,batch_sg,shared_guard,16,65536,128683900,509278.939,1907.349,1,4696.464,190100,4096,157700,200,65536,0,88,1,2
64,1,4,batch_sg,local,1,65536,135356100,484174.707,2145.767,1,4875.394,191300,0,0,0,65536,0,88,1,2
64,1,4,batch_sg,local_guard,1,65536,132219900,495659.125,1907.349,1,4796.249,178000,65536,2413900,6900,65536,0,88,1,2
64,1,4,batch_sg,shared_guard,1,65536,163033700,401978.241,2622.604,1,5818.645,297600,65536,2614700,12300,65536,0,88,1,2
64,1,4,copy,local,16,65536,91368600,717270.485,1430.511,1,3332.674,73200,0,0,0,65536,0,48,1,2
64,1,4,copy,local_guard,16,65536,93856600,698256.702,1430.511,1,3425.841,86900,4096,176100,500,65536,0,48,1,2
64,1,4,copy,shared_guard,16,65536,97944100,669116.363,1430.511,1,3557.388,107700,4096,183500,9900,65536,0,48,1,2
64,1,4,copy,local,1,65536,96630000,678215.875,1430.511,1,3515.273,88200,0,0,0,65536,0,48,1,2
64,1,4,copy,local_guard,1,65536,115283500,568476.842,1907.349,1,4197.708,92900,65536,2819500,8100,65536,0,48,1,2
64,1,4,copy,shared_guard,1,65536,97440400,672575.236,1430.511,1,3540.142,85600,65536,2711300,18900,65536,0,48,1,2
