transport,payload_bytes,owners,repeat,messages,seconds,messages_per_second,MiB_per_second,p99_us,process_cpu_seconds,process_lifetime_peak_RSS_MiB,admission_retries,pool_enabled
tcp,65536,1,0,65536,3.475560,18856,1178.51,1828.80,3.469,11.99,0,0
tcp,65536,1,0,65536,2.653957,24694,1543.36,1523.80,2.656,12.12,1,1
tcp,65536,2,0,65536,2.069034,31675,1979.67,1774.00,3.953,13.91,0,0
tcp,65536,2,0,65536,1.940008,33781,2111.33,1618.80,3.672,14.34,0,1
tcp,65536,4,0,65536,1.493436,43883,2742.67,2736.80,5.312,17.23,1,0
tcp,65536,4,0,65536,1.242430,52748,3296.77,2097.30,4.188,17.46,0,1
tcp,65536,2,1,65536,1.599921,40962,2560.13,1351.60,3.078,17.46,0,1
tcp,65536,2,1,65536,1.631462,40170,2510.63,1339.80,3.250,17.46,0,0
tcp,65536,4,1,65536,1.047697,62552,3909.53,1915.00,3.641,18.53,0,1
tcp,65536,4,1,65536,1.246766,52565,3285.30,2748.40,4.672,19.13,0,0
tcp,65536,1,1,65536,1.738075,37706,2356.63,640.00,1.734,19.13,0,1
tcp,65536,1,1,65536,2.251163,29112,1819.50,1118.30,2.250,19.13,1,0
tcp,65536,4,2,65536,0.814412,80470,5029.40,1560.90,2.984,19.32,0,0
tcp,65536,4,2,65536,0.696043,94155,5884.69,1300.00,2.656,19.51,0,1
tcp,65536,1,2,65536,1.835950,35696,2231.00,873.70,1.828,19.51,0,0
tcp,65536,1,2,65536,1.587594,41280,2580.00,462.10,1.578,19.51,0,1
tcp,65536,2,2,65536,1.067687,61381,3836.33,976.90,2.062,19.51,0,0
tcp,65536,2,2,65536,1.075206,60952,3809.50,1085.40,2.125,19.51,0,1
tcp,65536,1,3,65536,1.680065,39008,2438.00,849.90,1.688,19.51,0,1
tcp,65536,1,3,65536,1.737479,37719,2357.44,723.80,1.734,19.51,0,0
tcp,65536,2,3,65536,1.054481,62150,3884.38,1018.60,1.953,19.51,0,1
tcp,65536,2,3,65536,0.925492,70812,4425.76,733.80,1.734,19.51,0,0
tcp,65536,4,3,65536,0.759490,86289,5393.09,1604.90,2.750,19.61,0,1
tcp,65536,4,3,65536,0.833684,78610,4913.13,1678.20,2.875,19.95,0,0
tcp,65536,2,4,65536,1.036342,63238,3952.36,907.40,1.984,19.95,0,0
tcp,65536,2,4,65536,0.965195,67899,4243.70,941.10,1.922,19.95,0,1
tcp,65536,4,4,65536,0.759834,86250,5390.65,1533.40,2.703,20.29,0,0
tcp,65536,4,4,65536,0.635166,103179,6448.71,1302.00,2.297,20.29,1,1
tcp,65536,1,4,65536,1.992978,32883,2055.22,869.80,1.984,20.29,0,0
tcp,65536,1,4,65536,1.694306,38680,2417.51,944.00,1.656,20.29,0,1
tcp,65536,4,5,65536,0.636542,102956,6434.77,1217.00,2.312,20.44,0,1
tcp,65536,4,5,65536,0.863487,75897,4743.56,2010.20,3.234,20.75,0,0
tcp,65536,1,5,65536,1.743101,37597,2349.84,713.60,1.641,20.75,0,1
tcp,65536,1,5,65536,1.662200,39427,2464.20,482.00,1.641,20.75,0,0
tcp,65536,2,5,65536,1.053330,62218,3888.62,1064.20,2.031,20.75,0,1
tcp,65536,2,5,65536,1.140293,57473,3592.06,1020.70,2.203,20.75,0,0
tcp,65536,1,6,65536,1.861939,35198,2199.86,588.70,1.844,20.75,0,0
tcp,65536,1,6,65536,2.020381,32437,2027.34,1129.40,2.000,20.75,0,1
tcp,65536,2,6,65536,1.412299,46404,2900.24,1170.00,2.750,20.75,0,0
tcp,65536,2,6,65536,0.996108,65792,4112.00,919.90,1.938,20.75,0,1
tcp,65536,4,6,65536,0.833158,78660,4916.24,1669.30,3.078,20.84,0,0
tcp,65536,4,6,65536,0.835440,78445,4902.81,1683.40,3.141,20.86,0,1
tcp,65536,2,7,65536,1.105868,59262,3703.88,1012.90,2.156,20.86,0,1
tcp,65536,2,7,65536,1.118899,58572,3660.74,1051.10,2.156,20.86,0,0
tcp,65536,4,7,65536,0.701133,93472,5841.98,1449.20,2.641,20.86,1,1
tcp,65536,4,7,65536,0.832190,78751,4921.96,1691.60,2.906,20.86,0,0
tcp,65536,1,7,65536,1.646156,39812,2488.22,510.10,1.609,20.86,0,1
tcp,65536,1,7,65536,1.838421,35648,2228.00,957.80,1.812,20.86,0,0
tcp,65536,4,8,65536,0.688611,95171,5948.20,1314.00,2.500,21.15,0,0
tcp,65536,4,8,65536,0.722927,90654,5665.86,1682.10,2.516,21.17,0,1
tcp,65536,1,8,65536,1.745531,37545,2346.56,576.10,1.703,21.17,0,0
tcp,65536,1,8,65536,1.530533,42819,2676.19,538.20,1.531,21.17,0,1
tcp,65536,2,8,65536,0.993376,65973,4123.31,871.20,1.922,21.17,0,0
tcp,65536,2,8,65536,1.076447,60882,3805.11,1015.30,2.000,21.17,0,1
